term,coef,abs_coef
thanks,-0.07065108260316014,0.07065108260316014
linus,0.05752703454529784,0.05752703454529784
execs,0.04863100938639686,0.04863100938639686
thx,-0.048152520438788746,0.048152520438788746
thank,-0.04747011130290566,0.04747011130290566
dm,-0.04675583166165316,0.04675583166165316
emad,0.0466984235899477,0.0466984235899477
giphy,0.04609272911618469,0.04609272911618469
badgers,-0.04598886297899424,0.04598886297899424
noob,-0.04513845969148449,0.04513845969148449
gradual,-0.043510482352298235,0.043510482352298235
butter,0.04235396524513738,0.04235396524513738
bell,0.04075056458721478,0.04075056458721478
hallucinated,0.040093492144490685,0.040093492144490685
refused,0.04002580017927916,0.04002580017927916
undetectable,-0.03967440594206591,0.03967440594206591
pjpg,0.039483601794261,0.039483601794261
reputable,0.039110310762611115,0.039110310762611115
hi,-0.03906760008492541,0.03906760008492541
tl,0.03886710662288777,0.03886710662288777
tweets,0.03873571168726652,0.03873571168726652
demonstration,0.03816259153850098,0.03816259153850098
hilarious,0.03808859919962799,0.03808859919962799
spamming,0.03762790664236481,0.03762790664236481
sidebar,-0.03731492809491148,0.03731492809491148
beats,0.03678684193610081,0.03678684193610081
reusable,0.03671219724884446,0.03671219724884446
plots,0.0363149719036558,0.0363149719036558
pixart,0.036264159587004546,0.036264159587004546
shocking,0.03616960629834332,0.03616960629834332
blows,0.03565529007240518,0.03565529007240518
encouraged,0.03558791236010969,0.03558791236010969
sydney,0.03523617362046097,0.03523617362046097
microservices,0.03503243539124075,0.03503243539124075
violating,-0.03491181288971278,0.03491181288971278
fell,0.03476619842673628,0.03476619842673628
internship,-0.034695897560090665,0.034695897560090665
iterative,0.03462702475509573,0.03462702475509573
margins,0.03455742940318214,0.03455742940318214
deserves,0.0345075408501631,0.0345075408501631
altruism,0.03440122517036536,0.03440122517036536
rip,0.03414670169376154,0.03414670169376154
tapestry,0.03414538480849766,0.03414538480849766
monday,0.0341324555162315,0.0341324555162315
til,0.0338427387758585,0.0338427387758585
incident,0.03376254985849522,0.03376254985849522
insane,0.033620813032973054,0.033620813032973054
sd3,0.03361082010741881,0.03361082010741881
replying,-0.033561380196099555,0.033561380196099555
projecting,-0.03332769189925257,0.03332769189925257
football,-0.033315662121322705,0.033315662121322705
misses,0.03328540223994245,0.03328540223994245
holy,0.03302787153331587,0.03302787153331587
immense,0.033002671403223494,0.033002671403223494
coworker,0.032974540015968216,0.032974540015968216
refusals,0.03295300359841412,0.03295300359841412
removed,-0.03292214808816526,0.03292214808816526
beside,-0.03289919654810951,0.03289919654810951
deepmind,0.03279329978432355,0.03279329978432355
advertisement,0.03261088833630063,0.03261088833630063
censor,0.032317650771428286,0.032317650771428286
contact,-0.03201164037046701,0.03201164037046701
50k,0.03198200703193411,0.03198200703193411
mmlu,0.031962988909262906,0.031962988909262906
quora,0.03187766372957495,0.03187766372957495
generalization,0.03184191851993904,0.03184191851993904
naming,0.03182023498109317,0.03182023498109317
addressed,-0.031784025672415776,0.031784025672415776
performed,-0.031646029624183766,0.031646029624183766
lmstudio,-0.03162676970038873,0.03162676970038873
cscareerquestions,-0.0315830639117332,0.0315830639117332
saudi,0.0315038487653779,0.0315038487653779
reinstall,-0.031483258171214876,0.031483258171214876
laughed,0.031344467434941216,0.031344467434941216
headlines,0.031337001832273795,0.031337001832273795
influenced,-0.03127154511192177,0.03127154511192177
wishes,-0.03126391652872095,0.03126391652872095
euler,-0.03123180512248496,0.03123180512248496
justification,0.03121776046518426,0.03121776046518426
interrupt,0.031177834778171196,0.031177834778171196
article,0.030879557667313717,0.030879557667313717
havent,-0.03085195412007698,0.03085195412007698
sai,0.03082529936388444,0.03082529936388444
delusion,-0.030781103268343407,0.030781103268343407
genie,-0.030760857619485712,0.030760857619485712
gpt2,0.030689395964409012,0.030689395964409012
secondly,-0.03061440893740545,0.03061440893740545
competitor,0.030494685521185113,0.030494685521185113
professions,0.03042983036407606,0.03042983036407606
juniors,0.030422524651468306,0.030422524651468306
inclusive,0.030407901853501198,0.030407901853501198
reproducing,0.030375392709146708,0.030375392709146708
freezing,-0.0303512026580263,0.0303512026580263
lesson,0.030279808362403203,0.030279808362403203
shitting,0.0302314888506749,0.0302314888506749
mountains,-0.030106204948728815,0.030106204948728815
explicitly,0.030039188639682787,0.030039188639682787
tweet,0.030010401499284432,0.030010401499284432
seamlessly,0.029979510433428523,0.029979510433428523
formulas,-0.029915752928501762,0.029915752928501762
unpopular,0.029862716859418475,0.029862716859418475
riddle,0.029796220979367367,0.029796220979367367
clickbait,0.029792638235608057,0.029792638235608057
begun,0.029755227452217748,0.029755227452217748
outperforms,0.02962911480718267,0.02962911480718267
vulnerability,0.02949708579996824,0.02949708579996824
agree,-0.02948700475552732,0.02948700475552732
multiplication,0.029474872787234766,0.029474872787234766
autocomplete,0.02940643869553213,0.02940643869553213
ghost,-0.02920911803555202,0.02920911803555202
measurable,-0.029192639214711456,0.029192639214711456
downloaded,-0.02903970150757757,0.02903970150757757
forums,0.028984002446625648,0.028984002446625648
axis,0.02894976362944104,0.02894976362944104
anatomy,0.028867549059191443,0.028867549059191443
sends,0.02877041156451108,0.02877041156451108
emerge,-0.028711373904793676,0.028711373904793676
intro,0.028605285409451665,0.028605285409451665
refusal,0.02857627388427894,0.02857627388427894
dictatorship,-0.028409415403836086,0.028409415403836086
insanely,0.02836953247480214,0.02836953247480214
vpn,-0.02836740771689851,0.02836740771689851
adjusting,-0.028367215039112274,0.028367215039112274
journalism,0.02835589943915808,0.02835589943915808
exploited,-0.028334021432641927,0.028334021432641927
configure,-0.02830725922583358,0.02830725922583358
salaries,0.028271977531609458,0.028271977531609458
clips,0.02819563563549564,0.02819563563549564
whenever,0.028187784147693636,0.028187784147693636
release,0.028149528525602076,0.028149528525602076
trips,-0.028006104120456773,0.028006104120456773
nudity,0.02792694775780592,0.02792694775780592
paywall,0.02790512927104946,0.02790512927104946
partnership,0.027816595543001914,0.027816595543001914
terrifying,0.027811468149794606,0.027811468149794606
arguing,-0.027798035570893675,0.027798035570893675
survived,0.027698315874471826,0.027698315874471826
continually,0.027642979044324226,0.027642979044324226
webp,0.02763666257450751,0.02763666257450751
backlash,0.027548023398606,0.027548023398606
denying,-0.027442458557730663,0.027442458557730663
positively,0.027361786818088058,0.027361786818088058
extraction,-0.02734751371732996,0.02734751371732996
romantic,0.027246418400662765,0.027246418400662765
tagging,0.027158375642946313,0.027158375642946313
kicking,0.02709126419715932,0.02709126419715932
tagged,0.02704639132749937,0.02704639132749937
aswell,-0.026972432801200295,0.026972432801200295
inclined,-0.02693660141229992,0.02693660141229992
width,0.026929065677847776,0.026929065677847776
tired,0.026918500068874918,0.026918500068874918
insults,-0.026797273255031333,0.026797273255031333
try,-0.026694611079587226,0.026694611079587226
pleasant,0.02665217443034953,0.02665217443034953
unironically,0.026589790258519257,0.026589790258519257
utilization,-0.026585400533575977,0.026585400533575977
gaslighting,0.026502493133757972,0.026502493133757972
elegant,0.026466259028928612,0.026466259028928612
develops,-0.026463466519359616,0.026463466519359616
yes,-0.026222722189208188,0.026222722189208188
sincerely,-0.026215716912158907,0.026215716912158907
expects,0.02613879631613793,0.02613879631613793
fascism,-0.02612407750709971,0.02612407750709971
u,-0.026115431845091328,0.026115431845091328
sourcing,0.026012772327554255,0.026012772327554255
6th,-0.025910875179978646,0.025910875179978646
calculating,-0.025893138215870623,0.025893138215870623
modalities,0.025892728520674,0.025892728520674
fooled,-0.025863999905777615,0.025863999905777615
action,-0.02585391160573651,0.02585391160573651
irony,0.02585087635462944,0.02585087635462944
ok,-0.0258402953326808,0.0258402953326808
referring,-0.02583605376866079,0.02583605376866079
crazy,0.02578647462877372,0.02578647462877372
unix,0.025752703861594638,0.025752703861594638
incorrectly,0.025720246269770444,0.025720246269770444
im,-0.02568459163822441,0.02568459163822441
searched,-0.025611584327273996,0.025611584327273996
surprised,0.02559683170616594,0.02559683170616594
goddamn,0.025595846610497713,0.025595846610497713
4080,-0.025590127310889617,0.025590127310889617
trailer,0.025558443260994542,0.025558443260994542
hurts,0.025551226015938133,0.025551226015938133
unbelievable,0.025526106296591963,0.025526106296591963
happier,0.025522317071723324,0.025522317071723324
moderators,-0.025520422945235828,0.025520422945235828
basically,0.02551756488083643,0.02551756488083643
phds,0.025452557553461645,0.025452557553461645
presumably,0.025374809742726562,0.025374809742726562
christ,0.02532933032412321,0.02532933032412321
subscriptions,0.025177851671296218,0.025177851671296218
garage,-0.025150779938766844,0.025150779938766844
headline,0.02511779497734599,0.02511779497734599
fulfill,0.02511276301038103,0.02511276301038103
automatically,-0.025109124730438567,0.025109124730438567
vc,0.02509229856326632,0.02509229856326632
youre,-0.02501330707545738,0.02501330707545738
arena,0.02492713525924503,0.02492713525924503
founded,0.02491934890466088,0.02491934890466088
currency,-0.024893287438028218,0.024893287438028218
author,0.02480519095627436,0.02480519095627436
documentary,0.024751671017269987,0.024751671017269987
check,-0.024682136435725543,0.024682136435725543
touched,0.024630460208261224,0.024630460208261224
elo,0.0245717200786683,0.0245717200786683
hey,-0.024544925118382348,0.024544925118382348
proposing,-0.024390270193973423,0.024390270193973423
btw,-0.024388376998833172,0.024388376998833172
alright,-0.02438731602404206,0.02438731602404206
attacking,-0.024377887241390575,0.024377887241390575
midnight,0.024373988298646423,0.024373988298646423
yann,0.024364990773808232,0.024364990773808232
yall,-0.024362357040606745,0.024362357040606745
agrees,0.02436192886318032,0.02436192886318032
hes,-0.02433971115642149,0.02433971115642149
transitioning,-0.024327612156302802,0.024327612156302802
borrow,-0.024295242717503107,0.024295242717503107
ancestors,-0.02427011590821613,0.02427011590821613
meal,-0.024262082586164718,0.024262082586164718
metals,-0.024250519953897376,0.024250519953897376
interviewing,0.024171984062201595,0.024171984062201595
horribly,0.024153578891414475,0.024153578891414475
twitch,-0.024109438579453125,0.024109438579453125
arrays,0.024103577830544173,0.024103577830544173
cookie,0.02409413712057363,0.02409413712057363
regulating,-0.024089717644566005,0.024089717644566005
appreciate,-0.023998516618506837,0.023998516618506837
upvoted,0.023981943803388292,0.023981943803388292
ol,0.023978073987349593,0.023978073987349593
gemma,0.023949959904967535,0.023949959904967535
cents,0.023940130251556398,0.023940130251556398
triggered,-0.023854680634803904,0.023854680634803904
releasing,0.023843852336774485,0.023843852336774485
suppose,-0.023821278023126013,0.023821278023126013
beginners,0.023816265838554073,0.023816265838554073
8x22b,0.023778612406828534,0.023778612406828534
ignorance,-0.023776467763950575,0.023776467763950575
annoyed,0.02374261552150528,0.02374261552150528
conducted,-0.023740991833307978,0.023740991833307978
accountable,-0.02371569608911883,0.02371569608911883
submission,-0.023687625690688614,0.023687625690688614
journalists,0.023682764260493146,0.023682764260493146
stumbled,-0.023649775242543792,0.023649775242543792
misleading,0.02363353840843316,0.02363353840843316
sexy,0.02362513268570783,0.02362513268570783
runpod,-0.02361199520370428,0.02361199520370428
computerscience,-0.023527324948877392,0.023527324948877392
meals,-0.023516439884836142,0.023516439884836142
whining,-0.023468884162595547,0.023468884162595547
momentum,0.02346695144201817,0.02346695144201817
facilitate,-0.02346372655974599,0.02346372655974599
gotcha,-0.023463377419101993,0.023463377419101993
regression,0.023452897344795602,0.023452897344795602
pole,-0.02341483375294709,0.02341483375294709
futuristic,-0.023390432047161205,0.023390432047161205
ironically,0.02336126985010511,0.02336126985010511
compose,-0.023357067496718616,0.023357067496718616
undergrad,-0.023318389389675398,0.023318389389675398
admitting,0.02329107766456982,0.02329107766456982
announce,0.023242314590826204,0.023242314590826204
haha,-0.023233425546920348,0.023233425546920348
pump,0.023199466019120523,0.023199466019120523
16gb,-0.02316695728150189,0.02316695728150189
ill,-0.02312290268938944,0.02312290268938944
auto1111,-0.02309702695433843,0.02309702695433843
employers,0.023095364490456564,0.023095364490456564
lmsys,0.023048140610785074,0.023048140610785074
trapped,0.023046207108188534,0.023046207108188534
slope,-0.023043155399993163,0.023043155399993163
acquired,0.023032553750762443,0.023032553750762443
logically,-0.023012044324968256,0.023012044324968256
idk,-0.023001097030991933,0.023001097030991933
androids,-0.022968403357225983,0.022968403357225983
column,0.02293310465245155,0.02293310465245155
glance,0.02291523158643729,0.02291523158643729
talking,-0.022887193925353783,0.022887193925353783
atlas,0.022885212979927287,0.022885212979927287
shower,-0.022826191386160214,0.022826191386160214
p40,-0.02277242744364198,0.02277242744364198
elaborate,-0.022727366277033992,0.022727366277033992
subreddit,-0.022720488588595933,0.022720488588595933
managers,0.022697539418790026,0.022697539418790026
comparisons,0.022677167787845464,0.022677167787845464
slowly,0.022675990373231814,0.022675990373231814
drama,0.022660238387139025,0.022660238387139025
translator,-0.022633398029420677,0.022633398029420677
ur,-0.02262731044182437,0.02262731044182437
critique,0.02261217116483633,0.02261217116483633
ensuring,-0.022591998630860307,0.022591998630860307
recession,-0.022575946195790106,0.022575946195790106
2008,0.02254869950131538,0.02254869950131538
temporarily,-0.022505033076290887,0.022505033076290887
cry,-0.022500721905555215,0.022500721905555215
falling,0.022499260771877444,0.022499260771877444
intense,-0.022444158271768874,0.022444158271768874
95,0.022438807440984258,0.022438807440984258
datascience,-0.02240878653755187,0.02240878653755187
hm,-0.022406701806921385,0.022406701806921385
swear,0.02240357750005884,0.02240357750005884
qwen,0.022397922335440627,0.022397922335440627
legitimately,0.022377101459306662,0.022377101459306662
sir,0.022357732351242162,0.022357732351242162
billing,0.022355723102975993,0.022355723102975993
satya,0.02234869552517103,0.02234869552517103
millennial,0.022348600842439746,0.022348600842439746
inflection,0.022348573913116208,0.022348573913116208
sorting,0.022339188636593378,0.022339188636593378
smoke,-0.022317123306481786,0.022317123306481786
shady,0.022312084997527275,0.022312084997527275
dozens,0.02226230130772469,0.02226230130772469
fission,-0.02225214199433204,0.02225214199433204
jumping,0.022251968876053498,0.022251968876053498
pornography,0.022229866868738332,0.022229866868738332
acid,0.022222302980132842,0.022222302980132842
incoming,0.02220126880441371,0.02220126880441371
blown,0.022194423507947463,0.022194423507947463
squeeze,0.022164539979855395,0.022164539979855395
contributed,0.022141188485668626,0.022141188485668626
emojis,0.02206950363699829,0.02206950363699829
apache,0.022063848919627288,0.022063848919627288
understandable,0.022045687930720273,0.022045687930720273
nano,0.02198210773737079,0.02198210773737079
procedures,-0.02196247296520002,0.02196247296520002
edges,0.02194772245534005,0.02194772245534005
studying,-0.02193471899348826,0.02193471899348826
sourced,0.021932659923679026,0.021932659923679026
relates,-0.02191506266343007,0.02191506266343007
wolfram,-0.02185316331564897,0.02185316331564897
blocked,-0.021847874008317374,0.021847874008317374
lips,-0.02184780241828952,0.02184780241828952
hmm,-0.02183789088406964,0.02183789088406964
censored,0.02183407872152386,0.02183407872152386
significance,0.02182853679820282,0.02182853679820282
2029,0.02180565736711976,0.02180565736711976
suggest,-0.02178503090132604,0.02178503090132604
decides,0.021714068154950934,0.021714068154950934
npcs,0.021712597309765012,0.021712597309765012
neighborhood,0.021700034105934903,0.021700034105934903
photograph,0.021696850005061174,0.021696850005061174
phind,-0.02166687497552146,0.02166687497552146
someday,-0.021649945765146002,0.021649945765146002
apologize,0.021630970394055257,0.021630970394055257
reviewers,0.021628487299102817,0.021628487299102817
theft,-0.021544421067481,0.021544421067481
practicing,0.02152995933386814,0.02152995933386814
publications,0.021514226534303245,0.021514226534303245
tunes,0.021512311947046017,0.021512311947046017
evolve,-0.021511508189756313,0.021511508189756313
extremely,0.02147888880539374,0.02147888880539374
unions,-0.02147214715938699,0.02147214715938699
boards,0.02145692808055932,0.02145692808055932
breathing,0.021433475406078855,0.021433475406078855
2011,0.02139828951997694,0.02139828951997694
detectors,0.021394522746774818,0.021394522746774818
promising,0.021391427952660417,0.021391427952660417
confirmation,0.021339772920184116,0.021339772920184116
compatibility,0.021338915876731774,0.021338915876731774
backward,0.021338400302930587,0.021338400302930587
closely,0.021335704586714653,0.021335704586714653
redd,0.021316884666582405,0.021316884666582405
supercomputer,0.021312638097650532,0.021312638097650532
publish,0.021258321221594614,0.021258321221594614
guard,0.02124622719385577,0.02124622719385577
2030,0.02122767213695457,0.02122767213695457
4chan,0.02122187774301558,0.02122187774301558
mona,0.021206206090577988,0.021206206090577988
forming,-0.02120347407867067,0.02120347407867067
hatred,-0.02117297181965906,0.02117297181965906
extensive,0.021155314581147874,0.021155314581147874
aws,0.02112053798669003,0.02112053798669003
a1111,-0.02110298649916368,0.02110298649916368
learnmachinelearning,-0.021091786635364748,0.021091786635364748
lawsuit,0.021085876948889085,0.021085876948889085
substack,-0.02108272599133151,0.02108272599133151
catastrophic,0.021082408553397027,0.021082408553397027
nearby,-0.021068946792883455,0.021068946792883455
auto,0.021051239948636422,0.021051239948636422
benchmark,0.021047532423692308,0.021047532423692308
lobby,0.021046505546698846,0.021046505546698846
electron,0.02104322173744793,0.02104322173744793
canvas,-0.02104295977598543,0.02104295977598543
6gb,-0.021019118163206243,0.021019118163206243
andrew,0.0209778675124567,0.0209778675124567
increasingly,0.020975883211264406,0.020975883211264406
topic,-0.020925990231304304,0.020925990231304304
256,-0.020920231357350293,0.020920231357350293
innovative,-0.020906179426011123,0.020906179426011123
dystopian,0.020891614056791005,0.020891614056791005
deployed,0.020884857519812852,0.020884857519812852
patreon,0.020881738349453186,0.020881738349453186
prompted,0.020875474015758393,0.020875474015758393
customers,0.020858777845633752,0.020858777845633752
executing,0.020856240709129174,0.020856240709129174
feels,0.020839206865487264,0.020839206865487264
breakfast,-0.020819901145099087,0.020819901145099087
accidents,-0.020819054382946352,0.020819054382946352
discrimination,-0.0208009693208461,0.0208009693208461
incorporating,-0.020781822012743412,0.020781822012743412
wolves,-0.020736624799794667,0.020736624799794667
option,-0.020723433814216943,0.020723433814216943
uncle,0.020715879961166316,0.020715879961166316
interference,-0.020713565704401093,0.020713565704401093
1200,0.02070627178020688,0.02070627178020688
interstellar,0.02070141950805302,0.02070141950805302
calendar,0.020695329883005514,0.020695329883005514
loser,-0.020691323374473422,0.020691323374473422
comp,-0.0206872106306829,0.0206872106306829
defensive,-0.020655861532841213,0.020655861532841213
applicants,0.020651558308205895,0.020651558308205895
ventures,-0.020644781335551456,0.020644781335551456
occasional,0.02063063697764534,0.02063063697764534
doable,-0.020592080951584043,0.020592080951584043
pirate,0.020589994754592403,0.020589994754592403
timing,-0.020573529545833844,0.020573529545833844
yep,0.020562506176995878,0.020562506176995878
belief,-0.020544369966288792,0.020544369966288792
requested,0.020523625157788335,0.020523625157788335
endless,0.020506039031659304,0.020506039031659304
combo,-0.02050599076133353,0.02050599076133353
destruction,-0.020498374884488,0.020498374884488
quants,0.020478575949712915,0.020478575949712915
8gb,-0.0204647885589754,0.0204647885589754
agenda,-0.020460667449317953,0.020460667449317953
apologies,-0.020458489641342795,0.020458489641342795
phenomena,-0.02044866056043041,0.02044866056043041
4070,-0.02044690094399708,0.02044690094399708
upload,-0.020398909180761923,0.020398909180761923
implying,-0.020385148057642414,0.020385148057642414
influencers,-0.020363909004505285,0.020363909004505285
misuse,-0.020362648003092985,0.020362648003092985
june,0.020355440839409905,0.020355440839409905
buttons,0.02033555215266153,0.02033555215266153
ilya,0.020333981850321405,0.020333981850321405
terrified,0.020333919393193484,0.020333919393193484
experimenting,-0.020332844180147757,0.020332844180147757
debates,0.020331981884385123,0.020331981884385123
instructed,0.020329165035683713,0.020329165035683713
eager,0.020325112825765962,0.020325112825765962
weirdly,0.02030439245311855,0.02030439245311855
permitted,-0.02030254721280078,0.02030254721280078
buck,0.020298916731035885,0.020298916731035885
hook,-0.020290433660868787,0.020290433660868787
handy,-0.02028746765884982,0.02028746765884982
ahh,-0.02027372114810956,0.02027372114810956
q4,-0.0201935765856788,0.0201935765856788
optical,0.020186102389133757,0.020186102389133757
gladly,0.020175491150032844,0.020175491150032844
announcement,0.02016306196914912,0.02016306196914912
filtered,-0.020141518632925626,0.020141518632925626
phi,0.020141509144644916,0.020141509144644916
deaths,-0.02013831565665371,0.02013831565665371
expanded,0.02013276099558982,0.02013276099558982
enhanced,0.020131703042413983,0.020131703042413983
overpopulation,-0.020128851668382308,0.020128851668382308
citizen,0.020123383196112263,0.020123383196112263
preprocessor,-0.020113701076749996,0.020113701076749996
variation,-0.020105156790007624,0.020105156790007624
benchmarks,0.02010043801061945,0.02010043801061945
definitions,-0.020099361098604194,0.020099361098604194
substitute,0.020098370430350516,0.020098370430350516
happen,-0.020097006253206894,0.020097006253206894
violation,-0.02009321295479535,0.02009321295479535
crispr,0.020054574768198247,0.020054574768198247
okay,-0.020052294217528837,0.020052294217528837
catalyzex,-0.020044910173182995,0.020044910173182995
sora,0.02001167684793457,0.02001167684793457
grounded,0.020008607927995702,0.020008607927995702
weights,0.020007269467900282,0.020007269467900282
dear,0.020006500825534842,0.020006500825534842
rampant,0.020006418253425386,0.020006418253425386
nope,-0.019994652375624228,0.019994652375624228
pissed,0.019988500540866604,0.019988500540866604
smoking,0.019986540786893645,0.019986540786893645
refuse,0.01997853298362304,0.01997853298362304
targets,0.01997441556715442,0.01997441556715442
smh,-0.019963512198925983,0.019963512198925983
shitty,0.019926656276698353,0.019926656276698353
sucks,0.019924532107827887,0.019924532107827887
commented,-0.019923342832161975,0.019923342832161975
integrate,0.0199002322048353,0.0199002322048353
bases,-0.0198868181161203,0.0198868181161203
yup,0.01987164804362584,0.01987164804362584
share,-0.019868375446973698,0.019868375446973698
multiply,0.01986307174711142,0.01986307174711142
langchain,-0.01983731893021439,0.01983731893021439
changer,0.019831489555265546,0.019831489555265546
fsd,-0.01982606446955656,0.01982606446955656
512,-0.019825969199128848,0.019825969199128848
ive,-0.019824980083411905,0.019824980083411905
databases,0.019822287736916407,0.019822287736916407
pii,-0.01981717809226927,0.01981717809226927
penalty,-0.01979494649338692,0.01979494649338692
wouldnt,-0.019792675793636288,0.019792675793636288
sigh,0.01977085959827899,0.01977085959827899
misunderstood,-0.01972729517084088,0.01972729517084088
cheaply,-0.019702764733552928,0.019702764733552928
plastics,0.01969155959936128,0.01969155959936128
convoluted,0.01962964651730093,0.01962964651730093
unprecedented,0.019625719223953467,0.019625719223953467
batching,-0.019624250953268342,0.019624250953268342
breed,-0.0196242004634594,0.0196242004634594
paper,0.019622555958637773,0.019622555958637773
nsa,0.019613409441283557,0.019613409441283557
worded,0.01959977209957851,0.01959977209957851
meme,0.01959100134066719,0.01959100134066719
downvotes,-0.01958946193152699,0.01958946193152699
morally,0.019586546410992195,0.019586546410992195
entering,-0.019559059993812238,0.019559059993812238
decentralized,-0.01954935245605271,0.01954935245605271
depressing,0.019528324781163106,0.019528324781163106
slightest,0.019523772502321433,0.019523772502321433
uh,0.019512194620751735,0.019512194620751735
cuts,0.019509536109335066,0.019509536109335066
taxed,-0.01950563744332831,0.01950563744332831
poe,-0.0195051166179472,0.0195051166179472
peer,0.01949402711816137,0.01949402711816137
maybe,-0.019472828841355504,0.019472828841355504
consequence,0.019468774721500434,0.019468774721500434
compromise,-0.019467431189164556,0.019467431189164556
participate,-0.01945867232794657,0.01945867232794657
scalability,0.019449587684014377,0.019449587684014377
58,0.019447058349909296,0.019447058349909296
vary,-0.019446265480299135,0.019446265480299135
mine,-0.01942837758544478,0.01942837758544478
recommend,-0.019423503469364986,0.019423503469364986
disagree,-0.01941783323331423,0.01941783323331423
heaven,-0.019373910557092013,0.019373910557092013
bosses,0.01937116965926634,0.01937116965926634
dreambooth,-0.019347591834701663,0.019347591834701663
skeptical,0.019345151453634246,0.019345151453634246
philosophers,-0.019334413096448563,0.019334413096448563
finally,0.019325078537190093,0.019325078537190093
mlquestions,-0.019324405104899453,0.019324405104899453
belong,-0.019323384543503973,0.019323384543503973
legit,0.01930960304121861,0.01930960304121861
scaled,0.01928810369546693,0.01928810369546693
roleplay,0.01926938127978579,0.01926938127978579
spike,0.019267141093703404,0.019267141093703404
interactive,-0.019266775970150397,0.019266775970150397
gg,-0.019266558345932376,0.019266558345932376
queue,0.01926286995565747,0.01926286995565747
se,-0.019242981886023424,0.019242981886023424
inevitably,0.019213949756950652,0.019213949756950652
salad,0.019212232309399047,0.019212232309399047
seeking,-0.01920444711543908,0.01920444711543908
2007,0.01920232690475185,0.01920232690475185
rust,0.01919083865076581,0.01919083865076581
cared,0.019180600873160557,0.019180600873160557
obesity,0.019167339637344186,0.019167339637344186
unfair,0.019150945896135668,0.019150945896135668
compares,0.019144034577867602,0.019144034577867602
honey,-0.019135749497200382,0.019135749497200382
genetically,-0.019094306172270693,0.019094306172270693
wont,-0.01907310780014717,0.01907310780014717
depends,-0.019067021015393256,0.019067021015393256
offline,-0.019065455656486964,0.019065455656486964
sticky,-0.0190429055557126,0.0190429055557126
secretly,0.019031375943796836,0.019031375943796836
retain,-0.019027431067576938,0.019027431067576938
remarkable,0.01900551376861945,0.01900551376861945
jews,-0.018976255115645407,0.018976255115645407
dang,0.018967113411342697,0.018967113411342697
hurting,0.01895735018310979,0.01895735018310979
admittedly,-0.01895100455885494,0.01895100455885494
mamba,0.018942643753060574,0.018942643753060574
curious,-0.018933595253129244,0.018933595253129244
ooba,-0.018917614217070073,0.018917614217070073
iirc,0.018908135043709678,0.018908135043709678
install,-0.018896686779178173,0.018896686779178173
tips,-0.018890958929829726,0.018890958929829726
figured,-0.018889902123934474,0.018889902123934474
hopes,0.01888900743766636,0.01888900743766636
know,-0.018875834876561144,0.018875834876561144
graduate,-0.01885437584567232,0.01885437584567232
certainty,-0.018821385687597173,0.018821385687597173
convention,-0.018812565812988076,0.018812565812988076
typo,0.018811527847432858,0.018811527847432858
officially,0.018793193134892704,0.018793193134892704
indistinguishable,0.018774995407146222,0.018774995407146222
suggestion,-0.01876533872189523,0.01876533872189523
cancelled,0.018758396055610277,0.018758396055610277
gained,0.018757600878657046,0.018757600878657046
haven,-0.018752238899110787,0.018752238899110787
destructive,-0.018748245079521844,0.018748245079521844
hacker,0.01874514281672678,0.01874514281672678
creepy,-0.01871964151188651,0.01871964151188651
desk,0.018713080897112832,0.018713080897112832
deepseek,0.018698604932100692,0.018698604932100692
loras,-0.01869621504259764,0.01869621504259764
generational,-0.018669737706366946,0.018669737706366946
flood,0.018668851129995504,0.018668851129995504
acquire,-0.01866738989635174,0.01866738989635174
logging,0.01861643620977552,0.01861643620977552
bets,-0.018613752716840327,0.018613752716840327
referencing,-0.01860963365620506,0.01860963365620506
sole,0.01859988496483314,0.01859988496483314
proprietary,0.01859952211856584,0.01859952211856584
tab,-0.018598067115785204,0.018598067115785204
imagined,-0.018587090186987426,0.018587090186987426
seriously,0.018585451417043545,0.018585451417043545
introducing,0.018583153895746416,0.018583153895746416
colleagues,0.018558017424895365,0.018558017424895365
weekly,-0.018547939018803587,0.018547939018803587
settings,-0.018539281752762274,0.018539281752762274
influencer,0.018525838729135394,0.018525838729135394
atomic,-0.018522579766308726,0.018522579766308726
indeed,-0.018509931806177427,0.018509931806177427
malware,0.01850511183036705,0.01850511183036705
debugging,0.01848393973870923,0.01848393973870923
screenshot,-0.01846866967706059,0.01846866967706059
hitler,0.018420066500349826,0.018420066500349826
grok,0.018414643336488783,0.018414643336488783
neuralink,0.018413952729480074,0.018413952729480074
everytime,-0.01840950452643355,0.01840950452643355
xformers,-0.018380178150129812,0.018380178150129812
pipelines,0.018331854924485635,0.018331854924485635
harvard,-0.01832522175534086,0.01832522175534086
submitting,-0.018317819151589053,0.018317819151589053
lacking,-0.018315041352980715,0.018315041352980715
embedding,-0.018314280362764723,0.018314280362764723
shrink,0.01830048370323205,0.01830048370323205
amusing,0.018292517525643516,0.018292517525643516
3060,-0.01828480303869626,0.01828480303869626
important,0.018265021062017033,0.018265021062017033
hates,0.01825688827487073,0.01825688827487073
enforced,0.01824489630847528,0.01824489630847528
pilots,0.018242576317454663,0.018242576317454663
ruining,0.018233224360426768,0.018233224360426768
optimizer,-0.018232432510224085,0.018232432510224085
observe,-0.018211113227961314,0.018211113227961314
deeply,0.018191748865313374,0.018191748865313374
pointing,-0.01817481931386492,0.01817481931386492
1st,-0.0181741897579251,0.0181741897579251
roads,-0.01817374130453506,0.01817374130453506
help,-0.018151073174124763,0.018151073174124763
animated,0.018150258678679174,0.018150258678679174
decode,0.01814994452199763,0.01814994452199763
chase,-0.01812963523143169,0.01812963523143169
launching,-0.018082757809434007,0.018082757809434007
mit,0.018082241223370252,0.018082241223370252
maintained,0.018077134005597646,0.018077134005597646
argued,-0.018061660948881952,0.018061660948881952
greedy,-0.018061220581907157,0.018061220581907157
accidentally,0.018060610280923223,0.018060610280923223
hurt,-0.01804479931270475,0.01804479931270475
gps,0.01803954794700122,0.01803954794700122
cliff,0.018033756850224757,0.018033756850224757
mines,-0.01802152191076973,0.01802152191076973
canny,-0.018020529787088894,0.018020529787088894
responds,0.01799365762989911,0.01799365762989911
leap,0.017982180821839198,0.017982180821839198
facts,-0.017980791247520778,0.017980791247520778
particles,0.017967096321678,0.017967096321678
exceed,0.01795481970127369,0.01795481970127369
delusional,-0.01795104483036506,0.01795104483036506
urban,-0.017936352151507556,0.017936352151507556
license,0.017933198738619767,0.017933198738619767
think,-0.017929792156027642,0.017929792156027642
bacteria,0.017920173665333727,0.017920173665333727
startups,0.017914988072459205,0.017914988072459205
degrade,0.017907054764715442,0.017907054764715442
alot,-0.01788263893768145,0.01788263893768145
analysts,0.017869312329591724,0.017869312329591724
tried,-0.017844803334799847,0.017844803334799847
achieved,0.017824950249893154,0.017824950249893154
importantly,0.017783990145937123,0.017783990145937123
datacenter,0.01777909310803655,0.01777909310803655
posters,-0.017770348029769616,0.017770348029769616
brazil,-0.017755410317167472,0.017755410317167472
leaked,0.017746808377506838,0.017746808377506838
nyc,-0.01773344125725262,0.01773344125725262
viruses,-0.01772984251061727,0.01772984251061727
ban,0.01772842593835744,0.01772842593835744
privileged,-0.01772730161196397,0.01772730161196397
cant,-0.01772138091731827,0.01772138091731827
extended,-0.017719742230255568,0.017719742230255568
honestly,0.017707569229215202,0.017707569229215202
mistral,0.01769777457023607,0.01769777457023607
reviewing,0.017695180738944695,0.017695180738944695
shallow,0.017683990422699383,0.017683990422699383
doubled,0.01767710682125446,0.01767710682125446
classic,0.01766942365203513,0.01766942365203513
shifted,0.01766067930768493,0.01766067930768493
websites,0.017652584240419295,0.017652584240419295
miracle,0.017649940160985544,0.017649940160985544
7925741,-0.017640904120027775,0.017640904120027775
buffer,0.017620095093196366,0.017620095093196366
blonde,0.01761683277367828,0.01761683277367828
verbatim,0.017612724563571654,0.017612724563571654
stated,-0.017610338489663566,0.017610338489663566
sota,0.017591446404440724,0.017591446404440724
1b,0.017588689287918905,0.017588689287918905
promised,0.017573222530355172,0.017573222530355172
footage,0.01757076614565765,0.01757076614565765
deadly,-0.017569010842163512,0.017569010842163512
finds,0.017546166863902472,0.017546166863902472
evaluating,-0.017536147335570487,0.017536147335570487
civit,0.017524888141297896,0.017524888141297896
bio,-0.017524413797088398,0.017524413797088398
alphafold,0.017507730661121962,0.017507730661121962
convinced,0.017472422114012173,0.017472422114012173
transfer,-0.017466385167234325,0.017466385167234325
128k,0.01746376621221707,0.01746376621221707
refer,-0.017456124254842373,0.017456124254842373
sucked,0.01744844934736813,0.01744844934736813
hacked,-0.017438915134873792,0.017438915134873792
resulted,0.017429060643754244,0.017429060643754244
discipline,0.01740142599088186,0.01740142599088186
achieves,0.01738784126258333,0.01738784126258333
lastly,0.017386621360882627,0.017386621360882627
genocide,-0.017385700744893016,0.017385700744893016
christian,-0.017380939528839286,0.017380939528839286
note,-0.01738021387028195,0.01738021387028195
evaluate,0.01737547044973109,0.01737547044973109
inventing,-0.017373151375545615,0.017373151375545615
publicly,0.017366822524889778,0.017366822524889778
cheers,-0.017364985643562512,0.017364985643562512
globe,-0.017352805124317337,0.017352805124317337
dry,0.01733687909827177,0.01733687909827177
drastic,-0.017334619400451376,0.017334619400451376
morning,0.0173322903555054,0.0173322903555054
commonly,0.01732212535991908,0.01732212535991908
modality,-0.017315172834117768,0.017315172834117768
blender,-0.017293835716458813,0.017293835716458813
bless,-0.017289462969498997,0.017289462969498997
solo,-0.017289091891997732,0.017289091891997732
48gb,0.017282178028688158,0.017282178028688158
smiling,-0.01725026414081583,0.01725026414081583
x1f916,-0.017234610837445694,0.017234610837445694
browsers,0.017225796494868228,0.017225796494868228
boomers,0.017220691356897355,0.017220691356897355
par,0.017220334197691062,0.017220334197691062
slots,-0.01720103021304755,0.01720103021304755
rat,0.017187273279141945,0.017187273279141945
realized,0.017184455549419442,0.017184455549419442
meant,-0.01717266920956676,0.01717266920956676
behalf,0.017171916956574027,0.017171916956574027
france,0.017169324315578827,0.017169324315578827
pointers,0.017160142783617226,0.017160142783617226
realistically,0.0171551583239223,0.0171551583239223
ambitious,-0.017142478218325877,0.017142478218325877
international,-0.017140772803980606,0.017140772803980606
roll,0.017130706077748338,0.017130706077748338
released,0.017125654012431914,0.017125654012431914
updating,-0.017124156248322413,0.017124156248322413
trends,-0.01712296376978248,0.01712296376978248
basilisk,0.017114943301767997,0.017114943301767997
extend,0.017104525154379237,0.017104525154379237
though,-0.017102192226221016,0.017102192226221016
interested,-0.017083989927726365,0.017083989927726365
counter,-0.01707388895462827,0.01707388895462827
pin,-0.017061278340242108,0.017061278340242108
syndrome,0.01704722325685869,0.01704722325685869
stability,0.01704721999174104,0.01704721999174104
lately,0.017043894089540785,0.017043894089540785
didnt,-0.017038065687315265,0.017038065687315265
careers,-0.017037827411292193,0.017037827411292193
chat,-0.017031128921690872,0.017031128921690872
firing,0.01702094539406634,0.01702094539406634
downside,0.017011472418726,0.017011472418726
saying,-0.017007554166270828,0.017007554166270828
upscaled,0.017006431216281506,0.017006431216281506
joining,-0.016981972548050513,0.016981972548050513
worries,-0.01698151716845409,0.01698151716845409
everyday,-0.01697240894176325,0.01697240894176325
bible,-0.016969871219168153,0.016969871219168153
20k,-0.016966242913684395,0.016966242913684395
objectively,-0.016955403334264884,0.016955403334264884
aging,0.01695329763664052,0.01695329763664052
analytics,-0.016948470037454803,0.016948470037454803
demonstrating,0.01694434135862357,0.01694434135862357
physically,-0.016934344761996938,0.016934344761996938
predictable,-0.016925551043950708,0.016925551043950708
boop,-0.016924391865730793,0.016924391865730793
drivers,-0.016897674387412267,0.016897674387412267
1024,0.016888303177333405,0.016888303177333405
sub,0.01688705092102999,0.01688705092102999
complexities,0.016877996246157812,0.016877996246157812
dirt,-0.016861132167567995,0.016861132167567995
straw,-0.016853705997918446,0.016853705997918446
demo,0.016849227967929283,0.016849227967929283
obtain,-0.016843413978516193,0.016843413978516193
phrasing,0.01684039085365353,0.01684039085365353
parties,-0.016837041843849637,0.016837041843849637
subjective,-0.01683156935974703,0.01683156935974703
nsfw,0.016815724249680083,0.016815724249680083
pushes,0.01680695015473348,0.01680695015473348
thumb,0.016804335437118595,0.016804335437118595
eval,-0.016781931765985494,0.016781931765985494
puns,-0.016781441656352373,0.016781441656352373
imitate,-0.01677917508134749,0.01677917508134749
albeit,-0.01677897381543366,0.01677897381543366
retrain,0.01677632653126662,0.01677632653126662
associate,-0.01677500278408779,0.01677500278408779
safety,0.01676298421780548,0.01676298421780548
manually,-0.01676297577484714,0.01676297577484714
buried,0.016738299840476076,0.016738299840476076
noting,0.016728226834057433,0.016728226834057433
accessing,0.016721680568765086,0.016721680568765086
legacy,0.016721465729548562,0.016721465729548562
insights,-0.016717872060344165,0.016717872060344165
scarlett,0.016716969929504593,0.016716969929504593
hc,-0.016710110689619476,0.016710110689619476
fooocus,-0.016685385217817452,0.016685385217817452
likeness,-0.01668448018650412,0.01668448018650412
pci,-0.0166596085004726,0.0166596085004726
suited,-0.016650543242525285,0.016650543242525285
dual,-0.01664720454361621,0.01664720454361621
civilization,-0.016611965419825323,0.016611965419825323
img,-0.01660510563168151,0.01660510563168151
reaches,0.016556003990122536,0.016556003990122536
creature,0.016553233700715462,0.016553233700715462
m,-0.016553131771264842,0.016553131771264842
spiritual,-0.016550459475124454,0.016550459475124454
doomers,0.01654541046194157,0.01654541046194157
achieving,-0.016544183671813147,0.016544183671813147
damn,0.01654257123278057,0.01654257123278057
traction,0.01654010025890791,0.01654010025890791
readable,0.01651960987961619,0.01651960987961619
staring,0.01651769289590405,0.01651769289590405
generators,-0.016516685684874258,0.016516685684874258
impressed,0.01651605792781381,0.01651605792781381
medieval,0.016476242506979957,0.016476242506979957
evolves,-0.016475189235150397,0.016475189235150397
attend,-0.016474553265698556,0.016474553265698556
league,-0.016472235972079887,0.016472235972079887
contributors,0.01646110154994122,0.01646110154994122
sorted,0.01644961845198833,0.01644961845198833
breath,-0.016445690025845602,0.016445690025845602
ppl,-0.01644024774213314,0.01644024774213314
ridiculous,0.01642354490708946,0.01642354490708946
shots,0.01642288236967456,0.01642288236967456
racism,-0.016417037802545876,0.016417037802545876
regarding,-0.016416922453659936,0.016416922453659936
apartments,0.01641297194779169,0.01641297194779169
twitter,0.016406472204307642,0.016406472204307642
avoided,-0.01640255978082166,0.01640255978082166
newly,-0.016395633526072706,0.016395633526072706
backgrounds,0.01638043293631282,0.01638043293631282
creations,-0.016376830961242834,0.016376830961242834
mutually,-0.016373472847140306,0.016373472847140306
emulate,-0.01635616097614378,0.01635616097614378
allocated,-0.01634541506412942,0.01634541506412942
lovely,0.016325339129364628,0.016325339129364628
ceos,0.016310532928407506,0.016310532928407506
disappointed,0.01630820740804762,0.01630820740804762
exciting,0.01630759766584136,0.01630759766584136
grandma,0.016306225372420415,0.016306225372420415
becoming,0.016301434279959465,0.016301434279959465
friday,0.016293973126273602,0.016293973126273602
tangible,-0.016290525737177725,0.016290525737177725
satellite,-0.016289380129096323,0.016289380129096323
insert,0.016286224740414024,0.016286224740414024
famine,-0.01627759855503968,0.01627759855503968
manufacturer,0.01627503317691027,0.01627503317691027
cleaner,0.01626113983262884,0.01626113983262884
nvlink,-0.01625608131032018,0.01625608131032018
offload,-0.016255862629462357,0.016255862629462357
pasting,-0.016218208673014062,0.016218208673014062
centuries,-0.016210654224632963,0.016210654224632963
moe,0.016186319791078832,0.016186319791078832
october,-0.016177110630662142,0.016177110630662142
whats,-0.01616840932709648,0.01616840932709648
tradeoff,0.016161916065308507,0.016161916065308507
convo,-0.016156554660404786,0.016156554660404786
2026,0.01615137745807145,0.01615137745807145
anxiety,0.016136951582558495,0.016136951582558495
mentioned,-0.016120161375024703,0.016120161375024703
conferences,0.016109838118465676,0.016109838118465676
unhinged,0.016105547386391753,0.016105547386391753
rchatgpt,-0.016104245868619818,0.016104245868619818
recycling,0.01610374994061276,0.01610374994061276
varying,-0.016098860675940144,0.016098860675940144
marriage,0.01608934223602328,0.01608934223602328
epochs,-0.016087445153228987,0.016087445153228987
standing,0.016073885619534222,0.016073885619534222
killer,0.016054461345483086,0.016054461345483086
although,-0.016045554144244523,0.016045554144244523
neo,0.01603704547596573,0.01603704547596573
ipadapter,0.016023164723099587,0.016023164723099587
duplicate,-0.01601935322909052,0.01601935322909052
sure,-0.016017392453843288,0.016017392453843288
49,0.016016316810581684,0.016016316810581684
laid,0.016006259937750397,0.016006259937750397
motherboard,-0.015999906474743555,0.015999906474743555
flowers,0.015991891153760256,0.015991891153760256
betting,0.01598484077323032,0.01598484077323032
mistaken,-0.01598256079393984,0.01598256079393984
branch,-0.01598220855705799,0.01598220855705799
dependencies,0.015980106001749442,0.015980106001749442
operate,-0.01597675544014711,0.01597675544014711
statement,-0.015971948614272573,0.015971948614272573
malicious,0.015970491821475717,0.015970491821475717
written,0.015967759655636,0.015967759655636
error,-0.01596580859033644,0.01596580859033644
hell,0.015960511926777447,0.015960511926777447
insider,0.015959759228199106,0.015959759228199106
optimism,0.01594191584582584,0.01594191584582584
transcript,-0.015935661305096167,0.015935661305096167
ebay,-0.01592752828174194,0.01592752828174194
xd,-0.01592582578948727,0.01592582578948727
groundbreaking,0.015917659526554717,0.015917659526554717
lev,0.01590079676074839,0.01590079676074839
trending,0.015892110968478975,0.015892110968478975
css,0.015891464633463772,0.015891464633463772
ibm,0.015890464308460993,0.015890464308460993
leg,0.015887192912350512,0.015887192912350512
20s,0.015874742511690985,0.015874742511690985
concerns,-0.015867879536787376,0.015867879536787376
ide,-0.015861257455577607,0.015861257455577607
meetings,0.015858230758435503,0.015858230758435503
editors,0.015856934846974594,0.015856934846974594
thread,-0.015845072673423975,0.015845072673423975
bombs,-0.01584329189719753,0.01584329189719753
explore,-0.01584164264049644,0.01584164264049644
socially,0.01583843151483347,0.01583843151483347
mcdonald,-0.015836079431259552,0.015836079431259552
underground,-0.015828392053788398,0.015828392053788398
immigrants,-0.01582701784689703,0.01582701784689703
reserve,-0.01582653829236965,0.01582653829236965
regulate,0.015818555177976663,0.015818555177976663
usual,0.01581368330156928,0.01581368330156928
arrogant,-0.015801671743677952,0.015801671743677952
surprisingly,0.0157680292329533,0.0157680292329533
appreciated,-0.015755257138483254,0.015755257138483254
microplastics,0.015750640125670075,0.015750640125670075
fda,0.015742238614013762,0.015742238614013762
ps,-0.01573362026416155,0.01573362026416155
impressive,0.01572681081413853,0.01572681081413853
sugar,-0.015714701401116353,0.015714701401116353
corrupted,0.015714560763829377,0.015714560763829377
validate,-0.01571224990071598,0.01571224990071598
sneak,-0.015710708557551644,0.015710708557551644
anticipate,0.01570811263188839,0.01570811263188839
permanent,0.015706584250897587,0.015706584250897587
20th,0.01570099442651088,0.01570099442651088
finishing,-0.01568769473450071,0.01568769473450071
devin,0.01567655745614562,0.01567655745614562
bother,-0.015659628441165356,0.015659628441165356
faq,-0.01564725336227828,0.01564725336227828
uis,-0.015646750845052012,0.015646750845052012
replies,-0.01564304941934054,0.01564304941934054
accelerate,0.01563573574257293,0.01563573574257293
un,-0.015625570792140688,0.015625570792140688
dependent,-0.015624127420477037,0.015624127420477037
fucks,0.015623945555203926,0.015623945555203926
courses,-0.01561138506078215,0.01561138506078215
improvement,0.015598919200862992,0.015598919200862992
roi,0.015595420041752978,0.015595420041752978
films,-0.015594767056848874,0.015594767056848874
nude,0.015590395287875373,0.015590395287875373
res,-0.01558842425623297,0.01558842425623297
analogy,-0.015586105729099442,0.015586105729099442
sqlite,0.015578335756853759,0.015578335756853759
vertical,-0.015573845636118593,0.015573845636118593
gather,0.015571567697245025,0.015571567697245025
eats,-0.015562830858605155,0.015562830858605155
eaten,0.015556240276631904,0.015556240276631904
corps,-0.01555037415354523,0.01555037415354523
latin,-0.0155458597964703,0.0155458597964703
versa,0.015540256598919073,0.015540256598919073
mate,-0.015538892625634772,0.015538892625634772
scoring,0.015538220205683009,0.015538220205683009
leaning,-0.0155372059326163,0.0155372059326163
fans,-0.015512991489767943,0.015512991489767943
diagram,0.015511475564700901,0.015511475564700901
boss,0.015502603616798599,0.015502603616798599
closer,0.015502381665193457,0.015502381665193457
dont,-0.015491614514887413,0.015491614514887413
embarrassing,-0.015479253203696919,0.015479253203696919
multimodality,0.015470460500758676,0.015470460500758676
automating,-0.015464261229079061,0.015464261229079061
excited,0.015462959420137508,0.015462959420137508
trainer,-0.015443527732086147,0.015443527732086147
chasing,0.015437956432433113,0.015437956432433113
pony,0.015434932649256923,0.015434932649256923
shocked,0.015420705372314441,0.015420705372314441
beating,0.015415607278480766,0.015415607278480766
fallacy,-0.015413511830483916,0.015413511830483916
readers,0.015413470373207193,0.015413470373207193
intricate,-0.015412100358330773,0.015412100358330773
offloading,-0.015400922806985096,0.015400922806985096
tactics,-0.01539911910769116,0.01539911910769116
slide,0.015381106250635292,0.015381106250635292
angle,-0.015380385718886317,0.015380385718886317
architectures,0.015360931727846755,0.015360931727846755
crashes,-0.015359485163487702,0.015359485163487702
downvoted,-0.015357159730331284,0.015357159730331284
dsc,-0.015347345342868728,0.015347345342868728
swapping,-0.015339874441876797,0.015339874441876797
implied,-0.015338740559571766,0.015338740559571766
interpreting,-0.01532962650605526,0.01532962650605526
optimizations,0.015322123778331467,0.015322123778331467
senior,0.015320111172617995,0.015320111172617995
differ,-0.015318399096739425,0.015318399096739425
cooperation,-0.015317284440996266,0.015317284440996266
expand,-0.01530357271207063,0.01530357271207063
strive,0.015300981118431234,0.015300981118431234
wild,0.015299895584440438,0.015299895584440438
triple,0.015299621186075417,0.015299621186075417
sizes,0.01529840911867356,0.01529840911867356
sec,-0.015278503546373487,0.015278503546373487
float,-0.01527161260816288,0.01527161260816288
uploading,-0.015265163410468867,0.015265163410468867
executive,-0.015264745393210407,0.015264745393210407
maker,-0.01525665676797366,0.01525665676797366
equals,-0.015252184498345369,0.015252184498345369
stands,-0.015248644826353507,0.015248644826353507
latency,0.01524552251764129,0.01524552251764129
animate,0.015245374105793947,0.015245374105793947
masters,-0.015232175270060462,0.015232175270060462
whatnot,0.015223977320178434,0.015223977320178434
competition,0.015220970739088709,0.015220970739088709
plagiarism,-0.015215360070432424,0.015215360070432424
8x,0.015198869336620817,0.015198869336620817
apis,0.015197237905904092,0.015197237905904092
advertise,-0.015193151751505164,0.015193151751505164
originality,-0.01518693467135711,0.01518693467135711
quiet,0.01518137737970674,0.01518137737970674
struggles,-0.015174008803878229,0.015174008803878229
boom,0.01517179701336135,0.01517179701336135
caching,0.015166512290296013,0.015166512290296013
cleaning,0.015159832131035125,0.015159832131035125
nuts,0.015146313342145501,0.015146313342145501
territory,0.015142301933043618,0.015142301933043618
mlops,-0.015141978015126645,0.015141978015126645
account,-0.015140862996719292,0.015140862996719292
statistically,0.015139117628346115,0.015139117628346115
purchased,-0.015122118138528649,0.015122118138528649
hmmm,-0.015119741182482258,0.015119741182482258
dates,0.015117327908325652,0.015117327908325652
ignorant,-0.015115064135330987,0.015115064135330987
consider,-0.015109706251378604,0.015109706251378604
skynet,0.015104641168125727,0.015104641168125727
genetics,-0.015102670938306606,0.015102670938306606
43,0.015101477398955915,0.015101477398955915
piece,0.015099113445233013,0.015099113445233013
provided,-0.015095309759811293,0.015095309759811293
contributions,0.015092728660262626,0.015092728660262626
proportions,-0.015091077343147663,0.015091077343147663
decreased,-0.015088996042320866,0.015088996042320866
installer,-0.015083070459051122,0.015083070459051122
balanced,-0.015078139963226768,0.015078139963226768
resist,0.015076276533267765,0.015076276533267765
moot,-0.015075680541142169,0.015075680541142169
3000,0.015074058785889004,0.015074058785889004
4bit,-0.015071242028337716,0.015071242028337716
votes,-0.015063066979918948,0.015063066979918948
conceptual,-0.015062417392106685,0.015062417392106685
assessment,-0.015040335061490625,0.015040335061490625
platforms,-0.015039606231363481,0.015039606231363481
fantasy,-0.015031873564977311,0.015031873564977311
openhermes,-0.015031698976506781,0.015031698976506781
policy,0.015031310658643746,0.015031310658643746
rolls,0.015024271944605346,0.015024271944605346
demonstrates,-0.015006910495328391,0.015006910495328391
switch,-0.01500522794596774,0.01500522794596774
deemed,0.014990734030722076,0.014990734030722076
leaderboard,0.014990172515523923,0.014990172515523923
monolith,0.01497284865204183,0.01497284865204183
strengths,-0.014972035254106765,0.014972035254106765
standard,0.014968455867617922,0.014968455867617922
finetunes,0.014966959064350121,0.014966959064350121
questions,-0.014966531706744382,0.014966531706744382
competent,0.014958803444355002,0.014958803444355002
progressive,-0.014953557205729546,0.014953557205729546
30b,0.014949375230107836,0.014949375230107836
extracting,0.014941968683044834,0.014941968683044834
fence,-0.01494144519047376,0.01494144519047376
sheer,0.014941189933677807,0.014941189933677807
personalities,-0.014938042476840309,0.014938042476840309
implementations,0.014926886071964698,0.014926886071964698
wifi,0.014917029590995714,0.014917029590995714
covering,-0.014915540748324345,0.014915540748324345
merges,0.014914334709065752,0.014914334709065752
agencies,-0.014913484702822223,0.014913484702822223
exllama,-0.014905866673407655,0.014905866673407655
sufficient,-0.014905608042303021,0.014905608042303021
decided,0.014902307911965345,0.014902307911965345
rebuttal,-0.014902173155872125,0.014902173155872125
invite,-0.014901474453269848,0.014901474453269848
debating,-0.01489722877386833,0.01489722877386833
continues,0.014895766896591384,0.014895766896591384
approximation,0.014894579196558433,0.014894579196558433
gravity,-0.01489266791596535,0.01489266791596535
representative,-0.014883620680062624,0.014883620680062624
manager,0.014880932801496582,0.014880932801496582
fuck,0.014878428052036263,0.014878428052036263
leadership,0.014875581119187471,0.014875581119187471
studied,-0.0148682146435987,0.0148682146435987
7b,0.014867177688261611,0.014867177688261611
44,-0.014866407003756323,0.014866407003756323
polite,0.014864599058767842,0.014864599058767842
executed,-0.014859271419221753,0.014859271419221753
leaders,0.014854573339907636,0.014854573339907636
insult,-0.014837499213139219,0.014837499213139219
bizarre,0.014836181879508787,0.014836181879508787
imo,0.014833138733534729,0.014833138733534729
comment,-0.014832073523579271,0.014832073523579271
samantha,0.014814064645042329,0.014814064645042329
hypothetical,-0.014811678747248999,0.014811678747248999
psu,-0.014811250764066818,0.014811250764066818
venv,-0.014807769061497411,0.014807769061497411
dreaming,0.01480357547190055,0.01480357547190055
ago,0.014801603468339228,0.014801603468339228
closing,0.014799373065760521,0.014799373065760521
plugins,-0.014796809427620409,0.014796809427620409
straightforward,-0.014793170238554703,0.014793170238554703
layoffs,0.014790671031287384,0.014790671031287384
allowed,-0.014777659237646498,0.014777659237646498
invested,0.014773800477829502,0.014773800477829502
comprehensive,-0.014771182702185399,0.014771182702185399
identified,0.014769809226374612,0.014769809226374612
pocket,0.014763896065640204,0.014763896065640204
funds,-0.014756256571859978,0.014756256571859978
believable,0.014754424965516258,0.014754424965516258
ambiguous,0.014749154265438205,0.014749154265438205
use,-0.014744349853212277,0.014744349853212277
photoshop,0.014739501889640965,0.014739501889640965
90s,0.014737957666205621,0.014737957666205621
corresponding,0.014706567374073741,0.014706567374073741
dare,0.014701426559646744,0.014701426559646744
fruits,-0.014690672702972188,0.014690672702972188
marvel,-0.01469043145207606,0.01469043145207606
boys,0.014685919817129954,0.014685919817129954
joking,0.0146845278159961,0.0146845278159961
religion,-0.014675917490210333,0.014675917490210333
funny,0.014664069652768705,0.014664069652768705
illness,-0.014653972024424297,0.014653972024424297
lightweight,0.014648268122286635,0.014648268122286635
unusable,-0.014640821491473511,0.014640821491473511
slice,-0.014639377095980963,0.014639377095980963
plane,0.014638182750866655,0.014638182750866655
downstream,0.014624396457686048,0.014624396457686048
atom,0.014623152776534457,0.014623152776534457
classified,0.014602300757396831,0.014602300757396831
beginner,-0.014601216343623952,0.014601216343623952
terminology,-0.014589989161033271,0.014589989161033271
correction,-0.014584512278903141,0.014584512278903141
credibility,0.01458418461524279,0.01458418461524279
um,-0.014583365965083068,0.014583365965083068
1290,0.01456697910559585,0.01456697910559585
archive,0.014565108298447607,0.014565108298447607
demographic,0.014550793815596062,0.014550793815596062
remembered,0.014547303539459435,0.014547303539459435
studies,-0.01454638709924653,0.01454638709924653
nevertheless,-0.01454602461739626,0.01454602461739626
bottles,0.014541970871924973,0.014541970871924973
satisfying,-0.014541303182172359,0.014541303182172359
checked,-0.0145406240798449,0.0145406240798449
automatic1111,-0.014540124904141107,0.014540124904141107
impression,0.014538544400215892,0.014538544400215892
lunch,0.014525996419906482,0.014525996419906482
outright,0.014525884556294154,0.014525884556294154
convert,-0.014498290155966032,0.014498290155966032
kurzweil,0.014496217754917284,0.014496217754917284
playlist,0.014492671127582362,0.014492671127582362
objectives,-0.014489668333820574,0.014489668333820574
wondered,-0.01447981902025905,0.01447981902025905
panic,0.014476465491257614,0.014476465491257614
imaging,-0.014471837255157195,0.014471837255157195
algebra,-0.014466282065797293,0.014466282065797293
scary,0.014465314374483253,0.014465314374483253
semantic,-0.014462771091404251,0.014462771091404251
surprising,0.01446047340903026,0.01446047340903026
pill,-0.01445646746680662,0.01445646746680662
scream,0.014453064217082196,0.014453064217082196
freeze,-0.014452829883218471,0.014452829883218471
encrypted,0.01445270276621439,0.01445270276621439
severely,0.014441962740908384,0.014441962740908384
balls,0.014437309881145183,0.014437309881145183
consistency,0.014431945108553055,0.014431945108553055
repos,0.014430542073638768,0.014430542073638768
server,-0.014414162559465302,0.014414162559465302
brick,-0.014400474408379002,0.014400474408379002
tall,-0.014396436411237177,0.014396436411237177
macro,-0.014391387181715353,0.014391387181715353
throws,0.014373195400377575,0.014373195400377575
ford,0.01436608075943237,0.01436608075943237
centric,0.014355573682284196,0.014355573682284196
opinion,-0.014355199969414681,0.014355199969414681
devil,0.014347552630176966,0.014347552630176966
novelty,0.014333485009396017,0.014333485009396017
failing,-0.014332970829365648,0.014332970829365648
credits,-0.014310105797170534,0.014310105797170534
degradation,0.014303815880151212,0.014303815880151212
ts,-0.014299686255833999,0.014299686255833999
costly,-0.014296412637348562,0.014296412637348562
cursor,-0.014295992560159159,0.014295992560159159
dice,-0.014294816352440783,0.014294816352440783
android,-0.014277270752134062,0.014277270752134062
metaverse,0.014276116465867862,0.014276116465867862
mean,-0.014273366053176278,0.014273366053176278
contractors,0.014267909145560155,0.014267909145560155
transistors,-0.014265045149117375,0.014265045149117375
lame,-0.014262727991328987,0.014262727991328987
requiring,0.014253169365953632,0.014253169365953632
following,-0.014250807469908642,0.014250807469908642
ecosystems,-0.014245291818772843,0.014245291818772843
shops,-0.014238853718592332,0.014238853718592332
stars,-0.014236875132500238,0.014236875132500238
proves,-0.014235618687451077,0.014235618687451077
blog,0.014232717298298458,0.014232717298298458
six,0.014232704213414072,0.014232704213414072
nukes,-0.014230793499079462,0.014230793499079462
greatest,0.014223768066559324,0.014223768066559324
idiots,-0.014222472102893432,0.014222472102893432
banking,-0.014209173709044119,0.014209173709044119
65,0.014202076798146867,0.014202076798146867
regret,0.014196773138112191,0.014196773138112191
loses,-0.014191586238773745,0.014191586238773745
summarize,0.014183773969423741,0.014183773969423741
contain,0.014173786207789474,0.014173786207789474
facebook,0.014169054401031512,0.014169054401031512
humble,-0.014166280960108973,0.014166280960108973
techniques,0.01416552115009255,0.01416552115009255
doesnt,-0.014149931066048794,0.014149931066048794
supervision,0.014148012770546066,0.014148012770546066
tomorrow,0.0141443967958536,0.0141443967958536
abandoned,0.014143825414220964,0.014143825414220964
experiences,-0.014142687587599102,0.014142687587599102
37,0.014134776443094334,0.014134776443094334
progressively,-0.014134553544329935,0.014134553544329935
strawman,-0.014130714120026169,0.014130714120026169
vice,-0.014127082289886746,0.014127082289886746
disinformation,0.01412704883532981,0.01412704883532981
oss,0.0141224080649288,0.0141224080649288
crashing,-0.014116141404700893,0.014116141404700893
builds,0.014115304472077251,0.014115304472077251
encourages,-0.014115095481535864,0.014115095481535864
decoder,0.014112544145605602,0.014112544145605602
organisms,0.01411225563040868,0.01411225563040868
disposable,0.014110223333493453,0.014110223333493453
childhood,0.014109269554609363,0.014109269554609363
planet,-0.014082552976244757,0.014082552976244757
storm,0.014073762316102984,0.014073762316102984
faang,0.014072974109510951,0.014072974109510951
responded,-0.01404021230323901,0.01404021230323901
reply,-0.014040001665999694,0.014040001665999694
gradio,-0.014033699680390133,0.014033699680390133
supports,-0.014032325943642539,0.014032325943642539
gemini,0.014021395112526886,0.014021395112526886
smartphone,-0.014017726991159385,0.014017726991159385
joke,0.01400311058342713,0.01400311058342713
peaceful,-0.013997092840184265,0.013997092840184265
openpose,-0.013995369310556055,0.013995369310556055
ultra,0.013979497112520844,0.013979497112520844
aimed,0.01396668179467442,0.01396668179467442
menauzhynz,-0.013958183519514479,0.013958183519514479
eating,0.013957356052552869,0.013957356052552869
glass,0.013940931542912887,0.013940931542912887
england,-0.013933318153684154,0.013933318153684154
chooses,-0.013929191759647444,0.013929191759647444
implication,-0.013928922956558744,0.013928922956558744
authors,0.013923305192642649,0.013923305192642649
underestimating,0.013920497428966104,0.013920497428966104
central,-0.01391615926508473,0.01391615926508473
headed,0.01391557409474161,0.01391557409474161
revolutionary,-0.01391342671179133,0.01391342671179133
engineer,0.01390984455470881,0.01390984455470881
a100,0.013902734814962476,0.013902734814962476
ranking,-0.013900039727376117,0.013900039727376117
constitution,-0.01388772848749634,0.01388772848749634
rubber,0.013885609860834142,0.013885609860834142
eye,-0.013881641780523465,0.013881641780523465
lag,0.01387468514468788,0.01387468514468788
huge,0.01387461356614071,0.01387461356614071
doll,0.013870324542053237,0.013870324542053237
writes,0.01386565917709087,0.01386565917709087
policies,0.013855095839022379,0.013855095839022379
grain,0.013852328058326578,0.013852328058326578
coded,0.013851174090433849,0.013851174090433849
macbook,-0.013849313404686816,0.013849313404686816
directed,0.0138463585891206,0.0138463585891206
48,0.013844404622408052,0.013844404622408052
sectors,-0.013843462382140407,0.013843462382140407
inferencing,-0.01384177924561129,0.01384177924561129
tutorial,-0.013839924038571028,0.013839924038571028
argument,-0.013837794952551096,0.013837794952551096
sucking,0.013833776616072622,0.013833776616072622
equal,-0.013832767388355245,0.013832767388355245
intrinsic,-0.013826883199719284,0.013826883199719284
fastest,0.013826052140345444,0.013826052140345444
visit,-0.013822041330576344,0.013822041330576344
utopian,-0.013818337805149418,0.013818337805149418
leaps,0.013816738338325642,0.013816738338325642
grow,-0.013812602125825657,0.013812602125825657
phd,0.013807884919093502,0.013807884919093502
assign,-0.013798403181558007,0.013798403181558007
travel,-0.01378770605037353,0.01378770605037353
3080,-0.013783508737962646,0.013783508737962646
checker,-0.01378090335433809,0.01378090335433809
tensor,-0.013770442428446338,0.013770442428446338
javascript,0.013763467150960993,0.013763467150960993
resemble,0.013761930630829318,0.013761930630829318
compressed,0.013755414824196805,0.013755414824196805
embodied,-0.013754313669111071,0.013754313669111071
scarjo,-0.013748197977317057,0.013748197977317057
bedroom,0.01374732016611763,0.01374732016611763
overly,0.01373917860034318,0.01373917860034318
proven,-0.013734933425920049,0.013734933425920049
richer,0.01373413269044164,0.01373413269044164
complain,0.013732610753393012,0.013732610753393012
elephant,0.01372026533218563,0.01372026533218563
critically,0.013718652928737848,0.013718652928737848
interpretation,-0.013717406197216498,0.013717406197216498
midjourney,0.013714862971295642,0.013714862971295642
declining,0.013707921965156985,0.013707921965156985
largest,0.01369464364612881,0.01369464364612881
utm_term,0.01368393969140761,0.01368393969140761
impactful,-0.013680901261994213,0.013680901261994213
eliminated,-0.013680368701194427,0.013680368701194427
gmail,-0.013677607229962497,0.013677607229962497
2b,0.013671228026266023,0.013671228026266023
internally,0.013663795269561293,0.013663795269561293
precedent,0.013663793131723924,0.013663793131723924
choices,-0.013661772844019341,0.013661772844019341
coping,0.013661564715220306,0.013661564715220306
cited,-0.01366048439782312,0.01366048439782312
awful,0.013660350590918394,0.013660350590918394
knee,-0.013647957996299252,0.013647957996299252
ben,-0.013647424635957674,0.013647424635957674
unless,-0.013638704681795398,0.013638704681795398
mechanical,0.013636910728492492,0.013636910728492492
charity,-0.013622263674104022,0.013622263674104022
teach,-0.013612317201668583,0.013612317201668583
relation,-0.013611079243838574,0.013611079243838574
colab,-0.01360783253433182,0.01360783253433182
eternity,0.013597466744386591,0.013597466744386591
closed,0.013596915480839012,0.013596915480839012
stake,0.01359477988423776,0.01359477988423776
hobbies,0.013588026632132233,0.013588026632132233
comply,0.013586177537736294,0.013586177537736294
unbiased,0.013579681824623931,0.013579681824623931
hacks,0.013577656177061985,0.013577656177061985
tap,-0.013577578170239411,0.013577578170239411
thrown,0.01356679890461237,0.01356679890461237
sunlight,-0.013566466101781189,0.013566466101781189
cheapest,-0.013559189072652368,0.013559189072652368
hire,0.0135586484453077,0.0135586484453077
determined,-0.013554320094931903,0.013554320094931903
gf,0.013551842959649939,0.013551842959649939
ofc,-0.013547427018362543,0.013547427018362543
rates,0.013547134332570184,0.013547134332570184
spacex,-0.013543201372304145,0.013543201372304145
flooded,0.013538024331117697,0.013538024331117697
considerably,0.013534769753968216,0.013534769753968216
prevents,-0.013528405986165021,0.013528405986165021
2100,-0.013524583536460471,0.013524583536460471
cd,0.013521807993220199,0.013521807993220199
suggesting,-0.013515477927997796,0.013515477927997796
falcon,-0.013513894718078973,0.013513894718078973
calculate,-0.013504396352063979,0.013504396352063979
therapist,0.013503323136193854,0.013503323136193854
layman,0.013488765865877824,0.013488765865877824
outlets,0.013488222094316993,0.013488222094316993
fortune,0.01348522304119811,0.01348522304119811
buys,0.013482470336671382,0.013482470336671382
texture,-0.013477383778499694,0.013477383778499694
increasing,-0.013470939573520989,0.013470939573520989
operators,-0.01347020607384504,0.01347020607384504
safeguards,0.013466259447803223,0.013466259447803223
collaboration,-0.013462378084936756,0.013462378084936756
researchers,0.013448552351387092,0.013448552351387092
directml,-0.013436954360410806,0.013436954360410806
juggernaut,0.013435436939812423,0.013435436939812423
1050422060352024636,-0.013434792774562745,0.013434792774562745
npu,0.01343153449250408,0.01343153449250408
refuses,0.013430293296343605,0.013430293296343605
sam,0.013429708777929822,0.013429708777929822
es,-0.013429433939503008,0.013429433939503008
company,0.01342742824201586,0.01342742824201586
projection,-0.013424508691998932,0.013424508691998932
cheese,-0.013423880743702257,0.013423880743702257
king,0.013417829248672838,0.013417829248672838
thumbs,-0.013412314758614772,0.013412314758614772
editor,0.013409601149023067,0.013409601149023067
lora,-0.013401005136477713,0.013401005136477713
ubiquitous,0.013398605061734679,0.013398605061734679
bright,0.013396251833374853,0.013396251833374853
attempted,-0.013394012277256995,0.013394012277256995
fairness,-0.013387637712088748,0.013387637712088748
constructed,-0.013376858700637288,0.013376858700637288
printed,-0.013372669463425071,0.013372669463425071
delivering,0.013367691890827153,0.013367691890827153
motivation,-0.013365541361160424,0.013365541361160424
happens,-0.013364978567668372,0.013364978567668372
params,0.013363894405164618,0.013363894405164618
interview,0.013356401471007306,0.013356401471007306
lasers,-0.013354297931951482,0.013354297931951482
aliens,-0.013354151840948618,0.013354151840948618
citation,0.013342296026671922,0.013342296026671922
matches,0.013336018658862673,0.013336018658862673
republicans,0.013330086802880144,0.013330086802880144
isolated,0.013327574311381225,0.013327574311381225
journal,-0.013320684677574707,0.013320684677574707
definition,-0.013318048599130486,0.013318048599130486
collections,-0.01331752004156215,0.01331752004156215
opinions,-0.013312811987991969,0.013312811987991969
collected,-0.013298447426726439,0.013298447426726439
strings,0.013286272180031974,0.013286272180031974
agreements,0.013279177394683058,0.013279177394683058
loading,-0.013271347994861123,0.013271347994861123
rewriting,0.013266159584596619,0.013266159584596619
transformer,0.013265126304524049,0.013265126304524049
restrictive,0.013262704956488304,0.013262704956488304
finger,0.013252392871862492,0.013252392871862492
utilize,-0.013249568941618174,0.013249568941618174
medium,0.013247679509936052,0.013247679509936052
specs,-0.013247108619089879,0.013247108619089879
info,-0.013243259799264348,0.013243259799264348
passionate,-0.013236207186067361,0.013236207186067361
spider,-0.01323421240565617,0.01323421240565617
payed,-0.01323419008111379,0.01323419008111379
bathroom,0.01323259894661861,0.01323259894661861
mixture,-0.013230255654020045,0.013230255654020045
stem,-0.013226176263146257,0.013226176263146257
204511829,-0.013225805372800166,0.013225805372800166
worrying,0.01322353931772562,0.01322353931772562
terrorist,0.013220439128607205,0.013220439128607205
releases,0.013207816936988108,0.013207816936988108
yeah,-0.013199153650368028,0.013199153650368028
zuck,0.01319504596957055,0.01319504596957055
lecun,0.013190438265788725,0.013190438265788725
managing,0.01318981056861254,0.01318981056861254
assuming,-0.013181618353199455,0.013181618353199455
birthday,0.013174835994627387,0.013174835994627387
transactions,0.013165905319713575,0.013165905319713575
disappointing,0.013164261588803312,0.013164261588803312
inflation,-0.013154991981436367,0.013154991981436367
automation,-0.013152756892352223,0.013152756892352223
fucking,0.013145536052762722,0.013145536052762722
weaker,-0.013141664905192208,0.013141664905192208
comfortably,0.013141491200522557,0.013141491200522557
ages,-0.013141441850129852,0.013141441850129852
mix,-0.01314073273588132,0.01314073273588132
religions,-0.01313818787982396,0.01313818787982396
animation,0.013137750203080771,0.013137750203080771
biases,-0.013136915471189732,0.013136915471189732
ant,-0.013133083011439084,0.013133083011439084
regex,0.013130559276486717,0.013130559276486717
autistic,-0.013130344223302053,0.013130344223302053
resolve,-0.013129450339992629,0.013129450339992629
grateful,-0.013129376538068383,0.013129376538068383
fails,0.013126000588981992,0.013126000588981992
autonomously,-0.013123632787888688,0.013123632787888688
msft,-0.01312084151208067,0.01312084151208067
cracked,0.013114709341316862,0.013114709341316862
offended,0.01311418030425964,0.01311418030425964
microsoft,0.013111398418387765,0.013111398418387765
1024x1024,-0.013107274380002394,0.013107274380002394
compete,0.013097509685907806,0.013097509685907806
published,0.01309223582466763,0.01309223582466763
workflows,0.013091537557574457,0.013091537557574457
symbol,0.013086257837235637,0.013086257837235637
200k,0.013084232634535248,0.013084232634535248
barriers,-0.013075689605020518,0.013075689605020518
boobs,0.01307567762658364,0.01307567762658364
determines,-0.013074760998518906,0.013074760998518906
thats,-0.013067622885265969,0.013067622885265969
anybody,-0.013062643242861967,0.013062643242861967
protein,0.013062289501176813,0.013062289501176813
interact,-0.01306097379814857,0.01306097379814857
deadlines,0.013059636578669797,0.013059636578669797
doubts,-0.013047820142063722,0.013047820142063722
bridge,0.013046300446864964,0.013046300446864964
troubleshooting,0.013045193531783896,0.013045193531783896
breakthroughs,0.01304207077578177,0.01304207077578177
blame,0.013038053966133488,0.013038053966133488
bunch,0.013034705270443581,0.013034705270443581
transformation,-0.013032149429861186,0.013032149429861186
homeless,-0.01303205598459565,0.01303205598459565
inefficient,-0.013031567876289271,0.013031567876289271
feeding,-0.013020025457673758,0.013020025457673758
young,0.013019467949040577,0.013019467949040577
formula,-0.013019029791268502,0.013019029791268502
ear,0.013017030015786146,0.013017030015786146
wash,0.013015480667195194,0.013015480667195194
overcome,-0.013014415827221825,0.013014415827221825
epyc,0.013013151590607246,0.013013151590607246
slaves,-0.013007742723676698,0.013007742723676698
valley,0.013006855231078125,0.013006855231078125
lawsuits,0.012998612075283892,0.012998612075283892
php,0.012996013350447528,0.012996013350447528
quest,0.012994842279660553,0.012994842279660553
additionally,0.012992279214404266,0.012992279214404266
believes,0.012988567158289704,0.012988567158289704
gdpr,-0.012979962180831526,0.012979962180831526
tiled,-0.012978563645189133,0.012978563645189133
historically,0.012975966614866321,0.012975966614866321
please,-0.012973462567457713,0.012973462567457713
extract,-0.012968547166711903,0.012968547166711903
guy,0.012967348035158702,0.012967348035158702
svd,0.01296719196776897,0.01296719196776897
implants,0.01296100456094714,0.01296100456094714
installation,-0.012958846005755597,0.012958846005755597
gpt5,0.012957029580076756,0.012957029580076756
branches,-0.012955911046633914,0.012955911046633914
nation,-0.012947045725687051,0.012947045725687051
ba,-0.012931121896887351,0.012931121896887351
embrace,-0.012928493312378737,0.012928493312378737
waifu,0.01292645131114384,0.01292645131114384
revolutionize,0.012921243538059473,0.012921243538059473
min,-0.012920170353572501,0.012920170353572501
hide,0.012913603079817607,0.012913603079817607
machinery,0.012910458737757018,0.012910458737757018
weekday,-0.012908572019053757,0.012908572019053757
rising,-0.012907369773421882,0.012907369773421882
vibe,0.012906624225658508,0.012906624225658508
que,-0.012899772950711968,0.012899772950711968
climb,-0.012898449608647777,0.012898449608647777
seo,0.01289720444520796,0.01289720444520796
plasma,0.012883616930205968,0.012883616930205968
plugin,-0.012873661032140223,0.012873661032140223
contest,-0.012871905186711049,0.012871905186711049
lasting,-0.012862136296472535,0.012862136296472535
google,0.012852054867375262,0.012852054867375262
findings,0.012838277237924257,0.012838277237924257
qualia,-0.012836635068403218,0.012836635068403218
performant,0.012828219366707265,0.012828219366707265
unemployment,-0.01282648126145452,0.01282648126145452
persons,-0.01282050688075348,0.01282050688075348
junk,0.012811012451673128,0.012811012451673128
sj,-0.012804089979905542,0.012804089979905542
performs,0.012802447939821793,0.012802447939821793
trajectory,0.012795148266257274,0.012795148266257274
1111,0.012791479380820826,0.012791479380820826
sillytavern,-0.01278730624561728,0.01278730624561728
printing,-0.012775109992516109,0.012775109992516109
la,-0.012773646546802611,0.012773646546802611
tables,-0.012772844277375702,0.012772844277375702
vaccines,0.012769536290147699,0.012769536290147699
monkeys,0.01276750914598894,0.01276750914598894
42,0.01276501321467685,0.01276501321467685
vision,-0.012759110280198315,0.012759110280198315
proud,0.012759085643825949,0.012759085643825949
layout,0.012758927797910876,0.012758927797910876
incentive,0.01275748142661237,0.01275748142661237
intention,-0.012754459433032451,0.012754459433032451
bitcoin,-0.012748610915639218,0.012748610915639218
rumors,0.012746699365969087,0.012746699365969087
glitch,-0.01274126444179026,0.01274126444179026
kobold,-0.012736842524482834,0.012736842524482834
shared,-0.012731189044315574,0.012731189044315574
gym,-0.01272798741985548,0.01272798741985548
delayed,-0.012715820981481801,0.012715820981481801
related,-0.012711560644749969,0.012711560644749969
adds,0.012710845033688042,0.012710845033688042
biggest,0.012709359036251566,0.012709359036251566
open,0.012708864992688938,0.012708864992688938
whatsoever,-0.012699576026248447,0.012699576026248447
manufacturers,0.012695148582364446,0.012695148582364446
ignored,-0.012692766503453167,0.012692766503453167
realism,0.0126835967138506,0.0126835967138506
q5,-0.012675282334374533,0.012675282334374533
confirmed,0.012674516784662844,0.012674516784662844
analyze,-0.012672014144842227,0.012672014144842227
papers,0.012665687546248496,0.012665687546248496
removal,-0.012661478959993082,0.012661478959993082
enjoy,-0.012661434664597088,0.012661434664597088
spirit,0.012655335874481624,0.012655335874481624
licensing,0.012648062106031206,0.012648062106031206
tailor,-0.01264603052537848,0.01264603052537848
afaik,-0.01261952131676012,0.01261952131676012
expressing,0.012614805177789975,0.012614805177789975
lady,0.012611877587719833,0.012611877587719833
dressed,0.012589202872790679,0.012589202872790679
horse,0.012583687866053704,0.012583687866053704
youtu,-0.01257843384882644,0.01257843384882644
garbage,0.012569023171726023,0.012569023171726023
symbolic,-0.012567130040866594,0.012567130040866594
trump,-0.012564404382146947,0.012564404382146947
picked,0.012562141916009488,0.012562141916009488
army,-0.012561160314750958,0.012561160314750958
loan,-0.012548851951776274,0.012548851951776274
translation,-0.012545883949305626,0.012545883949305626
attempting,-0.012535961450440319,0.012535961450440319
epoch,-0.012528623674320293,0.012528623674320293
steak,-0.012519113530976353,0.012519113530976353
drunk,-0.012518663133563198,0.012518663133563198
carried,-0.012518190126702742,0.012518190126702742
17,0.012517480846780287,0.012517480846780287
randomness,-0.012516806850157002,0.012516806850157002
pride,-0.012512722092195278,0.012512722092195278
praise,0.01251227029697302,0.01251227029697302
fires,0.012507289393157471,0.012507289393157471
founders,-0.012504628761258315,0.012504628761258315
toyota,-0.012490832395465596,0.012490832395465596
collectively,0.012486066225317213,0.012486066225317213
remember,0.012485646794621403,0.012485646794621403
peter,0.012483356201187373,0.012483356201187373
message,-0.012472229517482312,0.012472229517482312
colour,0.012467421354874463,0.012467421354874463
act,0.012463083620045086,0.012463083620045086
awesome,-0.012452410824613598,0.012452410824613598
gene,0.012449060170357863,0.012449060170357863
trash,0.01244812330195672,0.01244812330195672
crops,0.01244163283435675,0.01244163283435675
circuit,-0.012439658436434079,0.012439658436434079
scales,0.012439293221961667,0.012439293221961667
recently,0.01243018770325903,0.01243018770325903
setting,-0.012420099889599866,0.012420099889599866
respond,-0.012412046856604301,0.012412046856604301
bulk,-0.012411809660394128,0.012411809660394128
modal,0.01240483680135601,0.01240483680135601
democracy,-0.012404376475819734,0.012404376475819734
logic,-0.012393115389216143,0.012393115389216143
agile,0.012392510530574975,0.012392510530574975
assigned,0.012391798024216666,0.012391798024216666
occur,-0.012389439315881205,0.012389439315881205
prosperity,-0.012385146444879409,0.012385146444879409
52,0.012384113375580628,0.012384113375580628
tag,-0.012381227549639613,0.012381227549639613
slows,0.012377452156822686,0.012377452156822686
reporting,-0.012373987899878817,0.012373987899878817
judging,0.012367040694549481,0.012367040694549481
oceans,0.012366078616322192,0.012366078616322192
rogue,-0.012365827912511736,0.012365827912511736
overhead,0.012360610676428397,0.012360610676428397
utm_source,-0.012354013899487884,0.012354013899487884
flowgpt,-0.012349477748826195,0.012349477748826195
noone,-0.012347205488353385,0.012347205488353385
512x512,-0.012342226605946995,0.012342226605946995
lm,-0.012341432498126213,0.012341432498126213
throw,0.01234125803570402,0.01234125803570402
ya,-0.012337026406162433,0.012337026406162433
risky,0.012336998692723438,0.012336998692723438
promoted,0.012335763825704199,0.012335763825704199
unsure,-0.012335716256183253,0.012335716256183253
blur,0.012331055438263579,0.012331055438263579
yet,-0.012328567496624126,0.012328567496624126
february,0.01232785280609004,0.01232785280609004
enjoyable,0.012322642607613118,0.012322642607613118
sensible,0.012320746415531032,0.012320746415531032
ideally,-0.012317909758725603,0.012317909758725603
vegan,-0.01230656525559944,0.01230656525559944
2020,0.012302286855479704,0.012302286855479704
point,-0.012296614773944737,0.012296614773944737
construction,-0.01229619533793066,0.01229619533793066
secret,0.01229347070308376,0.01229347070308376
institute,-0.012284261369634371,0.012284261369634371
admin,0.0122796766432754,0.0122796766432754
innocent,-0.01227418476088968,0.01227418476088968
ryzen,-0.012268231929443024,0.012268231929443024
difficulty,0.012263876753396796,0.012263876753396796
gptq,-0.012263735342946136,0.012263735342946136
defaults,0.01226054324826482,0.01226054324826482
enforcement,0.012258585940411397,0.012258585940411397
duration,-0.012246189102624337,0.012246189102624337
frames,-0.012246056986291809,0.012246056986291809
removing,0.012244767570019474,0.012244767570019474
sama,0.012240544451793702,0.012240544451793702
handles,-0.012240206770474906,0.012240206770474906
connected,-0.01224003606007442,0.01224003606007442
celebrity,-0.012239169103912512,0.012239169103912512
frequently,0.012238535916267359,0.012238535916267359
clean,0.01223735082854212,0.01223735082854212
attract,-0.012236272354408722,0.012236272354408722
theoretical,0.012228350887510817,0.012228350887510817
lecture,0.012224614543970861,0.012224614543970861
speaks,0.012209271676010613,0.012209271676010613
viewed,0.012208737430446676,0.012208737430446676
fellow,0.012207820492833773,0.012207820492833773
txt2img,-0.012207239664501598,0.012207239664501598
uncertainty,0.012204944977476198,0.012204944977476198
view,-0.012200127733983173,0.012200127733983173
minimize,-0.012190240349417004,0.012190240349417004
stuck,0.012188401014933379,0.012188401014933379
incredible,0.012186006147965882,0.012186006147965882
reinforcement,0.012185816392773484,0.012185816392773484
optimized,0.012181369806001182,0.012181369806001182
arguably,0.012180067823389071,0.012180067823389071
percent,-0.012176627195824912,0.012176627195824912
inpaint,-0.012165549286378686,0.012165549286378686
jerk,0.012160929095657799,0.012160929095657799
transportation,-0.012150097770193042,0.012150097770193042
followed,-0.012145276401236535,0.012145276401236535
expectancy,-0.012145177848273252,0.012145177848273252
submissions,-0.012141260614820716,0.012141260614820716
civil,-0.01214087692893698,0.01214087692893698
democrats,-0.012125086266625005,0.012125086266625005
seemingly,0.012112064870503656,0.012112064870503656
birth,0.01210978640299217,0.01210978640299217
clicked,-0.012107695451968813,0.012107695451968813
solely,-0.012106321111289729,0.012106321111289729
africa,0.012105174585992673,0.012105174585992673
dyson,-0.012105126466302156,0.012105126466302156
pile,0.012103214533304204,0.012103214533304204
italian,0.012102403562766088,0.012102403562766088
51,0.012101473529827843,0.012101473529827843
offensive,0.01210110553001045,0.01210110553001045
gambling,-0.012093354418963078,0.012093354418963078
armor,0.012085160476327378,0.012085160476327378
median,-0.012084437633187868,0.012084437633187868
parent,-0.012081355386194315,0.012081355386194315
leaks,0.012074352224788948,0.012074352224788948
researching,-0.012067750952983595,0.012067750952983595
approached,0.012065934860281952,0.012065934860281952
ethnicity,0.012061577955440833,0.012061577955440833
sea,-0.012056399946707336,0.012056399946707336
lot,0.012046147282430477,0.012046147282430477
surpassed,0.012043542509603981,0.012043542509603981
devs,0.012040117352726495,0.012040117352726495
compare,-0.01203504079106169,0.01203504079106169
outfit,0.012034811490541484,0.012034811490541484
readability,0.012033732703527257,0.012033732703527257
paired,0.01203344289689543,0.01203344289689543
controlling,0.01203154589322472,0.01203154589322472
era,0.012029471726760789,0.012029471726760789
tutorials,-0.012029409448073505,0.012029409448073505
neighbor,-0.01202698147880138,0.01202698147880138
conflicts,-0.012022282112112518,0.012022282112112518
loans,-0.012003828172616344,0.012003828172616344
bag,0.011988155387706596,0.011988155387706596
counts,-0.011982652174305766,0.011982652174305766
stick,-0.011977273379428745,0.011977273379428745
satisfy,-0.011967164632180517,0.011967164632180517
thoughtful,-0.011965529651588126,0.011965529651588126
enjoying,-0.011958943510799949,0.011958943510799949
pseudo,-0.011949157235805894,0.011949157235805894
heck,0.01194353672689632,0.01194353672689632
violate,-0.01194189727998911,0.01194189727998911
roadmap,0.011940497870861962,0.011940497870861962
nerfed,-0.01193601292523719,0.01193601292523719
competing,0.011935227419292309,0.011935227419292309
ukraine,-0.01193477860340124,0.01193477860340124
centralized,-0.011930315065579351,0.011930315065579351
ordered,-0.011930272669171666,0.011930272669171666
accomplished,0.011928620724331694,0.011928620724331694
imagine,0.011927370511619803,0.011927370511619803
reviews,-0.011917401418459891,0.011917401418459891
organize,0.011914515097537945,0.011914515097537945
workstation,-0.011913526279884715,0.011913526279884715
af,-0.011913143311097805,0.011913143311097805
coal,0.011911411006771852,0.011911411006771852
guns,-0.011906340758584082,0.011906340758584082
cynical,-0.011901857210141836,0.011901857210141836
inpainting,-0.01190089779229142,0.01190089779229142
refactoring,0.01190080377766467,0.01190080377766467
chinese,0.011898690680017468,0.011898690680017468
persona,0.011897851251633772,0.011897851251633772
presentation,0.011897172009094294,0.011897172009094294
freak,-0.01189617194498369,0.01189617194498369
creativity,-0.011894249665428628,0.011894249665428628
familiar,-0.011885873420187654,0.011885873420187654
vocabulary,0.011883922842826569,0.011883922842826569
constantly,0.01187917054187696,0.01187917054187696
source,0.011870185647294753,0.011870185647294753
convincing,0.011867861473765264,0.011867861473765264
futurology,-0.011864894082698767,0.011864894082698767
office,0.0118595125757402,0.0118595125757402
23,-0.011853508915982523,0.011853508915982523
bezos,-0.011845583833023064,0.011845583833023064
mainly,-0.011841387171949965,0.011841387171949965
turnitin,0.011840292462304827,0.011840292462304827
hungry,-0.011839974535588561,0.011839974535588561
reddithelp,-0.011832491201846432,0.011832491201846432
washington,-0.011814871248398291,0.011814871248398291
grass,0.011814452089243997,0.011814452089243997
rain,-0.011814087500350626,0.011814087500350626
recognizing,0.011803856727265812,0.011803856727265812
hint,-0.011803486985760916,0.011803486985760916
snap,-0.011789986771562764,0.011789986771562764
broke,-0.011785536442675524,0.011785536442675524
radio,0.011783072691413985,0.011783072691413985
younger,0.011777840198075042,0.011777840198075042
comparable,-0.011775251950061263,0.011775251950061263
fabric,-0.011760482036080584,0.011760482036080584
polish,0.011759075684523957,0.011759075684523957
calculus,0.011752114403096143,0.011752114403096143
needing,0.01175200131572265,0.01175200131572265
disabled,-0.01173058173690076,0.01173058173690076
noticed,-0.011729110292845823,0.011729110292845823
mirrors,-0.011727875853139934,0.011727875853139934
shelf,0.011727643350098332,0.011727643350098332
bureaucracy,-0.011726800193870478,0.011726800193870478
scripting,-0.011726129874667531,0.011726129874667531
normally,-0.011720895047710421,0.011720895047710421
candidate,0.011718209813139627,0.011718209813139627
apparent,-0.011714669006890154,0.011714669006890154
california,0.011704765246975763,0.011704765246975763
consists,0.011703185875878016,0.011703185875878016
explains,0.011693778377123635,0.011693778377123635
sane,0.011693678057612417,0.011693678057612417
additional,-0.011690001598366992,0.011690001598366992
weeks,0.011688532030674164,0.011688532030674164
publishing,-0.011683536337081574,0.011683536337081574
input,-0.011679271561360333,0.011679271561360333
16k,-0.011678219775678402,0.011678219775678402
crush,-0.011670034199115612,0.011670034199115612
closest,0.01166596005903879,0.01166596005903879
discussed,-0.011658879695879594,0.011658879695879594
selected,-0.011656795928569549,0.011656795928569549
historic,0.01165512334766419,0.01165512334766419
ship,0.01165262351779331,0.01165262351779331
formats,0.011650239708178765,0.011650239708178765
si,-0.01164744341085595,0.01164744341085595
neither,-0.011645869577671438,0.011645869577671438
nuke,-0.011644363611737821,0.011644363611737821
ea,0.011644333464050922,0.011644333464050922
exclude,-0.011639906649508147,0.011639906649508147
transport,-0.011636545384550953,0.011636545384550953
covid,-0.011632831078324881,0.011632831078324881
advancement,-0.011628783073924955,0.011628783073924955
easiest,-0.011618216743903868,0.011618216743903868
destroying,0.011616836907507231,0.011616836907507231
evolved,-0.011613339978210116,0.011613339978210116
cultures,0.01161299775842598,0.01161299775842598
agreeing,-0.011599606327062938,0.011599606327062938
three,0.01159516303750848,0.01159516303750848
lacks,0.01158592195456768,0.01158592195456768
folder,-0.01158375713886271,0.01158375713886271
multi,0.011583449689451035,0.011583449689451035
anyways,-0.011581569531660327,0.011581569531660327
logistics,-0.011573759819469816,0.011573759819469816
cutoff,-0.011572581239228902,0.011572581239228902
legitimate,0.011570033562034362,0.011570033562034362
installing,-0.011558515136148912,0.011558515136148912
sessions,-0.011552806337267737,0.011552806337267737
massive,0.011550814725112114,0.011550814725112114
technologically,-0.01154638550859059,0.01154638550859059
belongs,0.011540669351131847,0.011540669351131847
income,-0.011533138244719658,0.011533138244719658
team,0.011530363119491216,0.011530363119491216
accessibility,-0.011516956306802455,0.011516956306802455
plot,0.011515614833141048,0.011515614833141048
plausible,0.011511596640344407,0.011511596640344407
verified,0.01150932744585785,0.01150932744585785
disclaimer,0.011508342491489267,0.011508342491489267
mining,-0.011505271869983052,0.011505271869983052
ops,-0.01150086219361931,0.01150086219361931
warfare,0.011499329537577319,0.011499329537577319
documented,0.011498340259226915,0.011498340259226915
needed,-0.011492802024261417,0.011492802024261417
teaching,-0.011484253809911476,0.011484253809911476
shell,0.011481182092898813,0.011481182092898813
disagreeing,-0.01148048620729764,0.01148048620729764
revealed,0.011470664062881265,0.011470664062881265
quant,-0.011468414572579272,0.011468414572579272
tooling,0.011467265045864651,0.011467265045864651
2017,0.011456727170949244,0.011456727170949244
miss,0.011456027297022067,0.011456027297022067
screwed,0.011451484128034206,0.011451484128034206
tf,0.011446296730558842,0.011446296730558842
augmented,-0.011441633994369513,0.011441633994369513
magnitude,0.011438481371370329,0.011438481371370329
manipulation,0.011438258662585028,0.011438258662585028
vulnerable,0.011436421338378746,0.011436421338378746
beauty,-0.011426677710560341,0.011426677710560341
combinations,-0.011418501683422866,0.011418501683422866
disney,-0.011418086129439748,0.011418086129439748
conduct,-0.011417275108913577,0.011417275108913577
reads,0.011407404551235352,0.011407404551235352
nuances,-0.0114053637918121,0.0114053637918121
defined,-0.011403003990697628,0.011403003990697628
phase,-0.011399689541874812,0.011399689541874812
youth,-0.011392412999995029,0.011392412999995029
detection,0.011387667531641357,0.011387667531641357
arrived,0.011382012021344439,0.011382012021344439
works,-0.011379019430619395,0.011379019430619395
pics,-0.011378223341474156,0.011378223341474156
faced,-0.011369351065959278,0.011369351065959278
wildly,0.01136794236414243,0.01136794236414243
boilerplate,0.01136625390916385,0.01136625390916385
weren,0.011365064122572748,0.011365064122572748
cap,0.011364282785910947,0.011364282785910947
shortcut,0.011354375494944767,0.011354375494944767
charging,0.011344842318540178,0.011344842318540178
1179,0.011342062445232294,0.011342062445232294
basing,-0.01133682463687281,0.01133682463687281
example,-0.011334452631693012,0.011334452631693012
collection,0.011332049079822932,0.011332049079822932
considers,-0.011331017536105376,0.011331017536105376
skepticism,0.011321531893417823,0.011321531893417823
refining,-0.011317795421176086,0.011317795421176086
lambda,0.011316767688121725,0.011316767688121725
disposal,0.01131636928112835,0.01131636928112835
starvation,-0.0113156649316406,0.0113156649316406
equations,0.011311382432313177,0.011311382432313177
qlora,0.011306495441312391,0.011306495441312391
apocalypse,-0.011305861651210324,0.011305861651210324
approval,-0.011303298096971434,0.011303298096971434
diet,-0.01130181121695519,0.01130181121695519
vegetables,-0.01129808205812683,0.01129808205812683
campaigns,-0.011292171679307956,0.011292171679307956
cables,-0.011290964641527113,0.011290964641527113
chest,-0.011287135179403269,0.011287135179403269
subscribers,-0.011286087191956404,0.011286087191956404
10x,0.011285967230804687,0.011285967230804687
individually,-0.011285781569004564,0.011285781569004564
watts,0.01128213136895949,0.01128213136895949
speculating,0.011279666978473544,0.011279666978473544
chatbots,-0.011276207683912555,0.011276207683912555
foo,0.011271162761168782,0.011271162761168782
collapses,0.011269031375656689,0.011269031375656689
abstractions,-0.011268724950715668,0.011268724950715668
providing,-0.011260316796979324,0.011260316796979324
fulfilling,-0.011254884885631006,0.011254884885631006
vacation,0.011252584228891215,0.011252584228891215
peek,-0.011250932097909516,0.011250932097909516
losing,0.011250027128609718,0.011250027128609718
embeddings,-0.01124233990660712,0.01124233990660712
saving,-0.011237784975966211,0.011237784975966211
cars,-0.011236050416623629,0.011236050416623629
recipe,0.011235045054933253,0.011235045054933253
anecdotal,0.011232956468721708,0.011232956468721708
operating,0.011231552096912746,0.011231552096912746
gasoline,0.011230483203409643,0.011230483203409643
exploit,0.011226319039118842,0.011226319039118842
feet,0.011224617334795293,0.011224617334795293
engineers,0.01122254110381115,0.01122254110381115
smarter,-0.011219526028208556,0.011219526028208556
approaches,0.011211046529873718,0.011211046529873718
prod,0.011203379255834813,0.011203379255834813
review,0.011200645942719701,0.011200645942719701
appealing,0.01119216762283392,0.01119216762283392
idiotic,-0.011190585082113982,0.011190585082113982
probabilities,0.011188761185959567,0.011188761185959567
shoes,0.011185221817954283,0.011185221817954283
pan,-0.011179544670666211,0.011179544670666211
vulkan,-0.01117732543479128,0.01117732543479128
wisdom,0.011176437781857214,0.011176437781857214
inform,0.011172971103615021,0.011172971103615021
investor,-0.011172163638363278,0.011172163638363278
neuron,-0.011171044050003673,0.011171044050003673
isolation,0.011169243708270764,0.011169243708270764
evidence,-0.011164139481655705,0.011164139481655705
childish,-0.011156946171833567,0.011156946171833567
login,-0.0111460191898733,0.0111460191898733
director,-0.011143872573839898,0.011143872573839898
comedy,-0.011140874345516754,0.011140874345516754
bleeding,0.011140670455499569,0.011140670455499569
requesting,-0.011139740622970526,0.011139740622970526
pairs,0.011139410071367258,0.011139410071367258
firstly,-0.011136742175243373,0.011136742175243373
merge,-0.011121836195680546,0.011121836195680546
pursuit,-0.011120617197557085,0.011120617197557085
heat,0.011118486023762069,0.011118486023762069
folding,0.011118056091716804,0.011118056091716804
sheep,-0.011112831222326255,0.011112831222326255
aggressive,0.011112532285299386,0.011112532285299386
ie,0.011104626982112037,0.011104626982112037
collaborative,-0.011086785095570668,0.011086785095570668
delay,-0.011081940873154119,0.011081940873154119
hallucinates,0.011076379710778312,0.011076379710778312
lol,-0.011075877694137455,0.011075877694137455
lengths,-0.0110715933936811,0.0110715933936811
pointed,-0.011071277949657003,0.011071277949657003
genes,-0.011071273658916933,0.011071273658916933
trades,-0.01107052565507402,0.01107052565507402
approximate,0.011068084402572427,0.011068084402572427
factual,0.011063733335134508,0.011063733335134508
emoji,0.011060818958082438,0.011060818958082438
welfare,-0.011059102364371862,0.011059102364371862
nbsp,0.011051027673656235,0.011051027673656235
cook,0.011048830762683762,0.011048830762683762
responding,-0.011048794142778848,0.011048794142778848
drinking,0.011048767578124485,0.011048767578124485
3b,0.01104755472510248,0.01104755472510248
constructive,0.011042361022555226,0.011042361022555226
outcomes,-0.011041519194236278,0.011041519194236278
safe,0.011041322770695241,0.011041322770695241
workaround,-0.011035808451740214,0.011035808451740214
instances,-0.011033340818283393,0.011033340818283393
voices,0.011031849937412883,0.011031849937412883
opt,-0.011029073039014885,0.011029073039014885
rn,-0.011017549460249678,0.011017549460249678
trading,-0.011017354048680721,0.011017354048680721
pretraining,0.011015774924511381,0.011015774924511381
java,0.011011510332497094,0.011011510332497094
uncanny,0.010999194565656433,0.010999194565656433
speculative,-0.010997180807614651,0.010997180807614651
raises,-0.010990385592194939,0.010990385592194939
walks,-0.010984169219790988,0.010984169219790988
monopoly,0.010981199126219959,0.010981199126219959
amazon,0.01097926703234907,0.01097926703234907
bug,0.010975393662793667,0.010975393662793667
oracle,0.010973713664883249,0.010973713664883249
checkout,-0.01097158296164657,0.01097158296164657
attributes,0.010970084171964425,0.010970084171964425
slower,-0.010963303351856971,0.010963303351856971
128gb,0.010961765480275781,0.010961765480275781
commit,0.010959375693420467,0.010959375693420467
streets,0.010951900755238865,0.010951900755238865
surface,-0.010950556114723526,0.010950556114723526
forget,0.010946051842872876,0.010946051842872876
factories,-0.010945006630800815,0.010945006630800815
hopeful,0.010937597677885602,0.010937597677885602
blank,-0.01093064280602523,0.01093064280602523
karma,-0.010929908670579297,0.010929908670579297
tho,-0.010926428885335465,0.010926428885335465
collecting,-0.01092283861081353,0.01092283861081353
relevance,0.01092182416536691,0.01092182416536691
blow,0.010919403012348004,0.010919403012348004
married,-0.01091581880413634,0.01091581880413634
witness,-0.010912753426301781,0.010912753426301781
rocks,0.010911501630203022,0.010911501630203022
dramatic,0.010910336262324554,0.010910336262324554
wait,0.010906657139451699,0.010906657139451699
parrot,0.010905612191195797,0.010905612191195797
disruptive,-0.010904566329343703,0.010904566329343703
debug,0.010892821774016438,0.010892821774016438
18s770x,-0.010888274041562614,0.010888274041562614
australia,-0.010883618021593626,0.010883618021593626
rounds,-0.010881474988294096,0.010881474988294096
road,-0.01087710952936669,0.01087710952936669
coming,0.010876177091757698,0.010876177091757698
habits,-0.01086652936034104,0.01086652936034104
slave,-0.010850232135667538,0.010850232135667538
wins,0.010849209190561981,0.010849209190561981
visually,0.010847983942713085,0.010847983942713085
birds,0.01084675273301749,0.01084675273301749
denial,0.010845518190862751,0.010845518190862751
laws,-0.010826489739403838,0.010826489739403838
nn,-0.010814617894364541,0.010814617894364541
gray,-0.010810805988515946,0.010810805988515946
4090,-0.010807017197765834,0.010807017197765834
spatial,-0.010806515312480254,0.010806515312480254
vital,-0.010806109764178683,0.010806109764178683
wipe,0.010804932674607437,0.010804932674607437
police,0.01079800126535836,0.01079800126535836
compliance,-0.010797849949460854,0.010797849949460854
accounting,-0.010791634389753056,0.010791634389753056
latest,-0.010785620429714761,0.010785620429714761
negligible,0.010785075964957497,0.010785075964957497
thinking,-0.010781396396522227,0.010781396396522227
calories,-0.010779329736611285,0.010779329736611285
advise,-0.010778219286480043,0.010778219286480043
variance,0.010772550863319885,0.010772550863319885
jewish,0.010770876749898269,0.010770876749898269
overlap,-0.01076847383167074,0.01076847383167074
storytelling,-0.010766076944538228,0.010766076944538228
exception,-0.010763805622448497,0.010763805622448497
nature,-0.010762159160893415,0.010762159160893415
controversial,0.010761358236640749,0.010761358236640749
stronger,-0.010759446779336107,0.010759446779336107
announcements,0.010758420732637474,0.010758420732637474
cream,0.010753071757211657,0.010753071757211657
atleast,-0.010752561786292842,0.010752561786292842
upgraded,-0.010747705836688588,0.010747705836688588
fundamentals,-0.010744967109828845,0.010744967109828845
mail,0.010740361863375595,0.010740361863375595
optimizing,-0.010733568902654391,0.010733568902654391
showcase,0.010714556913763463,0.010714556913763463
wonders,0.010711701833213662,0.010711701833213662
customize,-0.010711685732339252,0.010711685732339252
dunno,-0.010711492862751821,0.010711492862751821
guessed,-0.010705994253402807,0.010705994253402807
wake,0.010705457871521771,0.010705457871521771
thesis,-0.010691739628993354,0.010691739628993354
lived,-0.010690433296358687,0.010690433296358687
newer,-0.01067926554448069,0.01067926554448069
declined,-0.010672116437040668,0.010672116437040668
necessarily,-0.010667058213833965,0.010667058213833965
sick,0.010664954715111143,0.010664954715111143
goods,-0.01066142102741986,0.01066142102741986
36,0.010659850734125948,0.010659850734125948
challenged,0.010657637991925187,0.010657637991925187
programmers,0.010656909010429176,0.010656909010429176
adaptation,0.010654813767023857,0.010654813767023857
warm,0.010649926232190883,0.010649926232190883
awkward,0.010646517882524735,0.010646517882524735
zuckerberg,-0.01064589557975587,0.01064589557975587
claims,0.010639716897025022,0.010639716897025022
26,0.010637586082595641,0.010637586082595641
school,-0.01063548509717587,0.01063548509717587
quantize,0.010632823595478208,0.010632823595478208
serving,-0.010629615602364445,0.010629615602364445
teachers,-0.010629254118173009,0.010629254118173009
contracts,0.010627380471608392,0.010627380471608392
cheat,0.010619994910451132,0.010619994910451132
killed,0.010614362850763802,0.010614362850763802
measurements,-0.010613988932192299,0.010613988932192299
r,-0.010611430396489652,0.010611430396489652
post,-0.010610780235313554,0.010610780235313554
vehicles,-0.010609161125750383,0.010609161125750383
ipad,-0.010604395740968088,0.010604395740968088
village,0.010604098053197186,0.010604098053197186
park,-0.01060169224703512,0.01060169224703512
longevity,0.010598960912039655,0.010598960912039655
observations,0.010596327404907447,0.010596327404907447
donate,-0.010589591451929585,0.010589591451929585
fakes,-0.010585295038452952,0.010585295038452952
incredibly,0.010582992738970728,0.010582992738970728
receiving,-0.010579908716269636,0.010579908716269636
economically,-0.01057874062693284,0.01057874062693284
korea,0.010578107738614388,0.010578107738614388
assist,0.010575523958454796,0.010575523958454796
sigma,-0.010565719477249243,0.010565719477249243
database,0.010563021942308626,0.010563021942308626
separation,-0.0105609376997839,0.0105609376997839
scenario,-0.010560255099896302,0.010560255099896302
portraits,0.010559264612676022,0.010559264612676022
180,-0.010558311915777906,0.010558311915777906
using,-0.010556523219752718,0.010556523219752718
seen,0.010555578049248506,0.010555578049248506
asian,0.010548770578544435,0.010548770578544435
interpreter,-0.01054808112741189,0.01054808112741189
discussion,-0.010545141072507687,0.010545141072507687
simplify,-0.010544457157681333,0.010544457157681333
america,-0.010544071170055467,0.010544071170055467
naked,0.010536940863693087,0.010536940863693087
wife,0.010536785601021599,0.010536785601021599
licensed,0.010536317999910925,0.010536317999910925
inability,-0.010534741178262367,0.010534741178262367
comments,-0.010531655204318062,0.010531655204318062
japan,0.01052989497710354,0.01052989497710354
ddr4,0.010528658718722378,0.010528658718722378
screw,0.010526613455657812,0.010526613455657812
orgs,0.010526544258293765,0.010526544258293765
iq,-0.010525269342222584,0.010525269342222584
beast,0.010518001199414026,0.010518001199414026
found,-0.010514919812281344,0.010514919812281344
helper,-0.01051336868995625,0.01051336868995625
ssd,-0.010510345120421516,0.010510345120421516
possess,-0.010510060060918083,0.010510060060918083
email,-0.01050595670261174,0.01050595670261174
describes,0.01050149800133565,0.01050149800133565
besides,-0.010501361894706355,0.010501361894706355
m2,-0.010489357243172544,0.010489357243172544
hallucinating,0.010488993543642074,0.010488993543642074
torch,-0.010488639361419737,0.010488639361419737
troll,-0.010488595867394427,0.010488595867394427
spots,-0.010488036446565936,0.010488036446565936
calculations,-0.010483103439077452,0.010483103439077452
indicator,-0.010478365105315511,0.010478365105315511
influences,-0.01047795962444705,0.01047795962444705
sharp,0.010475647255118476,0.010475647255118476
approximately,0.01047517819020444,0.01047517819020444
32gb,-0.01046563542760967,0.01046563542760967
laser,0.010461922892614025,0.010461922892614025
mixtral,0.010456025512350555,0.010456025512350555
decent,-0.010452308501055113,0.010452308501055113
beer,-0.010451859001896132,0.010451859001896132
category,-0.010451307413025662,0.010451307413025662
rewrite,-0.01045077605073401,0.01045077605073401
turns,0.010448630944927598,0.010448630944927598
colored,-0.010442311034247783,0.010442311034247783
waymo,-0.010441362766408564,0.010441362766408564
learns,-0.010436288398995871,0.010436288398995871
prevention,-0.010435227977097254,0.010435227977097254
q2,0.010432060330495836,0.010432060330495836
rocm,-0.010428995929777416,0.010428995929777416
hollywood,-0.010428584221027916,0.010428584221027916
locations,-0.010425457636629883,0.010425457636629883
annoying,0.01042385286675134,0.01042385286675134
believe,-0.010423303130047926,0.010423303130047926
curriculum,-0.010419978181692815,0.010419978181692815
books,-0.010419232006907574,0.010419232006907574
geometry,0.010417280139875166,0.010417280139875166
yaml,0.010414654539071646,0.010414654539071646
preservation,-0.010412032308622777,0.010412032308622777
semi,-0.010410964772874577,0.010410964772874577
30s,-0.010403962018226146,0.010403962018226146
effort,0.010399740554585203,0.010399740554585203
conflict,0.01039800255559792,0.01039800255559792
xl,-0.010397080764191135,0.010397080764191135
100x,0.01039678649299677,0.01039678649299677
hub,-0.010396177576274451,0.010396177576274451
lift,0.010395761784377226,0.010395761784377226
infinitely,-0.010388992529842525,0.010388992529842525
haskell,0.01038860567212183,0.01038860567212183
surrounded,0.010381724397878185,0.010381724397878185
password,0.010381511314106867,0.010381511314106867
require,-0.010377253281162499,0.010377253281162499
relatively,0.010371314966507674,0.010371314966507674
technical,0.010364004911159628,0.010364004911159628
episode,0.010359776618493162,0.010359776618493162
expressions,-0.01035891550416069,0.01035891550416069
thrive,-0.010353764663147327,0.010353764663147327
15,0.010346881646832815,0.010346881646832815
physics,-0.010343979540610155,0.010343979540610155
constant,0.010341520018104143,0.010341520018104143
jumps,-0.010340959878025403,0.010340959878025403
enter,-0.010339256280445203,0.010339256280445203
spitting,0.010336740989576952,0.010336740989576952
guardrails,0.010323432510467526,0.010323432510467526
replaces,0.010317953486419434,0.010317953486419434
transit,-0.010312676626936001,0.010312676626936001
silver,0.010312080901165954,0.010312080901165954
evolving,-0.010311278735066825,0.010311278735066825
frameworks,0.01030982170428225,0.01030982170428225
victims,-0.010305279089869914,0.010305279089869914
cluster,0.01029945814680676,0.01029945814680676
gpt3,-0.010296913885372034,0.010296913885372034
coworkers,0.010289074724661092,0.010289074724661092
invasive,0.010284736555930806,0.010284736555930806
indicate,0.010282915870222648,0.010282915870222648
buddy,-0.010276970058228335,0.010276970058228335
learn,-0.010275229150675526,0.010275229150675526
aligning,-0.010264666540892697,0.010264666540892697
battle,-0.010262019465161892,0.010262019465161892
tts,-0.010257916897424968,0.010257916897424968
valuation,0.01025689603131014,0.01025689603131014
organization,-0.010254091642530454,0.010254091642530454
oh,-0.010253863747045198,0.010253863747045198
millennials,0.010248878375910472,0.010248878375910472
reducing,0.010232153582469282,0.010232153582469282
awhile,0.010225487565300494,0.010225487565300494
workplace,0.010222984674726794,0.010222984674726794
recording,-0.010222456488015697,0.010222456488015697
educate,-0.01022201005806837,0.01022201005806837
entire,0.010220597389413364,0.010220597389413364
suddenly,0.01021112184003131,0.01021112184003131
accepted,-0.010209241560533313,0.010209241560533313
blockchain,0.010203197409042382,0.010203197409042382
outputting,0.010203082495429224,0.010203082495429224
uncomfortable,0.010201224539704002,0.010201224539704002
interfaces,-0.01019822978551644,0.01019822978551644
batch,-0.010194065633805266,0.010194065633805266
suspect,0.010188282912800129,0.010188282912800129
marked,-0.010187372613667606,0.010187372613667606
cli,0.010184783178247267,0.010184783178247267
wrapper,0.010182407537927143,0.010182407537927143
unsustainable,-0.01018195147148014,0.01018195147148014
july,-0.01017643121641813,0.01017643121641813
wasnt,-0.010175243873205165,0.010175243873205165
absorb,0.010174239242653827,0.010174239242653827
prison,-0.010173699653739854,0.010173699653739854
meet,-0.010172793769626754,0.010172793769626754
nicely,-0.010172471980488283,0.010172471980488283
adults,0.010172143280524975,0.010172143280524975
entered,0.010169261595174305,0.010169261595174305
equally,0.010162423652175467,0.010162423652175467
scrape,0.010162272997086202,0.010162272997086202
recreate,-0.010158525421138693,0.010158525421138693
committed,0.01015418816452996,0.01015418816452996
300,-0.010152901550549733,0.010152901550549733
ram,-0.010141771114322708,0.010141771114322708
advent,0.010140406844650118,0.010140406844650118
hallucination,0.01014004806691914,0.01014004806691914
iran,-0.010133600555934246,0.010133600555934246
narrow,-0.01013217556308725,0.01013217556308725
programming,0.01012913437268379,0.01012913437268379
wtf,0.010125967379749273,0.010125967379749273
souls,-0.010124177020568524,0.010124177020568524
manual,-0.010118285338000665,0.010118285338000665
tom,0.010114355130693272,0.010114355130693272
reviewed,-0.010112204360421734,0.010112204360421734
moving,0.010109925064085958,0.010109925064085958
ads,0.01010192734456713,0.01010192734456713
intensive,0.010100709140447901,0.010100709140447901
respected,0.010097933575468213,0.010097933575468213
compress,0.010094677569550042,0.010094677569550042
installed,-0.010093458973343605,0.010093458973343605
instinct,-0.010090248706203264,0.010090248706203264
worlds,-0.010087732170375402,0.010087732170375402
unified,-0.010086334475344757,0.010086334475344757
folders,-0.010084049855136926,0.010084049855136926
mj,0.010083931328807274,0.010083931328807274
analyse,0.010082945178438175,0.010082945178438175
interpret,-0.010078976438136747,0.010078976438136747
sd,-0.010072858802021755,0.010072858802021755
hop,-0.010066624242393447,0.010066624242393447
similar,-0.010065482748699667,0.010065482748699667
titles,0.0100637968632454,0.0100637968632454
elderly,0.010058498572350087,0.010058498572350087
big,0.010057866709756695,0.010057866709756695
mandatory,0.010053430484495992,0.010053430484495992
instance,-0.010052592770436956,0.010052592770436956
damaging,0.010050178900400232,0.010050178900400232
actor,-0.01004782953385864,0.01004782953385864
pic,-0.010043603150172161,0.010043603150172161
chances,-0.010043003877270685,0.010043003877270685
lonely,0.010042300574659673,0.010042300574659673
committee,-0.01003940038428995,0.01003940038428995
visualization,0.010036630310047742,0.010036630310047742
uber,0.010032648522828785,0.010032648522828785
collapsing,-0.01002756671351252,0.01002756671351252
sentiment,0.01002587503007399,0.01002587503007399
aid,-0.010025442800611788,0.010025442800611788
boat,0.010023806265906049,0.010023806265906049
clothing,0.010018365387708665,0.010018365387708665
pause,0.010014581601819032,0.010014581601819032
arises,-0.010013604144126343,0.010013604144126343
gallery,-0.01001299439298209,0.01001299439298209
2019,0.010012432257381881,0.010012432257381881
morals,-0.010009898251413183,0.010009898251413183
recorded,-0.010009693166078243,0.010009693166078243
101,-0.010006578246236311,0.010006578246236311
raised,-0.010003401230899395,0.010003401230899395
reality,-0.01000179458106755,0.01000179458106755
mac,-0.010001618493900355,0.010001618493900355
proper,-0.0099950999886309,0.0099950999886309
academics,-0.00999354961105662,0.00999354961105662
poem,0.009988207778276931,0.009988207778276931
card,-0.009987510465369467,0.009987510465369467
retired,0.009986489342827176,0.009986489342827176
winners,0.009985766257105708,0.009985766257105708
edge,0.009984291585565004,0.009984291585565004
wrap,-0.009975229925688335,0.009975229925688335
government,-0.009969532547385238,0.009969532547385238
ice,-0.009964181042221179,0.009964181042221179
voted,-0.00995103875381798,0.00995103875381798
dumbass,-0.009939685444636802,0.009939685444636802
gotta,0.009938094515442274,0.009938094515442274
embed,-0.009926433818453527,0.009926433818453527
plants,-0.009925984947692309,0.009925984947692309
sits,0.009923273981786655,0.009923273981786655
launched,0.009920315234522617,0.009920315234522617
objective,-0.009910638782495915,0.009910638782495915
transformative,-0.009904425475927858,0.009904425475927858
mission,0.009903850642974958,0.009903850642974958
firefly,-0.00990308014938673,0.00990308014938673
inheritance,0.009901192273645451,0.009901192273645451
aware,-0.009899842645771978,0.009899842645771978
partner,0.009898454304636366,0.009898454304636366
notable,0.009895743210834031,0.009895743210834031
_source,-0.00989547437989516,0.00989547437989516
developers,0.009892623757935214,0.009892623757935214
2014,0.009891878453625205,0.009891878453625205
overview,-0.009891204517814202,0.009891204517814202
speaker,0.00988737765589154,0.00988737765589154
saves,-0.009885697072294941,0.009885697072294941
resume,0.009885526622690748,0.009885526622690748
frequent,-0.009880789443575642,0.009880789443575642
furthermore,-0.009879007586706762,0.009879007586706762
export,-0.009871842907763682,0.009871842907763682
fate,-0.00986823229715445,0.00986823229715445
converting,-0.009866647532716571,0.009866647532716571
shorter,0.009862568368991045,0.009862568368991045
deserve,-0.009850593638196957,0.009850593638196957
plastic,0.00984867984249244,0.00984867984249244
privately,0.009845989962533247,0.009845989962533247
hiring,0.009844591342543308,0.009844591342543308
minus,-0.009843320861768364,0.009843320861768364
actively,0.009837978938020374,0.009837978938020374
strategy,0.009835318916959884,0.009835318916959884
spanish,-0.009834838151270444,0.009834838151270444
look,-0.00983380566461093,0.00983380566461093
rare,-0.009830054888630455,0.009830054888630455
obscure,0.009824635790364071,0.009824635790364071
preferably,-0.009822711347528192,0.009822711347528192
attachments,-0.009821859090871906,0.009821859090871906
beach,-0.00982156473047485,0.00982156473047485
perfectly,0.009820113650576773,0.009820113650576773
linux,-0.009817423129966503,0.009817423129966503
movement,0.009815449336722367,0.009815449336722367
yield,-0.009813637375307088,0.009813637375307088
aesthetic,0.00981009728904164,0.00981009728904164
degrees,-0.009809386022089727,0.009809386022089727
desirable,0.009809031206720213,0.009809031206720213
apply,-0.009807923934395592,0.009807923934395592
palm,0.009805063295070356,0.009805063295070356
slightly,0.009804250770767955,0.009804250770767955
imho,0.009803686124912543,0.009803686124912543
answered,-0.009801070374276183,0.009801070374276183
divide,-0.009800766839015726,0.009800766839015726
flawed,-0.009796014835086022,0.009796014835086022
enemies,0.009794972149079349,0.009794972149079349
short,0.009788047579051698,0.009788047579051698
envision,0.009787824037627435,0.009787824037627435
tackle,0.009787270025795294,0.009787270025795294
siri,0.009786693304638334,0.009786693304638334
achievement,-0.009785521708537307,0.009785521708537307
goat,0.009784819527740872,0.009784819527740872
transmission,-0.009784032580670447,0.009784032580670447
recognition,0.009783952871762529,0.009783952871762529
special,-0.009782258430151566,0.009782258430151566
rules,-0.009782111186471803,0.009782111186471803
marks,-0.0097804167012952,0.0097804167012952
master,-0.00977803971067865,0.00977803971067865
shape,0.00977644025059083,0.00977644025059083
match,0.00977210803766959,0.00977210803766959
absurd,0.009770112608522384,0.009770112608522384
picks,-0.009770063055384966,0.009770063055384966
separated,-0.00976902881522775,0.00976902881522775
races,0.009765759176587903,0.009765759176587903
advancing,0.009759578230830455,0.009759578230830455
concise,0.009759322139270674,0.009759322139270674
pets,0.00975198961726642,0.00975198961726642
72,0.009749775182034431,0.009749775182034431
redundant,-0.009742355527106877,0.009742355527106877
tbh,0.009741812820652831,0.009741812820652831
towns,0.009735770302558983,0.009735770302558983
difference,-0.009735228121100399,0.009735228121100399
er,-0.009733155018737632,0.009733155018737632
kick,-0.009729806945378066,0.009729806945378066
brought,0.009729765338378531,0.009729765338378531
17zrsj3,-0.00972056143713128,0.00972056143713128
96,0.00971756292150521,0.00971756292150521
events,-0.009716903215953447,0.009716903215953447
interestingly,-0.009715893324512143,0.009715893324512143
apart,-0.009713161618671796,0.009713161618671796
img2img,-0.009702697413105572,0.009702697413105572
bench,0.009702112454130659,0.009702112454130659
suno,-0.009701718741872386,0.009701718741872386
tutor,0.00969568126964784,0.00969568126964784
sing,-0.009692125105015117,0.009692125105015117
fox,0.00968354882525852,0.00968354882525852
hiding,0.00968323933890215,0.00968323933890215
obvious,0.009681815781559747,0.009681815781559747
essentially,0.009672631922927874,0.009672631922927874
serves,-0.00966753254853707,0.00966753254853707
columns,-0.009664799443815807,0.009664799443815807
signing,0.009662123960065605,0.009662123960065605
angry,0.009660419150314178,0.009660419150314178
uncensored,0.0096588329522921,0.0096588329522921
discovery,0.009656844812765379,0.009656844812765379
honest,0.009652683211968214,0.009652683211968214
bin,0.009649477307572362,0.009649477307572362
planets,-0.009648214818633573,0.009648214818633573
safer,-0.009645140404688697,0.009645140404688697
rpg,0.009645102858920304,0.009645102858920304
mortality,-0.009644956467334478,0.009644956467334478
everywhere,0.009641856285460024,0.009641856285460024
limitations,-0.009640357284897169,0.009640357284897169
conversation,-0.009632660412635522,0.009632660412635522
sfw,0.009631499870970889,0.009631499870970889
38,-0.009629666373826371,0.009629666373826371
appropriately,0.009629045877890189,0.009629045877890189
biden,-0.009620534347907213,0.009620534347907213
trigger,-0.00961943343511577,0.00961943343511577
muscle,0.00961862616017305,0.00961862616017305
clip,-0.009615979104181016,0.009615979104181016
perhaps,-0.009611164214191633,0.009611164214191633
magic,0.009609845821988736,0.009609845821988736
award,0.009608572217523068,0.009608572217523068
damned,0.009608478660211268,0.009608478660211268
standardized,-0.009607632686768711,0.009607632686768711
grants,0.00960280339181509,0.00960280339181509
nose,-0.009602140330504863,0.009602140330504863
improvements,0.009599284426015944,0.009599284426015944
vacuum,0.009598102853917708,0.009598102853917708
overflow,0.009593660710089439,0.009593660710089439
took,0.009589347385727476,0.009589347385727476
web3x,0.009587196948390705,0.009587196948390705
web3xcss,0.009587196948390705,0.009587196948390705
grid,-0.009587127679098214,0.009587127679098214
referenced,0.009579525708335484,0.009579525708335484
epic,-0.009577725491413036,0.009577725491413036
vendor,-0.009574818792483376,0.009574818792483376
refined,-0.009570169221332657,0.009570169221332657
trolling,-0.009568194052201945,0.009568194052201945
watermark,-0.009566168884649884,0.009566168884649884
hype,0.009562571347262743,0.009562571347262743
exceptions,0.009562068278289752,0.009562068278289752
username,-0.009556125141688996,0.009556125141688996
beta,-0.009554489669208886,0.009554489669208886
displays,0.009551301373207859,0.009551301373207859
brief,0.009550186896713216,0.009550186896713216
drone,0.009547688419023537,0.009547688419023537
offers,-0.009544431560750233,0.009544431560750233
donald,0.009543468989580126,0.009543468989580126
amazed,0.009540294885870736,0.009540294885870736
hill,-0.009533355102586643,0.009533355102586643
scraping,-0.009533281882044848,0.009533281882044848
awareness,-0.009529301465684058,0.009529301465684058
admitted,-0.00952877907247114,0.00952877907247114
emails,0.009528322992185246,0.009528322992185246
forgot,-0.009527992637075327,0.009527992637075327
output,-0.00952300071979093,0.00952300071979093
doom,-0.009516649667536445,0.009516649667536445
approaching,0.009516190011876278,0.009516190011876278
tries,0.009511767085337294,0.009511767085337294
dall,-0.00950942544488942,0.00950942544488942
ml,0.00950410113838116,0.00950410113838116
recursive,-0.009503282346202383,0.009503282346202383
deal,0.009503013999081156,0.009503013999081156
ugly,0.009500508869958589,0.009500508869958589
wow,-0.009499541146831561,0.009499541146831561
ups,0.00949840318165011,0.00949840318165011
employer,0.0094916302155594,0.0094916302155594
remote,-0.009490462131232736,0.009490462131232736
predicted,0.00949024125591439,0.00949024125591439
extreme,0.009486638459949931,0.009486638459949931
artifacts,-0.009483557450534232,0.009483557450534232
anthropic,0.009482606719111377,0.009482606719111377
son,0.009477309880986964,0.009477309880986964
technologies,-0.009476601922133857,0.009476601922133857
kids,0.009476425299043372,0.009476425299043372
monetary,0.009476037183961917,0.009476037183961917
kid,0.009475668575217524,0.009475668575217524
cpu,-0.009474750125026715,0.009474750125026715
plays,0.0094730687267062,0.0094730687267062
anytime,0.009470291848594185,0.009470291848594185
combat,0.009468473900109275,0.009468473900109275
void,0.009464694428484419,0.009464694428484419
landing,-0.009463618051103401,0.009463618051103401
modelversionid,-0.009463062107963407,0.009463062107963407
imagining,-0.009462936125928434,0.009462936125928434
brands,-0.009462442265092219,0.009462442265092219
divided,-0.009462015332296252,0.009462015332296252
loud,0.009461158767783976,0.009461158767783976
horny,0.009460082745556677,0.009460082745556677
looking,-0.00945397429876575,0.00945397429876575
exaggerated,0.009453286147103739,0.009453286147103739
wireless,-0.009451624800379463,0.009451624800379463
arbitrary,0.009449137483613037,0.009449137483613037
accessible,0.009445921478933023,0.009445921478933023
hot,0.009444157259100437,0.009444157259100437
writer,-0.009443548212402477,0.009443548212402477
discord,-0.009441062993345828,0.009441062993345828
hood,0.009439857775001103,0.009439857775001103
east,0.009439666194736409,0.009439666194736409
mediocre,0.009439500737759466,0.009439500737759466
letters,0.009438817995185476,0.009438817995185476
rarely,0.009436037608957665,0.009436037608957665
designing,0.009429542194651459,0.009429542194651459
typescript,0.00942642424958628,0.00942642424958628
pros,-0.009424991516966881,0.009424991516966881
labour,0.009423352970673272,0.009423352970673272
ecological,-0.009422855242260617,0.009422855242260617
outperform,0.009420826265386453,0.009420826265386453
board,0.009415655741214937,0.009415655741214937
manipulate,0.009413554552369375,0.009413554552369375
mice,0.009412693101323488,0.009412693101323488
utm_content,0.009407855312502064,0.009407855312502064
sarcastic,0.00940677018532934,0.00940677018532934
guarantee,0.009405043375958514,0.009405043375958514
giants,0.009404301934046944,0.009404301934046944
next,0.00940370140697737,0.00940370140697737
odds,-0.009402265631805176,0.009402265631805176
hello,-0.009402226435382605,0.009402226435382605
consumed,-0.009397892327985321,0.009397892327985321
hahaha,-0.00939516683880383,0.00939516683880383
wrong,-0.009389547131088553,0.009389547131088553
island,0.009384239783596723,0.009384239783596723
potentially,0.009380969301323386,0.009380969301323386
runway,0.009374669829257942,0.009374669829257942
hence,-0.009374525712626628,0.009374525712626628
native,0.009374054929467093,0.009374054929467093
resumes,0.009371959009107369,0.009371959009107369
2024,0.009370783192083433,0.009370783192083433
calling,0.009369436874571282,0.009369436874571282
repository,0.00936939293818903,0.00936939293818903
46,0.009367897667444695,0.009367897667444695
paint,-0.009365597326201637,0.009365597326201637
ti,-0.009362042620083435,0.009362042620083435
capturing,-0.00935999835967997,0.00935999835967997
workspace,-0.009359042090944193,0.009359042090944193
soon,0.009357752011147781,0.009357752011147781
incentives,0.009352009858195754,0.009352009858195754
lisa,0.009351710798035798,0.009351710798035798
ladder,-0.00935170215168863,0.00935170215168863
corruption,-0.009347241046695494,0.009347241046695494
blast,-0.009342453002269095,0.009342453002269095
remains,-0.009341818781565021,0.009341818781565021
tight,-0.009339539858982948,0.009339539858982948
shipped,0.009336071940468722,0.009336071940468722
flowing,-0.009334378748531826,0.009334378748531826
thoughts,-0.009330667940638538,0.009330667940638538
endpoints,0.009329596100922597,0.009329596100922597
ethics,-0.009328746029286369,0.009328746029286369
comprehension,-0.009325535834402307,0.009325535834402307
abused,0.009324659298217674,0.009324659298217674
scarce,-0.009323928777461571,0.009323928777461571
missed,-0.009322771313105459,0.009322771313105459
sites,0.009322402686768325,0.009322402686768325
2000,0.009321955510888697,0.009321955510888697
buggy,-0.009321730063612447,0.009321730063612447
segment,-0.00932036749933455,0.00932036749933455
seniors,-0.009319275318826278,0.009319275318826278
unintended,0.009317287263223244,0.009317287263223244
basis,-0.009317166108941332,0.009317166108941332
economical,-0.00930224821291794,0.00930224821291794
pdfs,-0.009299587693149756,0.009299587693149756
preparing,0.009298168342201893,0.009298168342201893
citations,0.009296205917320319,0.009296205917320319
supreme,-0.009296019759624814,0.009296019759624814
determining,-0.009294573102639673,0.009294573102639673
removes,0.009292220229940742,0.009292220229940742
talented,0.009291270432099865,0.009291270432099865
trick,0.009290109986460812,0.009290109986460812
shirts,-0.009289409142749071,0.009289409142749071
means,0.009288580114820798,0.009288580114820798
deliberately,0.00928708420078808,0.00928708420078808
passing,0.009286004861770185,0.009286004861770185
announced,0.009285986510921135,0.009285986510921135
eternal,-0.00928155336876491,0.00928155336876491
cable,0.009280277582581632,0.009280277582581632
scare,-0.009277648042227792,0.009277648042227792
jets,0.009272961885554336,0.009272961885554336
varies,0.00927231183921658,0.00927231183921658
define,-0.00927055448014514,0.00927055448014514
explored,0.009247168733370852,0.009247168733370852
press,0.009238095821958375,0.009238095821958375
theguardian,0.009230070807023677,0.009230070807023677
hyper,-0.009229324830142908,0.009229324830142908
gender,0.00922359292707648,0.00922359292707648
repeated,-0.00922138495790198,0.00922138495790198
compression,0.009219881023179595,0.009219881023179595
populace,-0.009215462734939044,0.009215462734939044
program,-0.00920512039261172,0.00920512039261172
weekend,0.009190237595579877,0.009190237595579877
hate,0.00918945389696733,0.00918945389696733
ca,-0.00918641960347448,0.00918641960347448
motivations,-0.009184811285654569,0.009184811285654569
showing,0.009182210536449466,0.009182210536449466
learning,-0.009181977951871917,0.009181977951871917
pretty,0.009158324645220508,0.009158324645220508
farmer,-0.009156110376322616,0.009156110376322616
recovery,0.009155712731170973,0.009155712731170973
entries,0.009154318640122162,0.009154318640122162
prioritize,-0.00914687325015164,0.00914687325015164
1arlv5s,-0.00914271647309777,0.00914271647309777
pencil,0.009141579432192936,0.009141579432192936
drink,-0.009138065358408026,0.009138065358408026
influential,0.009136258043455268,0.009136258043455268
adapting,-0.009133448537693408,0.009133448537693408
tickets,0.00913140736558509,0.00913140736558509
txt,-0.009127712606764492,0.009127712606764492
sent,0.009127246343336544,0.009127246343336544
participation,-0.009124871472547065,0.009124871472547065
mo,0.009123212249984483,0.009123212249984483
popping,0.009119035942122078,0.009119035942122078
leaking,0.009110017787760454,0.009110017787760454
interpreted,-0.009107632221891478,0.009107632221891478
functional,0.00910741718392198,0.00910741718392198
sat,-0.009105545302376748,0.009105545302376748
sisters,0.0091028886412173,0.0091028886412173
recognized,-0.009101559217306213,0.009101559217306213
pushing,0.009100592515343908,0.009100592515343908
bounds,-0.009099357485425936,0.009099357485425936
discordapp,-0.009096995455402143,0.009096995455402143
sketch,-0.00909555204126698,0.00909555204126698
least,-0.009090967183771972,0.009090967183771972
max,-0.009089478065801435,0.009089478065801435
determinism,-0.009087872341001417,0.009087872341001417
political,0.00908540792887581,0.00908540792887581
equipped,0.00908481169730583,0.00908481169730583
slot,-0.009083110967271045,0.009083110967271045
wet,0.009082955445639185,0.009082955445639185
houses,0.009077746620074816,0.009077746620074816
disconnected,-0.009076503997639674,0.009076503997639674
importance,-0.00907507992581033,0.00907507992581033
north,-0.009073892068152714,0.009073892068152714
months,0.009072328834338596,0.009072328834338596
architectural,0.009071855928111666,0.009071855928111666
joined,0.009070476062376858,0.009070476062376858
chocolate,-0.00906867138742191,0.00906867138742191
thin,0.0090659957299949,0.0090659957299949
catch,0.009062284149097518,0.009062284149097518
absolute,0.00905465274089506,0.00905465274089506
bones,0.0090507176756161,0.0090507176756161
casual,0.00904844948376497,0.00904844948376497
designs,-0.009047374416393998,0.009047374416393998
docs,-0.009045650195484823,0.009045650195484823
attack,0.009040349558950661,0.009040349558950661
engineered,0.00904014125278476,0.00904014125278476
128,0.009039977750820494,0.009039977750820494
altogether,0.009038970520735205,0.009038970520735205
irl,-0.009035326865740668,0.009035326865740668
loader,-0.009034139142835887,0.009034139142835887
adaptive,-0.009033827713503891,0.009033827713503891
fork,0.00903072594875836,0.00903072594875836
mobile,-0.009030250756898428,0.009030250756898428
figures,0.009021398677694555,0.009021398677694555
choose,-0.009020971648297724,0.009020971648297724
disgusting,0.009007837961969205,0.009007837961969205
instruction,-0.009005468037450635,0.009005468037450635
stochastic,0.009003133900807463,0.009003133900807463
addicted,0.009002517438173277,0.009002517438173277
developer,0.008998502245389964,0.008998502245389964
quantization,0.008993594609160905,0.008993594609160905
pasted,-0.008993150722799428,0.008993150722799428
thinks,0.00899165586263928,0.00899165586263928
mature,-0.008989416081357636,0.008989416081357636
groups,-0.008985224486036517,0.008985224486036517
mixing,-0.00897640164177245,0.00897640164177245
month,0.00897462112358909,0.00897462112358909
puts,0.008973511489200437,0.008973511489200437
wording,0.008972836672676253,0.008972836672676253
york,0.008970552934791745,0.008970552934791745
ish,-0.008967133171226188,0.008967133171226188
efficiently,0.00896619461664877,0.00896619461664877
displayed,0.008956059773320901,0.008956059773320901
firms,-0.008945711170815036,0.008945711170815036
stabilityai,0.008938873960884936,0.008938873960884936
entirety,0.008938407676843686,0.008938407676843686
intuitive,-0.008933593575440173,0.008933593575440173
hard,0.008929433023756882,0.008929433023756882
stakeholders,0.008925696188274799,0.008925696188274799
radical,0.008924508128072285,0.008924508128072285
measurement,-0.008923901646210692,0.008923901646210692
maths,-0.00892278671116645,0.00892278671116645
zombie,-0.00892225165531753,0.00892225165531753
asia,0.008916674131769407,0.008916674131769407
week,0.008916133738288111,0.008916133738288111
leaving,0.008915995238078487,0.008915995238078487
giveaway,-0.008912578391758937,0.008912578391758937
occurring,-0.00891249974483855,0.00891249974483855
sustainability,0.008894946040252552,0.008894946040252552
coupled,0.008892523491140319,0.008892523491140319
kindly,-0.008887661640740176,0.008887661640740176
january,0.008884895138131335,0.008884895138131335
lowering,-0.008879480415446915,0.008879480415446915
dictator,-0.008871708854532104,0.008871708854532104
upscale,-0.008871441841267393,0.008871441841267393
certain,-0.008867178479517538,0.008867178479517538
researcher,0.008866943333760289,0.008866943333760289
fold,0.008861674404353728,0.008861674404353728
everyone,0.008861042962129924,0.008861042962129924
introduces,-0.008860928518874114,0.008860928518874114
take,-0.008858584668656815,0.008858584668656815
wants,0.008857768199045997,0.008857768199045997
obviously,-0.008857696361801455,0.008857696361801455
invented,0.008857169476596554,0.008857169476596554
2c,0.008842475300357063,0.008842475300357063
educated,0.008842421263897586,0.008842421263897586
difficulties,0.008833016542302204,0.008833016542302204
statements,-0.008830161560751294,0.008830161560751294
right,-0.008826955126710341,0.008826955126710341
lang,0.008823727017329624,0.008823727017329624
hidden,0.00882056524076556,0.00882056524076556
hundreds,0.008819057871710992,0.008819057871710992
machinelearning,-0.008812535341834005,0.008812535341834005
13,-0.008810975932119209,0.008810975932119209
keeps,0.008808661924062587,0.008808661924062587
specify,-0.008808311640416275,0.008808311640416275
trees,-0.008807516751358954,0.008807516751358954
religious,-0.008807459154187165,0.008807459154187165
iterate,0.00880684780551671,0.00880684780551671
cascade,0.008805033712016888,0.008805033712016888
resources,-0.00880275929758943,0.00880275929758943
peace,-0.008797959004962523,0.008797959004962523
reputation,0.008797793968790171,0.008797793968790171
googling,-0.008795254461791713,0.008795254461791713
told,0.008791690425051011,0.008791690425051011
horizon,0.00878957732885412,0.00878957732885412
authorities,0.008786090075718142,0.008786090075718142
association,-0.00878403319158713,0.00878403319158713
invent,0.008779529540609343,0.008779529540609343
24,-0.00877949515194344,0.00877949515194344
underestimate,0.00877696335684657,0.00877696335684657
noise,0.00877489061733068,0.00877489061733068
ah,-0.008770332110418402,0.008770332110418402
placed,-0.008765645340999488,0.008765645340999488
known,0.00876205423728903,0.00876205423728903
trade,-0.0087548973137815,0.0087548973137815
approved,0.0087542712741182,0.0087542712741182
clock,0.008753213274478592,0.008753213274478592
excuses,-0.008752673297487608,0.008752673297487608
expenses,-0.008750943325356442,0.008750943325356442
deadline,0.00874980524377133,0.00874980524377133
congrats,-0.0087441351554723,0.0087441351554723
ig,-0.008743903199752054,0.008743903199752054
listened,0.008741134581365922,0.008741134581365922
intelligent,-0.008738816675760775,0.008738816675760775
collective,-0.008737445708682819,0.008737445708682819
sink,0.00872742595448378,0.00872742595448378
mind,-0.00872637083272807,0.00872637083272807
purchase,-0.008717637789488206,0.008717637789488206
formatting,-0.008717107421976131,0.008717107421976131
trans,-0.008716751292289224,0.008716751292289224
massively,0.008716383778889013,0.008716383778889013
flavor,-0.00871487091960191,0.00871487091960191
disappointment,0.00871252220160051,0.00871252220160051
rewards,0.008711000410638353,0.008711000410638353
beat,0.008710889616136346,0.008710889616136346
fascist,-0.008708757245824972,0.008708757245824972
struggling,-0.008707177525022447,0.008707177525022447
greatly,-0.008701946205546159,0.008701946205546159
customized,-0.008699408907286592,0.008699408907286592
tier,0.008698325838580684,0.008698325838580684
utm_medium,-0.008697929056910452,0.008697929056910452
doomer,0.00869764527174997,0.00869764527174997
boy,0.00869596108963089,0.00869596108963089
samplers,-0.008694796590694614,0.008694796590694614
unstable,0.008693643133619394,0.008693643133619394
tracking,0.008688726891157928,0.008688726891157928
controversy,-0.008678918400658847,0.008678918400658847
mortgage,0.008678721033977207,0.008678721033977207
instead,0.008678047468601777,0.008678047468601777
llama3,0.008676474310225711,0.008676474310225711
marketing,0.00867635637217849,0.00867635637217849
worldwide,0.008674983557406875,0.008674983557406875
subscribed,-0.00867488480113856,0.00867488480113856
chapter,0.008670868627131612,0.008670868627131612
faces,-0.008669746122781399,0.008669746122781399
saved,-0.008667824525978895,0.008667824525978895
crimes,-0.008661828561012904,0.008661828561012904
successfully,-0.008661332974077953,0.008661332974077953
almost,0.008660893745522156,0.008660893745522156
simulations,-0.008660230432159176,0.008660230432159176
trend,0.008659870466665833,0.008659870466665833
uploads,-0.008658322752973116,0.008658322752973116
hydrogen,-0.008657717203887168,0.008657717203887168
hated,-0.008654371076517595,0.008654371076517595
app,-0.00865413953831756,0.00865413953831756
say,-0.008651917123253491,0.008651917123253491
guides,-0.008651453933621524,0.008651453933621524
mechanics,-0.008651035214450587,0.008651035214450587
shame,0.008649896190539566,0.008649896190539566
celsius,-0.008646844183705885,0.008646844183705885
forth,0.008643326271588182,0.008643326271588182
profiles,-0.008638538250671702,0.008638538250671702
union,0.008638346029269658,0.008638346029269658
tooth,0.008636127522287882,0.008636127522287882
concentration,-0.008632744920517984,0.008632744920517984
selection,-0.008632159245127141,0.008632159245127141
tos,-0.008631550093959007,0.008631550093959007
compile,0.008627308853770665,0.008627308853770665
copilot,0.008621777456831039,0.008621777456831039
insulting,-0.008619895294165044,0.008619895294165044
realizing,0.008618886158944052,0.008618886158944052
urge,-0.0086172586624435,0.0086172586624435
beliefs,-0.008616449511006173,0.008616449511006173
brute,-0.008615896961454582,0.008615896961454582
grown,0.008612280897533148,0.008612280897533148
decade,0.008608353149338235,0.008608353149338235
mimic,-0.008605850778501227,0.008605850778501227
backing,-0.008605511433889417,0.008605511433889417
organs,0.008604836997855676,0.008604836997855676
sacrifice,-0.008604026015510812,0.008604026015510812
pastebin,-0.008602218893769284,0.008602218893769284
2048,-0.008596574387744974,0.008596574387744974
prepare,0.008594611962118899,0.008594611962118899
defense,0.008592728008446574,0.008592728008446574
tie,0.008589892603039075,0.008589892603039075
excel,0.008586234614714026,0.008586234614714026
weird,0.00858600743307194,0.00858600743307194
kitchen,0.008584930580992283,0.008584930580992283
playground,-0.008584840639112147,0.008584840639112147
sides,-0.008584345240799327,0.008584345240799327
8b,0.008582150264215443,0.008582150264215443
diverse,0.008581330620339693,0.008581330620339693
face,-0.008580744954426171,0.008580744954426171
piss,0.008579551115373478,0.008579551115373478
laptops,-0.008575640977078056,0.008575640977078056
dancing,0.0085736153300297,0.0085736153300297
dimensional,-0.008569872857060524,0.008569872857060524
create,-0.008561176033911159,0.008561176033911159
high,0.008558984709815974,0.008558984709815974
clusters,0.008558059220770678,0.008558059220770678
mysterious,0.008553103232666713,0.008553103232666713
handed,-0.008550710360111553,0.008550710360111553
flexible,-0.008549634982980885,0.008549634982980885
fantastic,0.008544808085582755,0.008544808085582755
sufficiently,-0.00854272622551247,0.00854272622551247
middle,0.008541749411067948,0.008541749411067948
mods,-0.008541674586472045,0.008541674586472045
whisper,-0.008537784871925084,0.008537784871925084
ollama,-0.00853771621838861,0.00853771621838861
outdated,0.008534259995183627,0.008534259995183627
worst,0.00853191426206778,0.00853191426206778
specific,-0.008528301524164707,0.008528301524164707
paris,0.00852781694000574,0.00852781694000574
18,-0.008527434953974058,0.008527434953974058
splitting,0.008526755324603818,0.008526755324603818
retrieval,0.008525032769359587,0.008525032769359587
pivot,-0.008525032307513895,0.008525032307513895
heavier,-0.008524338325556994,0.008524338325556994
kept,0.008518950107332036,0.008518950107332036
fancy,0.008518842682363421,0.008518842682363421
intent,-0.008509693529442832,0.008509693529442832
simulated,-0.008509212492340492,0.008509212492340492
dislike,0.008507769332598395,0.008507769332598395
user,0.00850503395513616,0.00850503395513616
watching,0.00849750504345625,0.00849750504345625
stupidity,0.008495477818466256,0.008495477818466256
codebase,0.008495427004245862,0.008495427004245862
reliably,-0.0084951831583504,0.0084951831583504
shadow,-0.008494607281519602,0.008494607281519602
moderation,0.008492026973711247,0.008492026973711247
multimodal,0.008491328963142532,0.008491328963142532
dead,0.008489990073972623,0.008489990073972623
boomer,0.008487166646277548,0.008487166646277548
batches,0.008486227645934312,0.008486227645934312
cherry,0.008483075922975656,0.008483075922975656
click,-0.008474222511010572,0.008474222511010572
draws,0.008464459810605576,0.008464459810605576
gpt4,0.008464190841924148,0.008464190841924148
studio,-0.008460723335144412,0.008460723335144412
sexual,0.00845658563531543,0.00845658563531543
screen,0.008451797535167402,0.008451797535167402
switching,-0.00845080039196985,0.00845080039196985
year,0.00845018939331951,0.00845018939331951
4k,-0.008449174100391367,0.008449174100391367
today,-0.00844492546876727,0.00844492546876727
processing,-0.008442111615002473,0.008442111615002473
brings,-0.008439892831865213,0.008439892831865213
qualities,0.008439328769270171,0.008439328769270171
puzzle,0.008437038298005843,0.008437038298005843
give,-0.008433704175310053,0.008433704175310053
powered,0.008430852345997912,0.008430852345997912
upcoming,-0.008428127288927549,0.008428127288927549
secure,0.008427755953021726,0.008427755953021726
monthly,0.008424508011119356,0.008424508011119356
platform,-0.008419110243882779,0.008419110243882779
opus,0.008416397708023432,0.008416397708023432
primitive,-0.00841229676357837,0.00841229676357837
outline,-0.008410665090090084,0.008410665090090084
nah,-0.00841056548323327,0.00841056548323327
rendering,0.008409731887423754,0.008409731887423754
dropping,0.008408861124967125,0.008408861124967125
lab,0.008408823745582623,0.008408823745582623
employee,0.008407738325492424,0.008407738325492424
personally,-0.008406845545035296,0.008406845545035296
pilot,0.008403057462261406,0.008403057462261406
themes,-0.008397548192054944,0.008397548192054944
wires,-0.008397481382877743,0.008397481382877743
waste,-0.008395757255358509,0.008395757255358509
upgrades,0.0083940746424353,0.0083940746424353
kernel,0.008391343176760659,0.008391343176760659
terribly,-0.008389561502066264,0.008389561502066264
engage,0.008384833459648864,0.008384833459648864
attention,0.008373149384516505,0.008373149384516505
servers,0.008371390867879113,0.008371390867879113
provide,-0.008370466837876301,0.008370466837876301
push,0.008366973988927663,0.008366973988927663
meaningfully,0.008366673311022203,0.008366673311022203
logo,0.008361298136078103,0.008361298136078103
transformers,0.008359577509077395,0.008359577509077395
shortage,0.008357592878986492,0.008357592878986492
measure,-0.008357089317896658,0.008357089317896658
leak,0.008353496355625325,0.008353496355625325
ignoring,-0.008349861904819912,0.008349861904819912
profitable,-0.008348331410011867,0.008348331410011867
inaccurate,0.008346865640316928,0.008346865640316928
borders,-0.008346142651602727,0.008346142651602727
conditions,0.008339534184151311,0.008339534184151311
moderate,-0.008338706580712845,0.008338706580712845
distorted,-0.008338505626431165,0.008338505626431165
repeat,0.008338354311992415,0.008338354311992415
rule,-0.008335275705920561,0.008335275705920561
animations,-0.008334816089143915,0.008334816089143915
day,0.008333221651064204,0.008333221651064204
exit,0.008332461543649278,0.008332461543649278
secondary,0.008330573212580593,0.008330573212580593
resize,0.008328321179851557,0.008328321179851557
clown,-0.008327951280935436,0.008327951280935436
supply,-0.008326098505866679,0.008326098505866679
ffs,0.008324176134661741,0.008324176134661741
utter,-0.008315153389959414,0.008315153389959414
corrected,0.008314834344196583,0.008314834344196583
theories,-0.008312896696638402,0.008312896696638402
either,-0.008311354146490292,0.008311354146490292
independence,0.008304730286011287,0.008304730286011287
repost,0.008304079836275036,0.008304079836275036
scared,-0.008303622732110267,0.008303622732110267
ceiling,0.0082978653927013,0.0082978653927013
buzz,-0.008297040491964818,0.008297040491964818
belt,-0.008296958888204151,0.008296958888204151
algorithmic,-0.008293735219206367,0.008293735219206367
property,-0.008289110143508761,0.008289110143508761
london,-0.008286270696386513,0.008286270696386513
baby,0.008284810229711538,0.008284810229711538
precise,-0.00828110201851919,0.00828110201851919
warp,0.008275392443370172,0.008275392443370172
artificial,-0.008274783074715299,0.008274783074715299
rapidly,0.008274606697265948,0.008274606697265948
banana,0.008274143519878941,0.008274143519878941
wanna,-0.008274128049530398,0.008274128049530398
industrial,0.008271691903423585,0.008271691903423585
finance,-0.008267925494576897,0.008267925494576897
clothes,0.008266313579610739,0.008266313579610739
partly,-0.008265723323622357,0.008265723323622357
owned,-0.008263933183719305,0.008263933183719305
uneducated,-0.008257515907796551,0.008257515907796551
prompt,-0.00825723521082674,0.00825723521082674
24gb,0.008256855460780125,0.008256855460780125
meta,0.008255183125392866,0.008255183125392866
wrapped,0.00825355467353141,0.00825355467353141
subreddits,0.00825128135383178,0.00825128135383178
contextual,-0.008246685324088383,0.008246685324088383
device,0.008246535896996695,0.008246535896996695
neat,-0.008239786446329197,0.008239786446329197
close,0.008238295739946973,0.008238295739946973
safetensors,0.008235459756654386,0.008235459756654386
functioning,0.008233507121859843,0.008233507121859843
sneakpeekbot,-0.008232741019083716,0.008232741019083716
immediately,0.008230685343113971,0.008230685343113971
issue,-0.008229878846561822,0.008229878846561822
commute,-0.008229657770446402,0.008229657770446402
find,-0.00822531411074608,0.00822531411074608
wonder,0.008225029962978988,0.008225029962978988
100k,0.008224601415881879,0.008224601415881879
excess,-0.008223943483704641,0.008223943483704641
movies,-0.008222466685327105,0.008222466685327105
purple,0.00822114004357129,0.00822114004357129
french,-0.008203812476378027,0.008203812476378027
rlhf,-0.008200736806028395,0.008200736806028395
sticks,0.008195826924634057,0.008195826924634057
googled,0.0081922352000948,0.0081922352000948
einstein,-0.008191727348824451,0.008191727348824451
talent,0.008188784669330412,0.008188784669330412
notion,0.008183162643509014,0.008183162643509014
labeling,-0.008180092719567114,0.008180092719567114
favourite,0.008179534690881087,0.008179534690881087
owns,0.008176878030354185,0.008176878030354185
image0,-0.008173856042340315,0.008173856042340315
threatening,0.008173035701043942,0.008173035701043942
connect,-0.008171855562505551,0.008171855562505551
legs,0.008170023357626954,0.008170023357626954
tip,-0.00816854406096512,0.00816854406096512
shaped,0.00816701137112166,0.00816701137112166
supposedly,0.008158987901666429,0.008158987901666429
support,-0.008153957917821822,0.008153957917821822
dominance,0.008153716587786115,0.008153716587786115
due,-0.008153112308408489,0.008153112308408489
bud,-0.008153017138799701,0.008153017138799701
lay,-0.0081501691104553,0.0081501691104553
superior,-0.008149665989855009,0.008149665989855009
hostile,-0.008147655352657856,0.008147655352657856
derivative,-0.008146961341470941,0.008146961341470941
laugh,0.00814372517050242,0.00814372517050242
unhealthy,-0.008142767204420328,0.008142767204420328
decently,-0.008140075602370189,0.008140075602370189
blogs,-0.008140065389827884,0.008140065389827884
matter,-0.008133009652492612,0.008133009652492612
lucid,0.008129790505286819,0.008129790505286819
lcm,-0.00812823211829715,0.00812823211829715
controlnets,-0.00812673625889173,0.00812673625889173
network,-0.008124310767022231,0.008124310767022231
circular,-0.008118517196468944,0.008118517196468944
oobabooga,-0.008116924742314529,0.008116924742314529
actually,0.00811646514632962,0.00811646514632962
submitted,-0.008112883969371987,0.008112883969371987
sells,0.008112474430201647,0.008112474430201647
topics,-0.008112018037213037,0.008112018037213037
velocity,0.008111270464976963,0.008111270464976963
cookies,0.00810894903069166,0.00810894903069166
caps,-0.00810698505259753,0.00810698505259753
pig,0.008102804424312994,0.008102804424312994
stress,0.008098773658917351,0.008098773658917351
environments,-0.008098662338003862,0.008098662338003862
parents,0.008096261761567159,0.008096261761567159
expect,0.008094064435897665,0.008094064435897665
set,-0.008092870431284992,0.008092870431284992
python,-0.008090754966962934,0.008090754966962934
812770754025488386,-0.008089947999648111,0.008089947999648111
1095397431404920902,-0.008089947999648111,0.008089947999648111
homework,-0.008087187376261268,0.008087187376261268
nerd,0.008087148025480075,0.008087148025480075
encode,-0.008085776083552161,0.008085776083552161
essays,-0.00808087275784406,0.00808087275784406
dpo,0.008079242009717168,0.008079242009717168
highest,-0.00807585569470022,0.00807585569470022
checkpoint,-0.008073489446231567,0.008073489446231567
exploring,-0.008068760317553917,0.008068760317553917
exl2,-0.00806385913287917,0.00806385913287917
public,-0.008059672423912806,0.008059672423912806
powers,-0.008057276168913297,0.008057276168913297
stopping,-0.008051302285870083,0.008051302285870083
atm,-0.008051017629958126,0.008051017629958126
universe,-0.008044239649367308,0.008044239649367308
administration,0.008043411683355534,0.008043411683355534
jumped,0.00804203366319598,0.00804203366319598
need,-0.008040273698263259,0.008040273698263259
primarily,0.008040165563900423,0.008040165563900423
mle,0.00803539699873612,0.00803539699873612
pet,0.00803320913864936,0.00803320913864936
major,0.008029600302019902,0.008029600302019902
distribution,0.008029261925502103,0.008029261925502103
seeds,-0.008028432320122078,0.008028432320122078
caring,-0.008027751620655449,0.008027751620655449
women,0.008026119769386988,0.008026119769386988
negatively,-0.008023983219228677,0.008023983219228677
1dwe75p,-0.008019274295231507,0.008019274295231507
infrastructure,-0.008016961586172476,0.008016961586172476
desires,-0.008016460583440603,0.008016460583440603
publicity,0.008013468371575364,0.008013468371575364
payment,-0.008009577306372672,0.008009577306372672
waiting,0.008009142854733468,0.008009142854733468
comfort,0.008004724633058992,0.008004724633058992
greed,0.00800303249942847,0.00800303249942847
owning,0.007998706122428536,0.007998706122428536
articles,-0.007997093829267743,0.007997093829267743
realtime,0.00799696853159736,0.00799696853159736
2k,-0.007992744203883202,0.007992744203883202
vscode,0.007992065341809124,0.007992065341809124
adjusted,-0.007988905829105334,0.007988905829105334
worthwhile,-0.0079888400850515,0.0079888400850515
period,-0.007986564668461728,0.007986564668461728
fed,-0.007986217900616717,0.007986217900616717
cast,-0.007982780467055162,0.007982780467055162
third,-0.0079823126206201,0.0079823126206201
textual,-0.007980862249328386,0.007980862249328386
illustrate,0.007979551003187417,0.007979551003187417
shortcuts,0.007973960188409037,0.007973960188409037
received,0.007972033679951451,0.007972033679951451
lighter,-0.007971533645937612,0.007971533645937612
xml,0.007966944710046027,0.007966944710046027
miqu,0.007963942761487784,0.007963942761487784
private,0.007963140019998706,0.007963140019998706
dishes,0.007962227292405772,0.007962227292405772
modern,0.007961668119122196,0.007961668119122196
free,-0.007960163756456157,0.007960163756456157
aiming,0.007954496599707197,0.007954496599707197
narratives,0.007948112171533486,0.007948112171533486
downvoting,-0.007945254553486117,0.007945254553486117
proved,-0.00794291001579046,0.00794291001579046
inspiration,-0.007942070950348124,0.007942070950348124
captions,-0.00794151392047409,0.00794151392047409
conditioning,0.007941098667489216,0.007941098667489216
span,-0.007940931365110777,0.007940931365110777
pen,0.007936047558435855,0.007936047558435855
refinement,-0.00793484898380636,0.00793484898380636
talks,0.007934752618908915,0.007934752618908915
ideal,-0.007932805815932534,0.007932805815932534
masterpiece,0.007930275559052461,0.007930275559052461
blurry,-0.007928966553815198,0.007928966553815198
configurations,-0.007928552743869447,0.007928552743869447
theres,-0.007923461850092194,0.007923461850092194
reduction,0.007922481549139592,0.007922481549139592
disingenuous,-0.007919851958528581,0.007919851958528581
hooked,-0.00791913651189625,0.00791913651189625
lightning,-0.007918737295755995,0.007918737295755995
criminals,0.007915195023760362,0.007915195023760362
cake,0.007905220433266405,0.007905220433266405
ridiculously,-0.00790066326090501,0.00790066326090501
arc,0.007898955958688222,0.007898955958688222
abs,0.007896278505799841,0.007896278505799841
scientists,0.007896221565776641,0.007896221565776641
volunteer,-0.007895634578590537,0.007895634578590537
criticism,0.0078916534794889,0.0078916534794889
begins,-0.007890944854099607,0.007890944854099607
stolen,-0.00789045182247724,0.00789045182247724
audience,0.007887074486367558,0.007887074486367558
handing,0.007882688082447038,0.007882688082447038
unrestricted,-0.007881624905683796,0.007881624905683796
pound,0.007881384953604844,0.007881384953604844
irrelevant,-0.007881154321570289,0.007881154321570289
shut,0.007875973782588377,0.007875973782588377
backed,-0.007873111325840038,0.007873111325840038
musicians,0.007867578511463219,0.007867578511463219
weighted,-0.007866256131732188,0.007866256131732188
solves,-0.007865734686095777,0.007865734686095777
still,-0.007864735790387762,0.007864735790387762
civilizations,-0.007864365516244408,0.007864365516244408
exercises,-0.007862375804017387,0.007862375804017387
pie,0.007860977942631677,0.007860977942631677
silicon,0.00785826650183024,0.00785826650183024
field,0.007858148797891623,0.007858148797891623
guaranteed,0.00785522002182548,0.00785522002182548
retail,0.007852839722342882,0.007852839722342882
actions,0.007850678918799814,0.007850678918799814
objects,0.007850298092150949,0.007850298092150949
philosophical,-0.007844932517040182,0.007844932517040182
landed,0.007841675292484095,0.007841675292484095
ironic,0.007839750804211962,0.007839750804211962
2035,-0.007839326734939053,0.007839326734939053
detect,-0.007832573636318632,0.007832573636318632
everybody,0.007832039587755066,0.007832039587755066
profits,0.00782932144435165,0.00782932144435165
limit,-0.007827928077696267,0.007827928077696267
appears,0.007827574621331879,0.007827574621331879
bored,-0.007825904177341227,0.007825904177341227
sized,0.007821844778352327,0.007821844778352327
failures,-0.007819040576229336,0.007819040576229336
tile,0.007818586421401062,0.007818586421401062
breakthrough,0.00781514786000859,0.00781514786000859
schema,0.007813432737301399,0.007813432737301399
spelling,0.007808812254913843,0.007808812254913843
virtue,0.007807538044118251,0.007807538044118251
previously,0.0078074300555545095,0.0078074300555545095
rid,-0.007807369359280544,0.007807369359280544
crying,-0.007806801450528321,0.007806801450528321
adopt,0.007801948826778853,0.007801948826778853
anti,0.00780021910074239,0.00780021910074239
shit,0.007800049276277433,0.007800049276277433
distribute,-0.007799225904609798,0.007799225904609798
bill,0.007793209546881166,0.007793209546881166
decoding,0.007793066170543529,0.007793066170543529
smile,-0.007791674684421891,0.007791674684421891
starving,-0.007790713373640626,0.007790713373640626
kidding,0.0077882076978232385,0.0077882076978232385
behind,0.007784491716032146,0.007784491716032146
gain,-0.0077721280491873605,0.0077721280491873605
gut,-0.007770404464918063,0.007770404464918063
involve,-0.007765955156778958,0.007765955156778958
bond,-0.007765104393931569,0.007765104393931569
extension,-0.007757648285082805,0.007757648285082805
coders,-0.007756465788470409,0.007756465788470409
currently,-0.007748406890488848,0.007748406890488848
lawyer,0.0077464158339123615,0.0077464158339123615
discount,0.007746032289964062,0.007746032289964062
wondering,-0.007744491629608052,0.007744491629608052
investments,0.007744085400766331,0.007744085400766331
controls,0.00774229971608365,0.00774229971608365
identity,0.0077415990101452024,0.0077415990101452024
70b,0.007736400099903694,0.007736400099903694
ticket,0.007731969323674964,0.007731969323674964
facility,-0.007720055496978574,0.007720055496978574
uniform,-0.007719786459485299,0.007719786459485299
retrieve,-0.007719525206138852,0.007719525206138852
jail,0.007717514893090637,0.007717514893090637
chats,-0.007709923924149837,0.007709923924149837
unsafe,0.0077078480040191,0.0077078480040191
surviving,0.007701708945706018,0.007701708945706018
translates,0.0077001685422114306,0.0077001685422114306
myth,-0.007699975404052152,0.007699975404052152
generator,-0.007699837081765922,0.007699837081765922
outsourcing,0.007698450520711807,0.007698450520711807
rl,-0.007697485088273198,0.007697485088273198
wired,0.007695672212151761,0.007695672212151761
reminder,0.007695511859789204,0.007695511859789204
proceed,-0.007694847699264848,0.007694847699264848
feeling,0.00769184198733608,0.00769184198733608
communist,-0.007690973512407011,0.007690973512407011
purposefully,-0.00768885234700538,0.00768885234700538
empire,-0.007688741409843451,0.007688741409843451
vm,-0.007686634522149772,0.007686634522149772
store,-0.007683369399893787,0.007683369399893787
conservative,0.007681516273216794,0.007681516273216794
concerning,0.007678607738052063,0.007678607738052063
bar,-0.0076777656218508196,0.0076777656218508196
perspective,-0.007677393367929889,0.007677393367929889
wp,-0.0076766595656536304,0.0076766595656536304
pictures,0.007673000452001977,0.007673000452001977
harder,0.007669995091247332,0.007669995091247332
absolutely,0.007668321860899389,0.007668321860899389
shop,0.007667053601285562,0.007667053601285562
identical,-0.007664054361012244,0.007664054361012244
interviews,0.007663268343957838,0.007663268343957838
dark,0.007660859908665146,0.007660859908665146
subtle,0.007658760958558129,0.007658760958558129
entitled,-0.007658421460455315,0.007658421460455315
gift,0.007655442242848507,0.007655442242848507
spaces,0.007654645359896199,0.007654645359896199
broadly,0.007649364933143873,0.007649364933143873
drawn,0.007646055839940299,0.007646055839940299
realise,0.007645195980949658,0.007645195980949658
smooth,-0.00764451247681566,0.00764451247681566
lie,0.007643262461804091,0.007643262461804091
pose,-0.007641337960924103,0.007641337960924103
articulate,-0.0076405613909812445,0.0076405613909812445
fixed,-0.00763866722955036,0.00763866722955036
marketplace,0.00763717172491454,0.00763717172491454
superiority,-0.0076350252594887934,0.0076350252594887934
annual,-0.0076348122096620025,0.0076348122096620025
obsession,-0.007631162901580742,0.007631162901580742
shoot,-0.007628965785779699,0.007628965785779699
understand,-0.007627708652995539,0.007627708652995539
folk,0.007627192395252794,0.007627192395252794
capable,-0.007624296793788009,0.007624296793788009
asks,0.007617507494846383,0.007617507494846383
flip,0.007612249318253855,0.007612249318253855
alexa,-0.0076116669745274965,0.0076116669745274965
owe,0.007611179083490141,0.007611179083490141
ocr,-0.007608309876606264,0.007608309876606264
serve,-0.007608131488143857,0.007608131488143857
groq,-0.007607693986870843,0.007607693986870843
bot,-0.007605874853438222,0.007605874853438222
literature,0.007603426537171773,0.007603426537171773
unlike,-0.007598824574878596,0.007598824574878596
quoting,-0.007598274818324997,0.007598274818324997
offense,0.007596404391903064,0.007596404391903064
samples,-0.007595989677656961,0.007595989677656961
dumber,-0.007594615653893612,0.007594615653893612
develop,-0.007590486519755115,0.007590486519755115
mlx,-0.0075903461376297535,0.0075903461376297535
harmful,-0.007590289540871108,0.007590289540871108
based,-0.0075886103560702115,0.0075886103560702115
generic,0.007587945985091517,0.007587945985091517
universal,-0.0075846063217578615,0.0075846063217578615
unnatural,-0.007582844144469734,0.007582844144469734
excitement,0.007582021798283559,0.007582021798283559
singular,0.007576605695389623,0.007576605695389623
soft,0.00757235649773337,0.00757235649773337
address,0.007570424964836235,0.007570424964836235
collapse,-0.007569894547824306,0.007569894547824306
protect,0.007569387009232166,0.007569387009232166
5k,-0.0075693773812767675,0.0075693773812767675
dl,-0.007565853898136659,0.007565853898136659
bear,0.007564338974715819,0.007564338974715819
spending,-0.007563725652999267,0.007563725652999267
persistent,0.007558936975047192,0.007558936975047192
paintings,0.007557873843641972,0.007557873843641972
condescending,-0.007557551962051768,0.007557551962051768
norway,0.0075556594527691,0.0075556594527691
hope,0.0075513045426299835,0.0075513045426299835
competitive,0.007549555909719744,0.007549555909719744
investors,0.007547863755291944,0.007547863755291944
spot,0.007544604606296953,0.007544604606296953
ethically,0.007540401721402252,0.007540401721402252
pi,0.007539803384123329,0.007539803384123329
fleet,0.00753939852535387,0.00753939852535387
group,-0.007536696086412697,0.007536696086412697
consequences,0.0075362745573187276,0.0075362745573187276
fascinating,-0.007535450639093682,0.007535450639093682
officer,0.0075302185129044515,0.0075302185129044515
minded,-0.00752927979299241,0.00752927979299241
tissue,0.007527637479592063,0.007527637479592063
guessing,0.007527113387931094,0.007527113387931094
grasp,-0.007525636463361073,0.007525636463361073
sudden,-0.007525357990701763,0.007525357990701763
pray,-0.007523248338530408,0.007523248338530408
worthless,0.007522811141552727,0.007522811141552727
representing,-0.0075218175484761205,0.0075218175484761205
mars,-0.007517157554889365,0.007517157554889365
magical,-0.007516047425813841,0.007516047425813841
interests,-0.007512552990731601,0.007512552990731601
shock,0.007512024382390313,0.007512024382390313
creator,-0.007510707924944878,0.007510707924944878
protecting,0.007510641453048866,0.007510641453048866
get,-0.007509735820872319,0.007509735820872319
curve,-0.0075090219726303776,0.0075090219726303776
sampling,0.007508679220618001,0.007508679220618001
ecosystem,0.007508440661166367,0.007508440661166367
wire,0.007506483061671822,0.007506483061671822
hating,-0.007497114716887547,0.007497114716887547
discover,0.007497085230837464,0.007497085230837464
therefore,-0.00749475853596805,0.00749475853596805
poster,0.007492158325437636,0.007492158325437636
respectful,0.007491336015678841,0.007491336015678841
quicker,0.007484016143875646,0.007484016143875646
tower,-0.00748295196601469,0.00748295196601469
activities,0.007480798945985195,0.007480798945985195
08,-0.007479779176786359,0.007479779176786359
hadn,-0.007479705294627837,0.007479705294627837
co2,-0.007479463140557483,0.007479463140557483
comic,-0.007477630464123554,0.007477630464123554
lex,-0.007477109520393357,0.007477109520393357
restaurants,0.007476358308676057,0.007476358308676057
filtering,-0.007476024988521066,0.007476024988521066
completed,-0.007471602183008839,0.007471602183008839
often,0.007470643693880648,0.007470643693880648
definitive,0.007470108773464059,0.007470108773464059
years,0.007468061224166683,0.007468061224166683
grammar,-0.007467938950470578,0.007467938950470578
spec,0.0074671707384066635,0.0074671707384066635
virus,-0.007464011243429084,0.007464011243429084
emotions,-0.007460777745019777,0.007460777745019777
maintain,0.007460636881135907,0.007460636881135907
truly,0.007456813761880574,0.007456813761880574
milk,0.007456802167461484,0.007456802167461484
delivered,0.007455807990679607,0.007455807990679607
locked,0.007453800495824334,0.007453800495824334
celebrities,0.007453457222060066,0.007453457222060066
evaluation,-0.007451055861187313,0.007451055861187313
anywhere,-0.007450733912797997,0.007450733912797997
bars,0.007447339672437814,0.007447339672437814
studios,0.007446940789822844,0.007446940789822844
tale,-0.007446790605167118,0.007446790605167118
distributions,0.0074434553748522385,0.0074434553748522385
profession,0.00744271629919536,0.00744271629919536
doomsday,0.00744256878245033,0.00744256878245033
sf,0.007442236618997101,0.007442236618997101
reports,-0.007440232887550209,0.007440232887550209
overlords,0.007439638828996995,0.007439638828996995
tells,0.007437482427851346,0.007437482427851346
blowing,0.007435980538505509,0.007435980538505509
disruption,0.00743407749424002,0.00743407749424002
transparency,-0.00743135632879316,0.00743135632879316
1m,0.007426529667056463,0.007426529667056463
offices,0.007425975683710712,0.007425975683710712
enemy,0.007423408938153109,0.007423408938153109
million,0.007423139907401461,0.007423139907401461
distant,0.007422413002880784,0.007422413002880784
bash,0.007418470599114981,0.007418470599114981
hunt,0.007416863951538761,0.007416863951538761
v6,0.0074163573057856,0.0074163573057856
medication,-0.00741371284878816,0.00741371284878816
mankind,-0.007412987247899336,0.007412987247899336
upvote,0.007409365540385515,0.007409365540385515
surpass,0.00740473707219686,0.00740473707219686
irrational,-0.007400942480648111,0.007400942480648111
equate,0.007394017438903121,0.007394017438903121
genetic,-0.007384486661907756,0.007384486661907756
tests,0.007384469109995469,0.007384469109995469
noted,0.007379977732619323,0.007379977732619323
ceo,0.007379888668351404,0.007379888668351404
jeff,-0.007377810596589681,0.007377810596589681
brain,-0.0073744782228378335,0.0073744782228378335
driving,-0.007372737192780438,0.007372737192780438
brothers,0.0073695224807939904,0.0073695224807939904
presents,-0.007368210733526194,0.007368210733526194
inferior,-0.007366207799168455,0.007366207799168455
regional,0.007359234479728238,0.007359234479728238
giant,0.0073588872464866945,0.0073588872464866945
totally,-0.007357734682741591,0.007357734682741591
uk,-0.0073550922398046064,0.0073550922398046064
opening,0.007352348622659761,0.007352348622659761
cite,-0.007351230622527275,0.007351230622527275
webui,-0.007347062759795264,0.007347062759795264
podcast,-0.007339553630985912,0.007339553630985912
x,0.0073362043559069825,0.0073362043559069825
2027,0.007335853379034076,0.007335853379034076
relationships,-0.007335746196219586,0.007335746196219586
track,0.007333879558618735,0.007333879558618735
narrative,-0.00733099956271137,0.00733099956271137
feeds,0.007326222025720424,0.007326222025720424
md,0.007325958891569326,0.007325958891569326
people,0.007323778907937679,0.007323778907937679
phrases,0.007323274210228671,0.007323274210228671
pascal,0.007320566722330536,0.007320566722330536
stablediffusion,0.007320220580142311,0.007320220580142311
survival,-0.007318259780256498,0.007318259780256498
weather,0.007317272823375287,0.007317272823375287
counting,-0.007316301664868511,0.007316301664868511
teams,0.007314161202721181,0.007314161202721181
adversarial,0.007312406378573858,0.007312406378573858
heading,-0.00731021923343754,0.00731021923343754
probability,-0.00730835407513981,0.00730835407513981
browse,-0.00730646075013937,0.00730646075013937
contained,0.007305843111862496,0.007305843111862496
hosting,0.00730022023195202,0.00730022023195202
disrupt,0.007300025204531095,0.007300025204531095
proteins,-0.0072992396777443866,0.0072992396777443866
decay,-0.007295721209759095,0.007295721209759095
strangers,0.007293284868863795,0.007293284868863795
commission,0.007293189069427302,0.007293189069427302
april,-0.007292133797962945,0.007292133797962945
filter,0.007291638746246016,0.007291638746246016
innovations,-0.0072908222944996414,0.0072908222944996414
dose,0.007289140242555279,0.007289140242555279
knock,-0.00727796255314535,0.00727796255314535
protest,0.007277695959741656,0.007277695959741656
ball,-0.007274203135730623,0.007274203135730623
nasa,-0.00727261147921913,0.00727261147921913
forgotten,0.00726640333886259,0.00726640333886259
maximize,0.00726556578679774,0.00726556578679774
reasons,0.007265024529502285,0.007265024529502285
raise,0.0072643926090519804,0.0072643926090519804
gonna,0.007262195360960654,0.007262195360960654
lots,0.007259049323975717,0.007259049323975717
rail,0.007258731611322719,0.007258731611322719
holes,-0.007257942356067882,0.007257942356067882
movements,0.007257623272602398,0.007257623272602398
societal,0.007257242691858955,0.007257242691858955
theme,-0.007256432648599463,0.007256432648599463
foot,0.007255220909844907,0.007255220909844907
novel,-0.00724964327180739,0.00724964327180739
simulate,-0.007249265348398309,0.007249265348398309
explode,0.007247365498162179,0.007247365498162179
sustain,0.007246417229798627,0.007246417229798627
chunk,-0.007243519003849025,0.007243519003849025
wasn,-0.00724281199432971,0.00724281199432971
chemicals,-0.007240890437528654,0.007240890437528654
gw,0.007238350185477119,0.007238350185477119
pretending,-0.0072371580936440695,0.0072371580936440695
exe,0.007237125192758604,0.007237125192758604
well,-0.007235539172760132,0.007235539172760132
challenging,0.00723281958699018,0.00723281958699018
describing,-0.007232762545938386,0.007232762545938386
patents,-0.007231302800599442,0.007231302800599442
implementation,0.0072294879331568605,0.0072294879331568605
predictive,-0.0072275071266874845,0.0072275071266874845
stop,0.007223642628922909,0.007223642628922909
fine,-0.007219183596272579,0.007219183596272579
metadata,-0.007215250461339695,0.007215250461339695
mainstream,-0.007213741489202574,0.007213741489202574
really,0.007212725568587548,0.007212725568587548
setup,-0.007212652448372323,0.007212652448372323
productive,-0.007209207082723271,0.007209207082723271
thebloke,0.007209010922407502,0.007209010922407502
dynamically,-0.00720884286433327,0.00720884286433327
shirt,-0.007208133605415449,0.007208133605415449
hardly,-0.007207559254771414,0.007207559254771414
enough,-0.007204210358987998,0.007204210358987998
maximum,0.007202728461901198,0.007202728461901198
helpful,-0.007201959025685319,0.007201959025685319
commercially,0.0072009237006765425,0.0072009237006765425
languages,0.007200288066437341,0.007200288066437341
primary,0.007198731005328426,0.007198731005328426
actual,0.007198730714278968,0.007198730714278968
genuinely,0.007198407231964789,0.007198407231964789
notes,-0.0071981502319169305,0.0071981502319169305
skip,-0.0071955515389201695,0.0071955515389201695
retirement,-0.007195240758843806,0.007195240758843806
december,0.0071948437290192254,0.0071948437290192254
pytorch,-0.007194808250604188,0.007194808250604188
dilemma,-0.007190045676231239,0.007190045676231239
crappy,-0.007184779996450965,0.007184779996450965
browsing,-0.007183624241547257,0.007183624241547257
usefulness,0.007183280870301338,0.007183280870301338
beef,0.007182820009319559,0.007182820009319559
chief,-0.00718249334730551,0.00718249334730551
minimum,-0.0071813816297952035,0.0071813816297952035
brilliant,0.007179387295386554,0.007179387295386554
korean,0.007178581544460872,0.007178581544460872
dangerous,0.007175994073546996,0.007175994073546996
references,0.007175514457212436,0.007175514457212436
dolphin,-0.007174623187038532,0.007174623187038532
throughput,0.007173995368363678,0.007173995368363678
scenes,0.00717350043419791,0.00717350043419791
efforts,0.007168211016169016,0.007168211016169016
orbit,0.007167957785799545,0.007167957785799545
17jjwn5,-0.0071657133889749475,0.0071657133889749475
regular,0.007165100427894884,0.007165100427894884
edition,0.007157179494672331,0.007157179494672331
config,0.0071548135450173024,0.0071548135450173024
newest,-0.007148085326482063,0.007148085326482063
countries,-0.007144158262349148,0.007144158262349148
capitalists,-0.007142025685593071,0.007142025685593071
deals,-0.00713793250573753,0.00713793250573753
logged,-0.007135845956508439,0.007135845956508439
sentience,-0.007135063424764788,0.007135063424764788
children,0.007133764063937362,0.007133764063937362
elite,0.007133744940369845,0.007133744940369845
guarantees,0.007132661543005559,0.007132661543005559
sweet,0.007130362176537877,0.007130362176537877
propose,0.007127956816996599,0.007127956816996599
congress,0.007127135664220656,0.007127135664220656
careful,0.007124867709811308,0.007124867709811308
aspect,-0.0071241052071165075,0.0071241052071165075
strong,0.0071233240618778886,0.0071233240618778886
community,0.007121211831146735,0.007121211831146735
stealing,-0.007120448933944912,0.007120448933944912
demos,0.007118455164113659,0.007118455164113659
corners,-0.0071173272822577524,0.0071173272822577524
dalle3,-0.007115386908917244,0.007115386908917244
student,-0.007112767749214534,0.007112767749214534
thus,-0.007111900832427577,0.007111900832427577
effectively,0.007111436043726812,0.007111436043726812
citizens,-0.007107697839457601,0.007107697839457601
chaotic,-0.007107094766552878,0.007107094766552878
bottom,-0.007105538019121595,0.007105538019121595
detector,0.007101039198493382,0.007101039198493382
instruments,0.007098419272831475,0.007098419272831475
hamas,-0.007096854202565784,0.007096854202565784
relate,-0.007092379957424675,0.007092379957424675
ultimately,-0.007089921120315062,0.007089921120315062
land,-0.007089118008069916,0.007089118008069916
legally,0.00708541550056209,0.00708541550056209
facing,-0.007084742423824199,0.007084742423824199
denied,-0.007082843516689843,0.007082843516689843
debt,0.007079962637876141,0.007079962637876141
arent,-0.007076009998804202,0.007076009998804202
connecting,-0.007074919263302358,0.007074919263302358
fixing,0.007072259151443546,0.007072259151443546
liable,0.0070687749081973636,0.0070687749081973636
vae,-0.007065402402412193,0.007065402402412193
aspects,-0.007063586558559047,0.007063586558559047
cats,-0.007063173582747154,0.007063173582747154
spreading,0.007063024497205699,0.007063024497205699
banks,0.007062093956797724,0.007062093956797724
eleven,-0.007060485289074795,0.007060485289074795
humans,-0.007057649025083351,0.007057649025083351
winner,0.007056515570036306,0.007056515570036306
allocation,-0.0070562309346846736,0.0070562309346846736
humor,0.007055853217464476,0.007055853217464476
tune,-0.007055425620680867,0.007055425620680867
joy,0.007055314750282157,0.007055314750282157
ye,-0.007054459401971469,0.007054459401971469
cycles,-0.007053270787794185,0.007053270787794185
external,-0.007052559331607143,0.007052559331607143
radically,0.007050554975160119,0.007050554975160119
pr,0.007047538973606619,0.007047538973606619
e,-0.007043713770177095,0.007043713770177095
exhibit,-0.007042785041098143,0.007042785041098143
targeting,-0.00704165231848757,0.00704165231848757
yi,0.0070416072425828315,0.0070416072425828315
openrouter,-0.00703916193638163,0.00703916193638163
coincidence,0.007035115953286271,0.007035115953286271
bought,0.007022109625854332,0.007022109625854332
prove,-0.00702159716356123,0.00702159716356123
spoken,-0.007021154609562539,0.007021154609562539
happiness,-0.007019599097113932,0.007019599097113932
neuroscience,-0.007018374187354574,0.007018374187354574
kicked,0.0070169304788897345,0.0070169304788897345
uncommon,0.007016049966133695,0.007016049966133695
moron,-0.007009394497310079,0.007009394497310079
hang,0.0070020783251050185,0.0070020783251050185
meaningful,-0.007001992775204201,0.007001992775204201
sad,0.007001190275745264,0.007001190275745264
highlighting,-0.006997284249586874,0.006997284249586874
120,0.006996556147597383,0.006996556147597383
eg,-0.006993378130255328,0.006993378130255328
collaborate,-0.006988426948926796,0.006988426948926796
introduce,0.006986847989125682,0.006986847989125682
tremendous,0.006985600792021363,0.006985600792021363
shrinking,0.006980284161540766,0.006980284161540766
emotionally,0.006980219967033192,0.006980219967033192
schedule,0.006979802884483585,0.006979802884483585
enterprise,0.0069763549261046874,0.0069763549261046874
parsing,0.006973811328131836,0.006973811328131836
jokes,-0.0069724087657031435,0.0069724087657031435
dinner,-0.006970570311336416,0.006970570311336416
owners,-0.006969845478083949,0.006969845478083949
mentality,0.006968839299498069,0.006968839299498069
govt,-0.0069674623294618335,0.0069674623294618335
consciousness,-0.006967090059386464,0.006967090059386464
produces,-0.006965363927593975,0.006965363927593975
backup,-0.006965322966617729,0.006965322966617729
autonomy,0.006962123792023966,0.006962123792023966
tons,0.006961176128538835,0.006961176128538835
jan,0.006960596451526909,0.006960596451526909
sight,0.006953682745171626,0.006953682745171626
benevolent,0.006952289820330844,0.006952289820330844
walls,0.006952055529782243,0.006952055529782243
pockets,-0.006951993615599256,0.006951993615599256
stupid,-0.006950086058755717,0.006950086058755717
possibility,-0.006950062218702688,0.006950062218702688
orange,-0.006949002655934819,0.006949002655934819
mozilla,0.006947666026192214,0.006947666026192214
delve,0.0069458897986360195,0.0069458897986360195
application,-0.006944859491777816,0.006944859491777816
oxygen,-0.0069443426204743785,0.0069443426204743785
crash,-0.006938446391280431,0.006938446391280431
assumed,-0.006938059176168144,0.006938059176168144
see,-0.006934703733761019,0.006934703733761019
billionaires,0.006931465323931822,0.006931465323931822
preference,-0.0069280256514795465,0.0069280256514795465
realised,0.006927176234042219,0.006927176234042219
drastically,-0.006926921254909711,0.006926921254909711
boring,0.006926045121723967,0.006926045121723967
20,-0.006918794341235991,0.006918794341235991
blindly,0.006914281485837856,0.006914281485837856
desperately,0.006910748893842084,0.006910748893842084
bills,0.006910453197950549,0.006910453197950549
usp,0.00690033725308101,0.00690033725308101
populations,0.00689681801887794,0.00689681801887794
promoting,-0.006894911632012222,0.006894911632012222
reactions,0.00689347539548323,0.00689347539548323
language,0.006890566861282292,0.006890566861282292
intentional,-0.00688843410232719,0.00688843410232719
augment,-0.006888065048373168,0.006888065048373168
fault,0.006887749129284318,0.006887749129284318
argue,-0.0068852950624285515,0.0068852950624285515
list,0.006884340726733205,0.006884340726733205
trained,0.00687949286872243,0.00687949286872243
sonnet,0.006873824970652941,0.006873824970652941
clarify,-0.006870956569633426,0.006870956569633426
terminator,0.006870026504943376,0.006870026504943376
z,0.006868931537212084,0.006868931537212084
quarter,0.006867392064724248,0.006867392064724248
advances,0.006862292406177971,0.006862292406177971
31,-0.006861778816260199,0.006861778816260199
may,-0.006861036596874777,0.006861036596874777
emergence,-0.006858824917866062,0.006858824917866062
handled,0.006857210673131941,0.006857210673131941
fruit,0.006854241890867362,0.006854241890867362
numpy,0.006849581408340496,0.006849581408340496
parse,-0.006849343505998139,0.006849343505998139
elsewhere,-0.006848965420211269,0.006848965420211269
visible,-0.006846593409118247,0.006846593409118247
rose,0.00684610216689306,0.00684610216689306
pipe,-0.006842758777203078,0.006842758777203078
therapy,0.006842676141530814,0.006842676141530814
block,0.006839864724459599,0.006839864724459599
fuzzy,0.006836015646319542,0.006836015646319542
sum,-0.006835964005871559,0.006835964005871559
ha,-0.0068320926115374905,0.0068320926115374905
16ehnis,-0.006823732942515123,0.006823732942515123
genai,0.00682333981993982,0.00682333981993982
nicer,0.006822200285373474,0.006822200285373474
manufactured,0.006820549762008357,0.006820549762008357
strongest,0.006820406675738361,0.006820406675738361
club,0.006819489765821049,0.006819489765821049
web2x,-0.006817987945508557,0.006817987945508557
sensitive,0.006811128678997059,0.006811128678997059
building,-0.006811054885569217,0.006811054885569217
rough,-0.006808022894938307,0.006808022894938307
19,-0.0068058969773081065,0.0068058969773081065
code,0.006804875802119575,0.006804875802119575
bias,-0.006802654087238746,0.006802654087238746
bros,0.006801937221984949,0.006801937221984949
budget,-0.0068006032434335525,0.0068006032434335525
libertarian,0.0068004154282310155,0.0068004154282310155
flash,0.006791939748902815,0.006791939748902815
34,0.0067914585079220016,0.0067914585079220016
dominant,0.006790848952160684,0.006790848952160684
desert,-0.006786631646780395,0.006786631646780395
dreamshaper,-0.0067861572477593045,0.0067861572477593045
nasty,0.0067857672641237045,0.0067857672641237045
engineering,0.00678458059819713,0.00678458059819713
visuals,-0.00678411032537219,0.00678411032537219
healthier,0.006782811218009678,0.006782811218009678
comparing,-0.006779213861850287,0.006779213861850287
demanding,0.006775940783427596,0.006775940783427596
plenty,-0.006774422244222731,0.006774422244222731
sheets,-0.006772369795657525,0.006772369795657525
standpoint,0.006771459834645133,0.006771459834645133
possible,-0.00677056625084259,0.00677056625084259
ad,0.006768267095805378,0.006768267095805378
lobbying,0.006764594525305467,0.006764594525305467
ai,-0.00676229452312028,0.00676229452312028
ddr5,-0.006757365819735761,0.006757365819735761
wfh,0.0067562179501474435,0.0067562179501474435
dialogue,-0.006753345727496136,0.006753345727496136
alter,0.006746657647446849,0.006746657647446849
edu,0.0067405045446565,0.0067405045446565
odd,0.006739704289454524,0.006739704289454524
paying,-0.006739516417104847,0.006739516417104847
fuckin,0.006737593883595258,0.006737593883595258
base,0.00673479237036251,0.00673479237036251
fyi,-0.00673257031705751,0.00673257031705751
replace,-0.00672562916065862,0.00672562916065862
replied,-0.0067155898433431185,0.0067155898433431185
checking,0.006712374257266339,0.006712374257266339
opens,0.006711989724595964,0.006711989724595964
750,0.006708984461807717,0.006708984461807717
definitely,-0.006707108279537696,0.006707108279537696
processors,0.0067064622154296765,0.0067064622154296765
circle,0.006704640787766982,0.006704640787766982
talk,0.006703306241793333,0.006703306241793333
drinks,0.006702449166259799,0.006702449166259799
record,0.006701597947608803,0.006701597947608803
cloning,-0.006701456548685012,0.006701456548685012
linkedin,0.006700042650765472,0.006700042650765472
beforehand,0.00669924059279847,0.00669924059279847
justice,-0.006699052631201992,0.006699052631201992
100s,0.006698702912350448,0.006698702912350448
referred,0.006698386197210031,0.006698386197210031
plumbing,0.006698056579817308,0.006698056579817308
manufacture,-0.006695231346925459,0.006695231346925459
monster,-0.006686440335242824,0.006686440335242824
dramatically,-0.006683391670177944,0.006683391670177944
present,-0.006683237795659121,0.006683237795659121
theoretically,-0.0066825297547276055,0.0066825297547276055
allowing,0.006681780439017133,0.006681780439017133
ultimate,0.006681681405033074,0.006681681405033074
dawn,-0.006680801369944704,0.006680801369944704
consultant,0.006678687229594682,0.006678687229594682
wearing,0.00667694115099265,0.00667694115099265
expectations,0.006676535885931526,0.006676535885931526
problematic,0.006675002507426418,0.006675002507426418
addresses,0.0066721461379670565,0.0066721461379670565
lights,-0.006668454340890132,0.006668454340890132
p40s,-0.0066678625552833454,0.0066678625552833454
luxury,0.006665764351065418,0.006665764351065418
scrolling,0.006665561614769199,0.006665561614769199
tail,0.006665276479397,0.006665276479397
western,0.006664870416149222,0.006664870416149222
laziness,-0.006663622672344777,0.006663622672344777
chicken,-0.006655630602935968,0.006655630602935968
macs,0.00665394508787253,0.00665394508787253
anonymous,0.006651117135477502,0.006651117135477502
standalone,-0.006649499963342039,0.006649499963342039
question,-0.0066478210422006734,0.0066478210422006734
chain,0.006643507530112956,0.006643507530112956
_m,-0.006643262629229227,0.006643262629229227
wolf,-0.0066407961736870596,0.0066407961736870596
aligned,-0.006639613911699752,0.006639613911699752
repo,-0.006639295114041677,0.006639295114041677
graphic,-0.006639111071139206,0.006639111071139206
bullshit,0.006638023004129311,0.006638023004129311
mistake,0.006634322145720354,0.006634322145720354
seems,0.006634098633159985,0.006634098633159985
wheels,-0.0066312014102534985,0.0066312014102534985
burden,0.006631088510775937,0.006631088510775937
documents,-0.006630901880299381,0.006630901880299381
desktop,-0.006630627104949559,0.006630627104949559
scaling,0.006628951221207072,0.006628951221207072
temp,-0.006626516986761734,0.006626516986761734
looked,-0.006626352840747452,0.006626352840747452
separate,-0.006624424871454228,0.006624424871454228
fragile,0.006624066755914997,0.006624066755914997
repeating,-0.00662386228173548,0.00662386228173548
graph,0.006623277498107064,0.006623277498107064
damaged,-0.006622892606075858,0.006622892606075858
fiction,-0.006622853104107593,0.006622853104107593
always,0.006622543207447438,0.006622543207447438
via,-0.006622309938492067,0.006622309938492067
porn,0.006619957231206678,0.006619957231206678
ships,-0.006617030660881248,0.006617030660881248
roop,-0.006614611405992175,0.006614611405992175
previous,0.006612068610942684,0.006612068610942684
ruling,-0.006611421845726217,0.006611421845726217
cooling,-0.006609136517143513,0.006609136517143513
dominate,-0.006607603815252694,0.006607603815252694
downsized,0.006606266330451606,0.006606266330451606
gradient,-0.006600277525223074,0.006600277525223074
lllyasviel,0.006594061489487343,0.006594061489487343
intentionally,-0.006593209695951532,0.006593209695951532
date,0.006591125689570717,0.006591125689570717
scroll,0.006590506742179343,0.006590506742179343
64gb,-0.006589917632670801,0.006589917632670801
deliver,0.006589339912147968,0.006589339912147968
wise,0.006587510213529585,0.006587510213529585
preferences,-0.006583953963686759,0.006583953963686759
spell,-0.006583052284102837,0.006583052284102837
opportunity,-0.006573772768033251,0.006573772768033251
posted,-0.006573745468996091,0.006573745468996091
root,0.006567738615203793,0.006567738615203793
event,0.006565871897708007,0.006565871897708007
achievable,0.006563544248886591,0.006563544248886591
implications,-0.0065619063336778485,0.0065619063336778485
bike,0.006559361440257752,0.006559361440257752
hr,0.006556138834612315,0.006556138834612315
bunker,-0.006554009504888499,0.006554009504888499
satisfied,-0.006552149030518387,0.006552149030518387
father,-0.006551742196769612,0.006551742196769612
memory,0.006550628860222828,0.006550628860222828
usually,-0.006550524907137469,0.006550524907137469
eliminating,-0.006547227107975347,0.006547227107975347
bubble,-0.006546912259438231,0.006546912259438231
limited,-0.006543136132012377,0.006543136132012377
fr,-0.006541792204567477,0.006541792204567477
leverage,0.006540752672821423,0.006540752672821423
dystopia,-0.006539066947058477,0.006539066947058477
reliant,0.006538428213161891,0.006538428213161891
stance,-0.006536642727951865,0.006536642727951865
onto,0.006533955132680938,0.006533955132680938
charts,0.006533899764592054,0.006533899764592054
screenshots,0.006532602843081993,0.006532602843081993
27,0.00653174417124808,0.00653174417124808
cache,-0.006531203668033555,0.006531203668033555
incorrect,-0.006530934721098208,0.006530934721098208
isnt,-0.006528648121641853,0.006528648121641853
hunter,-0.006526417233458886,0.006526417233458886
struggle,0.0065250375968190655,0.0065250375968190655
blaming,-0.006521484105084456,0.006521484105084456
particularly,0.0065102870109135895,0.0065102870109135895
variant,0.0065099033131922855,0.0065099033131922855
taught,-0.006508542594216299,0.006508542594216299
flows,0.006502895621035878,0.006502895621035878
anger,-0.006498514063645374,0.006498514063645374
regulatory,0.006495793705361367,0.006495793705361367
koboldcpp,-0.006494985570883469,0.006494985570883469
assumption,-0.006491815492764102,0.006491815492764102
provider,-0.006489729786239672,0.006489729786239672
artificially,0.0064890469459817565,0.0064890469459817565
bold,-0.006485902389211161,0.006485902389211161
boxes,-0.006485859612607877,0.006485859612607877
cheaper,0.006485524643030321,0.006485524643030321
lowest,-0.006485493266244717,0.006485493266244717
satellites,0.006480980028591042,0.006480980028591042
intellect,-0.006479346205033539,0.006479346205033539
judgment,-0.006479199915393813,0.006479199915393813
hosted,-0.006474249754909257,0.006474249754909257
sadly,-0.00647378498369154,0.00647378498369154
module,-0.00647375819577018,0.00647375819577018
shown,-0.0064736268438762195,0.0064736268438762195
ui,-0.006471863462946602,0.006471863462946602
continuous,-0.006469962768549821,0.006469962768549821
programmed,-0.006469176136906558,0.006469176136906558
halfway,0.006468646116402341,0.006468646116402341
copy,-0.00646664534547893,0.00646664534547893
roof,0.006463837602150121,0.006463837602150121
intend,-0.006461540216722772,0.006461540216722772
arguments,-0.006460442324270327,0.006460442324270327
prose,0.006459576609039126,0.006459576609039126
sentence,-0.00645943549691134,0.00645943549691134
unemployed,0.0064572890025583795,0.0064572890025583795
vram,-0.0064499651199814165,0.0064499651199814165
elon,-0.006449561735870231,0.006449561735870231
blend,-0.006444430267407275,0.006444430267407275
temporal,0.006443456805276206,0.006443456805276206
lane,-0.006442921383399676,0.006442921383399676
regulations,-0.006439397324248585,0.006439397324248585
distributed,0.006439262263692617,0.006439262263692617
knowing,0.006438055405732536,0.006438055405732536
unlikely,-0.0064355726862852045,0.0064355726862852045
hopefully,-0.006431916712727462,0.006431916712727462
climate,-0.0064315403513938805,0.0064315403513938805
chosen,0.0064306218784507055,0.0064306218784507055
overkill,-0.006429553441421364,0.006429553441421364
mock,-0.00642800877927861,0.00642800877927861
gig,0.006426636487825991,0.006426636487825991
harsh,0.006426540353680266,0.006426540353680266
deterministic,-0.006425448355667209,0.006425448355667209
netflix,0.006425162642576972,0.006425162642576972
average,0.006425083267215912,0.006425083267215912
alongside,-0.006424347508706358,0.006424347508706358
indication,-0.006424214893245314,0.006424214893245314
purchasing,0.006423725116989706,0.006423725116989706
ruby,-0.00641958121702155,0.00641958121702155
misinformation,-0.006417745252527274,0.006417745252527274
structure,-0.006415129197328837,0.006415129197328837
solutions,0.006414921608147228,0.006414921608147228
abundant,-0.006414260996413913,0.006414260996413913
macos,-0.00641421723030262,0.00641421723030262
generated,0.006409836500252362,0.006409836500252362
worship,-0.0064091766111155175,0.0064091766111155175
politician,-0.006406868932802739,0.006406868932802739
pessimistic,0.006405452332600061,0.006405452332600061
dive,-0.006403707567930074,0.006403707567930074
20or,-0.0064023279926570175,0.0064023279926570175
generalized,-0.006399586288960499,0.006399586288960499
projected,-0.006397663704937848,0.006397663704937848
remove,0.0063957983666139626,0.0063957983666139626
csv,-0.006394838484898499,0.006394838484898499
likes,0.006394518605103766,0.006394518605103766
skin,0.006393530857123675,0.006393530857123675
exam,-0.00639140822728917,0.00639140822728917
radiation,0.006386858262151698,0.006386858262151698
aim,-0.00638472887551938,0.00638472887551938
generate,-0.006384461210979453,0.006384461210979453
discussions,0.006383491414270394,0.006383491414270394
rating,0.0063790586476466,0.0063790586476466
panel,-0.0063722879590156255,0.0063722879590156255
child,0.006371725035953408,0.006371725035953408
river,0.006368971587492503,0.006368971587492503
gross,-0.006367671610879054,0.006367671610879054
michael,0.006367349875972729,0.006367349875972729
balancing,-0.006366358771065101,0.006366358771065101
ton,0.006365572605217934,0.006365572605217934
innovate,0.006364504548299879,0.006364504548299879
fly,-0.006363314739145718,0.006363314739145718
news,0.0063608416767468035,0.0063608416767468035
upon,-0.006359602689101312,0.006359602689101312
lives,0.006357023705231158,0.006357023705231158
doc,0.006352273913309894,0.006352273913309894
dick,0.006351836004916003,0.006351836004916003
lead,0.006351611888660122,0.006351611888660122
minecraft,0.00635064872467104,0.00635064872467104
escape,-0.006348527742498878,0.006348527742498878
burning,0.006346512383033078,0.006346512383033078
identify,0.006342591790304565,0.006342591790304565
speeding,-0.006340818829610899,0.006340818829610899
neutral,0.0063337651487650505,0.0063337651487650505
thousand,0.006331184112297253,0.006331184112297253
viral,-0.006328349713128162,0.006328349713128162
60s,-0.006325714240368517,0.006325714240368517
lanes,-0.006319054727680184,0.006319054727680184
heard,-0.006314656989645638,0.006314656989645638
upfront,0.006312702729477297,0.006312702729477297
cyber,-0.006312405791393536,0.006312405791393536
cent,0.00631040463694907,0.00631040463694907
afraid,0.00630806784534931,0.00630806784534931
varied,-0.006306894755594672,0.006306894755594672
taxes,-0.006303363818787656,0.006303363818787656
gods,-0.006297617085138173,0.006297617085138173
unclear,-0.0062929183761543436,0.0062929183761543436
equivalent,0.006291133974573619,0.006291133974573619
bitter,0.006290534266144815,0.006290534266144815
spoke,0.006286689989489567,0.006286689989489567
cattle,0.00628539039878584,0.00628539039878584
gates,0.00628451305927201,0.00628451305927201
length,0.006283855130826883,0.006283855130826883
farming,0.006283211049184135,0.006283211049184135
camera,0.006282414572524933,0.006282414572524933
couldn,-0.006281553302875189,0.006281553302875189
additions,-0.006279289023321862,0.006279289023321862
marginal,0.0062784391377176466,0.0062784391377176466
template,-0.006274539114965702,0.006274539114965702
foolish,-0.00627422975516319,0.00627422975516319
experts,0.006270702007103865,0.006270702007103865
activation,0.006268790975176797,0.006268790975176797
german,0.006266978528036274,0.006266978528036274
finish,-0.006264601501673442,0.006264601501673442
censorship,0.0062595273626697475,0.0062595273626697475
39,-0.006255403071641425,0.006255403071641425
senses,0.006253045166159787,0.006253045166159787
stone,-0.006251197592032631,0.006251197592032631
death,-0.006251138789027445,0.006251138789027445
craft,-0.006250527699058096,0.006250527699058096
unaware,-0.006250087991596947,0.006250087991596947
male,-0.006247849161429686,0.006247849161429686
computational,-0.0062444614736687325,0.0062444614736687325
debate,-0.006238861856252514,0.006238861856252514
flesh,0.006237346333918471,0.006237346333918471
slight,0.006237266685257538,0.006237266685257538
accent,-0.006236156942774651,0.006236156942774651
paragraph,-0.006234874411881964,0.006234874411881964
region,-0.0062328385192146184,0.0062328385192146184
returning,0.00623005250123293,0.00623005250123293
ain,0.006229420400009784,0.006229420400009784
performance,0.006229254028203351,0.006229254028203351
representation,-0.006228460545542107,0.006228460545542107
package,0.006228223655208452,0.006228223655208452
localllama,-0.0062254753694423294,0.0062254753694423294
total,-0.006221483154204885,0.006221483154204885
4000,0.006219756835867866,0.006219756835867866
math,-0.006218787709003676,0.006218787709003676
scheme,-0.006217051804734463,0.006217051804734463
05,-0.006212966213688486,0.006212966213688486
readme,-0.006202031357588191,0.006202031357588191
asteroid,0.006200070573179045,0.006200070573179045
babies,0.006199713550847441,0.006199713550847441
tweak,-0.006196957115147878,0.006196957115147878
laughable,0.0061928718083708425,0.0061928718083708425
motor,-0.006191267990986101,0.006191267990986101
containers,0.006191261349781877,0.006191261349781877
lord,-0.00618759254438138,0.00618759254438138
consumption,0.006185734714995875,0.006185734714995875
profound,-0.006184007088088555,0.006184007088088555
doubling,-0.006180531867490514,0.006180531867490514
crisis,0.00617790489985749,0.00617790489985749
literally,0.006175780302614122,0.006175780302614122
deploying,0.006169237867418641,0.006169237867418641
files,-0.006167880356544337,0.006167880356544337
solved,0.006165712555764907,0.006165712555764907
cooler,0.006165520648612397,0.006165520648612397
domestic,0.006165086894114431,0.006165086894114431
operator,0.00616365372587602,0.00616365372587602
container,0.006161673239761061,0.006161673239761061
cute,-0.00616153527123529,0.00616153527123529
israel,-0.006161482558382775,0.006161482558382775
caution,-0.006161395646385896,0.006161395646385896
alike,0.006159041825966417,0.006159041825966417
55,0.006159014064763884,0.006159014064763884
pc,-0.006156376307816585,0.006156376307816585
entity,-0.006153368729283446,0.006153368729283446
creation,-0.0061532772480737625,0.0061532772480737625
fighting,0.006148181778172903,0.006148181778172903
patients,-0.006148054898363543,0.006148054898363543
regardless,-0.006146387088124011,0.006146387088124011
positive,0.0061441168107573265,0.0061441168107573265
strategies,0.006143163839508174,0.006143163839508174
creatures,-0.006141954744089562,0.006141954744089562
unlimited,-0.0061417547017141826,0.0061417547017141826
evening,-0.006141095686950395,0.006141095686950395
inspired,0.006140863669000618,0.006140863669000618
seem,-0.006140601935398248,0.006140601935398248
cs,-0.006138550859615054,0.006138550859615054
markets,-0.006136351880070488,0.006136351880070488
popular,0.006127745417129572,0.006127745417129572
popularity,0.006124988976185139,0.006124988976185139
specified,-0.006124896234478827,0.006124896234478827
fears,0.006124458840058023,0.006124458840058023
censoring,0.006124093576186968,0.006124093576186968
passes,0.006121232545430821,0.006121232545430821
lit,-0.006119707869888633,0.006119707869888633
accident,0.006118046503769142,0.006118046503769142
library,0.006109808976177187,0.006109808976177187
linking,-0.006106563961778087,0.006106563961778087
100,0.006106404624169841,0.006106404624169841
spent,0.00610229288730978,0.00610229288730978
ten,0.0060998463059165125,0.0060998463059165125
presenting,-0.006099783823480254,0.006099783823480254
forms,0.006099493350905339,0.006099493350905339
industry,0.006099400879897023,0.006099400879897023
lesser,-0.006099117072224038,0.006099117072224038
questioning,-0.006090634176591625,0.006090634176591625
democratic,0.0060906215090225455,0.0060906215090225455
skills,-0.006090402136639585,0.006090402136639585
substantial,0.006087098179518986,0.006087098179518986
luddites,-0.006085073089115113,0.006085073089115113
prevalent,0.0060845615373861595,0.0060845615373861595
update,-0.00608450063891145,0.00608450063891145
fuel,-0.006083871662585376,0.006083871662585376
somehow,-0.006083805604438382,0.006083805604438382
fear,-0.0060811025268309,0.0060811025268309
og,0.006076721930179233,0.006076721930179233
searches,0.00607253834415481,0.00607253834415481
days,0.006071867461191899,0.006071867461191899
complaints,0.006063756809931471,0.006063756809931471
chill,0.006062448170717146,0.006062448170717146
vaccine,0.006061178487777356,0.006061178487777356
disable,-0.006060410457971981,0.006060410457971981
discovering,0.006059457599973621,0.006059457599973621
nearly,0.006058507063222614,0.006058507063222614
tipping,0.0060579369715083025,0.0060579369715083025
first,0.006056327066088372,0.006056327066088372
hits,0.006055587705298832,0.006055587705298832
doubt,-0.006054086308715035,0.006054086308715035
former,-0.006054034519744067,0.006054034519744067
disease,0.006053758490212502,0.006053758490212502
core,0.006053758214681197,0.006053758214681197
among,0.00605349893086062,0.00605349893086062
phone,-0.006048452763754522,0.006048452763754522
occurred,-0.006046751838288634,0.006046751838288634
paycheck,0.0060456922382131914,0.0060456922382131914
schools,0.006044832606664563,0.006044832606664563
economists,0.0060423352112229795,0.0060423352112229795
market,0.006040153128955929,0.006040153128955929
profile,0.00603998915165207,0.00603998915165207
unfortunate,0.006038237654097856,0.006038237654097856
usd,-0.006036768589152614,0.006036768589152614
sometime,-0.006034837198482102,0.006034837198482102
technique,0.006031139310842019,0.006031139310842019
jailbreak,0.006029874102868999,0.006029874102868999
fluid,0.00602664053830578,0.00602664053830578
genuine,0.0060263445209038135,0.0060263445209038135
radar,0.0060261528567154094,0.0060261528567154094
limitless,-0.006022809009367253,0.006022809009367253
object,0.006016784112032111,0.006016784112032111
respect,0.006016208526312383,0.006016208526312383
acceptance,-0.006015562291494184,0.006015562291494184
structures,-0.006013262693996438,0.006013262693996438
decreasing,-0.006012102127583828,0.006012102127583828
early,0.006011849540072855,0.006011849540072855
entities,-0.006010770944465449,0.006010770944465449
comprehend,-0.00600564559983346,0.00600564559983346
borderline,-0.006003302268516247,0.006003302268516247
proportion,-0.005999444487982574,0.005999444487982574
entertainment,-0.0059959715989322095,0.0059959715989322095
typically,0.005994024963532436,0.005994024963532436
toxic,0.005991787480540021,0.005991787480540021
nowadays,0.005989327991750187,0.005989327991750187
spam,-0.00598927083499067,0.00598927083499067
id,-0.005984782084891102,0.005984782084891102
12gb,-0.005984377350950033,0.005984377350950033
influence,0.005981962225082714,0.005981962225082714
chip,-0.005981578887755996,0.005981578887755996
statistics,-0.005980126112655847,0.005980126112655847
methods,0.005977308641100352,0.005977308641100352
accuracy,-0.005976530191285179,0.005976530191285179
square,0.005974466773061337,0.005974466773061337
cybersecurity,0.005974006857667313,0.005974006857667313
home,0.005972030846118743,0.005972030846118743
destination,0.005970370510920513,0.005970370510920513
toys,0.0059703245875904745,0.0059703245875904745
classify,-0.005968287508939216,0.005968287508939216
opensource,0.005967496322390894,0.005967496322390894
burger,-0.005964269910047766,0.005964269910047766
vocal,0.005961717819291541,0.005961717819291541
james,-0.0059574219320848625,0.0059574219320848625
clever,0.0059572730027656435,0.0059572730027656435
remotely,-0.005956713310178323,0.005956713310178323
enabling,-0.0059547612435233085,0.0059547612435233085
99,0.005951859999814819,0.005951859999814819
natively,0.005951500025927776,0.005951500025927776
pumping,-0.0059511902332390265,0.0059511902332390265
solution,-0.005948697466684431,0.005948697466684431
spark,-0.005947341020388664,0.005947341020388664
hinton,0.005946345505129035,0.005946345505129035
40k,0.0059434923767170186,0.0059434923767170186
expecting,0.005942369115566524,0.005942369115566524
dump,0.005941896136591094,0.005941896136591094
accurate,0.005940113855385145,0.005940113855385145
file,-0.005934535476526856,0.005934535476526856
useful,0.005932370620854405,0.005932370620854405
direction,-0.005931324060952584,0.005931324060952584
heart,0.005931229003814772,0.005931229003814772
bottleneck,0.0059306498901297525,0.0059306498901297525
unfortunately,-0.005928899806596281,0.005928899806596281
simulation,-0.0059257348803084375,0.0059257348803084375
caption,-0.005924720790270378,0.005924720790270378
aka,0.005923874490480096,0.005923874490480096
aligns,0.005922549948601828,0.005922549948601828
typed,-0.005922147349387045,0.005922147349387045
hanging,0.005919794544861437,0.005919794544861437
chose,0.005914401570302568,0.005914401570302568
woman,0.005912675763731754,0.005912675763731754
invention,-0.005911017380491993,0.005911017380491993
contradictory,-0.005910370126506348,0.005910370126506348
networks,0.0059100737565205685,0.0059100737565205685
swing,-0.0059096552546151395,0.0059096552546151395
guide,-0.005908129400888287,0.005908129400888287
song,-0.005906459672846269,0.005906459672846269
homelessness,0.005905700850773963,0.005905700850773963
became,0.005903476211787134,0.005903476211787134
easily,-0.005899148022022572,0.005899148022022572
hours,0.005892772350263732,0.005892772350263732
steam,0.005891983483992785,0.005891983483992785
rejected,0.0058905779757174315,0.0058905779757174315
cartoon,0.0058902224126136755,0.0058902224126136755
mundane,-0.005889930990498121,0.005889930990498121
briefly,0.005879716844385887,0.005879716844385887
5x,0.005879287878285032,0.005879287878285032
choice,-0.0058786932772836075,0.0058786932772836075
variants,-0.005878482739557923,0.005878482739557923
sd1,-0.00587743883403314,0.00587743883403314
games,-0.005874924587823771,0.005874924587823771
analysis,-0.005873776904685097,0.005873776904685097
sophisticated,-0.005872746408159916,0.005872746408159916
tweaking,0.005871129527374236,0.005871129527374236
experience,-0.005869496198254056,0.005869496198254056
somewhat,0.005869334345160764,0.005869334345160764
individuals,-0.00586684504855564,0.00586684504855564
controlnet,-0.005862344685289573,0.005862344685289573
introduction,-0.005860166009930642,0.005860166009930642
adjust,-0.005859366494880084,0.005859366494880084
appeared,-0.005858232029875072,0.005858232029875072
8,0.005857942157685308,0.005857942157685308
keep,-0.005853420926453199,0.005853420926453199
unhappy,-0.005848345101313136,0.005848345101313136
flight,0.005846512971577074,0.005846512971577074
bots,-0.005845817367264706,0.005845817367264706
finite,-0.0058457821475123364,0.0058457821475123364
entry,-0.00584531154054528,0.00584531154054528
wider,0.005842124675371143,0.005842124675371143
near,0.005841679050402955,0.005841679050402955
commenting,-0.005840106739728224,0.005840106739728224
90,0.005838418079405766,0.005838418079405766
ray,0.005832923797076135,0.005832923797076135
staying,-0.005832877705726243,0.005832877705726243
substance,0.00582993131441422,0.00582993131441422
organ,0.005823438227909134,0.005823438227909134
floor,0.005823281189611912,0.005823281189611912
watched,0.005822454060705187,0.005822454060705187
vllm,-0.005822148663561461,0.005822148663561461
emotional,0.005821229318087175,0.005821229318087175
artifact,0.005809165636870085,0.005809165636870085
assumptions,-0.0058080505337652615,0.0058080505337652615
2012,-0.005807087574686099,0.005807087574686099
united,-0.005806894993068322,0.005806894993068322
rapid,0.005805402284069578,0.005805402284069578
footprint,0.005804214834393425,0.005804214834393425
ux,0.005804152221345173,0.005804152221345173
fields,0.0058012938744013,0.0058012938744013
cult,-0.005798776856633114,0.005798776856633114
carefully,0.005798705850599082,0.005798705850599082
buying,-0.005794551952067208,0.005794551952067208
department,0.005792626625247384,0.005792626625247384
progressing,0.005781507639235518,0.005781507639235518
incremental,-0.005776032116876416,0.005776032116876416
robot,-0.0057757132471982905,0.0057757132471982905
xyz,-0.005775701304598595,0.005775701304598595
significant,0.005772117451201734,0.005772117451201734
reach,0.005764680399374932,0.005764680399374932
began,-0.0057633470877163145,0.0057633470877163145
applicable,-0.005763113569331914,0.005763113569331914
1k,-0.005760239217112964,0.005760239217112964
node,-0.005758736551206244,0.005758736551206244
2018,0.005755768056308287,0.005755768056308287
peasants,-0.005754812087715655,0.005754812087715655
measured,-0.00575442454615027,0.00575442454615027
lake,0.00575256917903471,0.00575256917903471
formatted,0.00575176052539353,0.00575176052539353
riding,0.005750876875954581,0.005750876875954581
mention,0.005749095740107205,0.005749095740107205
clicks,-0.0057474641987377735,0.0057474641987377735
worth,-0.005747109747175438,0.005747109747175438
affects,0.005746653370759987,0.005746653370759987
cuz,-0.005742562778469004,0.005742562778469004
reasonably,0.00574193370384962,0.00574193370384962
connections,-0.0057408928198448865,0.0057408928198448865
customer,-0.005740747987166709,0.005740747987166709
mega,0.005739803141454605,0.005739803141454605
confident,0.0057385575446861825,0.0057385575446861825
synthesis,0.005737261598006192,0.005737261598006192
supportive,0.005734153710607187,0.005734153710607187
encryption,0.005731793055701325,0.005731793055701325
lying,0.005731009168474849,0.005731009168474849
numerical,0.005728474412497419,0.005728474412497419
silly,0.0057282734982581265,0.0057282734982581265
guilty,-0.0057271772130948724,0.0057271772130948724
gov,-0.005725489393380694,0.005725489393380694
requirement,0.005725128834497848,0.005725128834497848
slavery,-0.00572448822582076,0.00572448822582076
convey,-0.005721999095379379,0.005721999095379379
async,0.0057209622826216505,0.0057209622826216505
switched,0.005720809418337225,0.005720809418337225
variations,-0.005718733930382107,0.005718733930382107
scene,-0.005717791216021728,0.005717791216021728
guess,-0.005716767654120092,0.005716767654120092
pipeline,-0.005715531820768831,0.005715531820768831
reaching,-0.005713288482048928,0.005713288482048928
exercise,-0.005711285049470646,0.005711285049470646
regulation,-0.005710694057870648,0.005710694057870648
anyway,-0.005710305308409777,0.005710305308409777
communicate,0.005708931389053746,0.005708931389053746
sales,-0.00570772996250088,0.00570772996250088
parameters,0.00570474516839059,0.00570474516839059
commits,-0.0057040704925077,0.0057040704925077
priority,0.005702922028988885,0.005702922028988885
merely,-0.005701843749629495,0.005701843749629495
pharma,-0.005701011648722368,0.005701011648722368
stayed,0.005700834139308623,0.005700834139308623
amount,0.00569967539523796,0.00569967539523796
affordable,-0.005693911820945202,0.005693911820945202
cringe,0.005690086819890469,0.005690086819890469
cope,-0.005689182559352788,0.005689182559352788
behave,0.005688755389110266,0.005688755389110266
tonight,-0.0056878413954744005,0.0056878413954744005
responsibilities,0.005687306214794139,0.005687306214794139
outcome,0.00568636493867907,0.00568636493867907
mesh,0.0056807025580435586,0.0056807025580435586
bandwidth,0.00567987570711252,0.00567987570711252
alternative,0.005677379355723403,0.005677379355723403
asi,-0.005676485274249899,0.005676485274249899
deploy,0.005675985866310118,0.005675985866310118
tbf,0.005675655200846495,0.005675655200846495
matching,0.0056754000023518675,0.0056754000023518675
vibes,0.005674326916397909,0.005674326916397909
wolframalpha,-0.005673643568997732,0.005673643568997732
micro,-0.005668234458929231,0.005668234458929231
rise,0.0056668082004059485,0.0056668082004059485
sale,0.00566521228323893,0.00566521228323893
trek,0.005663924511266606,0.005663924511266606
generous,0.00566315759027964,0.00566315759027964
unet,-0.0056614432816531725,0.0056614432816531725
poorer,0.005660465741550216,0.005660465741550216
whichever,0.005660271776897062,0.005660271776897062
appearance,0.005660072182792237,0.005660072182792237
advertised,-0.005658636980222501,0.005658636980222501
science,-0.005655773016920879,0.005655773016920879
felt,0.005654539259626546,0.005654539259626546
federal,-0.0056524093091172,0.0056524093091172
companies,0.005649550953309865,0.005649550953309865
pleasure,-0.005646781067573749,0.005646781067573749
forum,-0.005646293137944315,0.005646293137944315
mathematically,0.005644868275364643,0.005644868275364643
stages,-0.005644714824686365,0.005644714824686365
29,-0.005644472647648142,0.005644472647648142
bare,-0.005639968322189461,0.005639968322189461
watch,-0.005635084250723523,0.005635084250723523
stole,-0.0056322494433272965,0.0056322494433272965
behaviors,0.005630400060233575,0.005630400060233575
generalize,0.00563019330108305,0.00563019330108305
karras,0.0056296347256442935,0.0056296347256442935
run,-0.005627367271610115,0.005627367271610115
summarization,-0.0056268189449141,0.0056268189449141
realize,-0.005625576119740306,0.005625576119740306
keys,0.005622567187855094,0.005622567187855094
mathematical,0.005615397186301465,0.005615397186301465
assembly,0.005615156774305373,0.005615156774305373
computers,0.005613649032218464,0.005613649032218464
millions,-0.005606349239633129,0.005606349239633129
stackoverflow,0.0056056584855215755,0.0056056584855215755
produce,-0.005605083443741624,0.005605083443741624
bi,-0.00560382688527013,0.00560382688527013
course,-0.0056017618995382835,0.0056017618995382835
research,0.005601410577460518,0.005601410577460518
election,0.005598709818739891,0.005598709818739891
reject,-0.005593432511479321,0.005593432511479321
sample,-0.005591350150351892,0.005591350150351892
ahead,0.005591194672215709,0.005591194672215709
cosmic,0.005590883315083683,0.005590883315083683
metrics,-0.005590435181719058,0.005590435181719058
older,0.005587590255726446,0.005587590255726446
freedom,0.005585309515437148,0.005585309515437148
thorough,0.005583583017440733,0.005583583017440733
ignore,-0.0055786019488034,0.0055786019488034
handling,0.005574842123769764,0.005574842123769764
fuels,-0.005574035574293284,0.005574035574293284
angles,0.005572374003067423,0.005572374003067423
money,-0.005572306501403564,0.005572306501403564
japanese,0.005565513553213337,0.005565513553213337
conversion,-0.005565398735281835,0.005565398735281835
notebooks,-0.00556489426590837,0.00556489426590837
amazing,0.005563430970705681,0.005563430970705681
dozen,0.0055623667512346596,0.0055623667512346596
conclusion,-0.00556230461052461,0.00556230461052461
kv,0.005560325908723848,0.005560325908723848
45,0.0055600953179604055,0.0055600953179604055
designed,0.005557791491692241,0.005557791491692241
outer,-0.005556603332348437,0.005556603332348437
treatments,0.0055518116154536215,0.0055518116154536215
bodies,0.005551761390829175,0.005551761390829175
broken,-0.005550493829594312,0.005550493829594312
en,-0.005549229825967707,0.005549229825967707
losses,0.005541403512773765,0.005541403512773765
canada,-0.0055396842327151375,0.0055396842327151375
idea,-0.005536640806832668,0.005536640806832668
32,-0.0055356541315983165,0.0055356541315983165
italy,0.005533517949768705,0.005533517949768705
reliable,-0.005532665141971499,0.005532665141971499
hack,-0.005532057588777285,0.005532057588777285
said,-0.005528338834899751,0.005528338834899751
concentrated,-0.005528323960441199,0.005528323960441199
exponentially,-0.005523959822690156,0.005523959822690156
viewer,0.00552264498097375,0.00552264498097375
operational,0.005521363444169268,0.005521363444169268
dragon,-0.005521103823641874,0.005521103823641874
reasonable,0.0055204300992447875,0.0055204300992447875
hero,0.0055181546029287815,0.0055181546029287815
moral,-0.0055145463375849855,0.0055145463375849855
limits,-0.005513826674077327,0.005513826674077327
heating,0.005512232308430059,0.005512232308430059
remaining,0.0055122253753729636,0.0055122253753729636
ggerganov,0.0055093443598780165,0.0055093443598780165
room,0.00550457733150991,0.00550457733150991
sequence,-0.005504511118362334,0.005504511118362334
configuration,-0.005503867621926536,0.005503867621926536
storing,0.005502051579087037,0.005502051579087037
friends,0.005501945703504771,0.005501945703504771
toe,0.005499756055576894,0.005499756055576894
disturbing,0.005499113287285572,0.005499113287285572
type,-0.0054972009953781435,0.0054972009953781435
nothing,-0.005496998907058849,0.005496998907058849
refresh,0.00549605057557506,0.00549605057557506
disregard,0.005493714515699586,0.005493714515699586
mb,-0.005490995552666015,0.005490995552666015
smell,-0.005489490610281107,0.005489490610281107
25,-0.005486285972347137,0.005486285972347137
devops,-0.0054847304440120296,0.0054847304440120296
20b,0.005484032182602311,0.005484032182602311
educational,-0.005482703511001826,0.005482703511001826
dollars,0.005482244911866177,0.005482244911866177
drones,0.005479359378089754,0.005479359378089754
diagnosis,0.005479217442001436,0.005479217442001436
touch,-0.005479166796505865,0.005479166796505865
society,-0.005477996964171654,0.005477996964171654
benefit,0.005477786664850523,0.005477786664850523
defending,-0.005476562482772078,0.005476562482772078
capture,0.0054762950145868005,0.0054762950145868005
alignment,0.005474701515283363,0.005474701515283363
correct,-0.005473813996441095,0.005473813996441095
03,-0.005473326846500225,0.005473326846500225
pass,-0.005471249842597613,0.005471249842597613
status,0.005470933718101861,0.005470933718101861
water,0.005469578534878244,0.005469578534878244
otherwise,-0.005468578403227347,0.005468578403227347
explain,-0.005467050688286886,0.005467050688286886
miserable,0.005464513597059957,0.005464513597059957
curse,-0.0054631627401040906,0.0054631627401040906
wasting,0.005458910848925122,0.005458910848925122
version,-0.00545639944119467,0.00545639944119467
1792,-0.005452734777297138,0.005452734777297138
deep,0.0054521685588960755,0.0054521685588960755
fps,-0.005452113141480292,0.005452113141480292
upvotes,0.0054514764628056794,0.0054514764628056794
earning,-0.0054485038805276624,0.0054485038805276624
intentions,-0.005448080695941628,0.005448080695941628
able,-0.005446995536915434,0.005446995536915434
quoted,-0.005444718981554186,0.005444718981554186
civilians,-0.005441571973034332,0.005441571973034332
gpu,-0.005439013547709947,0.005439013547709947
facial,0.005438858137972391,0.005438858137972391
cto,-0.005436768896145482,0.005436768896145482
added,0.005436484887337769,0.005436484887337769
advocating,-0.005435970823930893,0.005435970823930893
extinction,-0.005435574171984116,0.005435574171984116
population,-0.005435219063049961,0.005435219063049961
similarly,0.005434191168750381,0.005434191168750381
licenses,0.0054302147587371825,0.0054302147587371825
recommended,-0.005429679159160279,0.005429679159160279
offered,-0.005429467608902271,0.005429467608902271
earlier,-0.0054285812734608955,0.0054285812734608955
phrase,0.005427204204744162,0.005427204204744162
anime,-0.0054255615106859134,0.0054255615106859134
asset,0.005423863979118069,0.005423863979118069
habit,-0.005422311424766319,0.005422311424766319
learned,0.005419493653872562,0.005419493653872562
relies,-0.005419027148578343,0.005419027148578343
spends,0.0054128147347128515,0.0054128147347128515
pants,0.005412089452594741,0.005412089452594741
corrupt,-0.0054067847866178095,0.0054067847866178095
cash,0.005405818606260265,0.005405818606260265
receive,-0.0054051769522233456,0.0054051769522233456
mitigate,-0.005403032346301193,0.005403032346301193
offset,0.005401613497789034,0.005401613497789034
evolution,-0.005395287739594774,0.005395287739594774
sparse,0.005394152808973718,0.005394152808973718
poison,-0.0053936195971353695,0.0053936195971353695
college,-0.005388850580575741,0.005388850580575741
best,0.0053835496206834955,0.0053835496206834955
involved,0.005380358705543065,0.005380358705543065
pixel,0.005380150117405691,0.005380150117405691
ending,0.0053783453474267225,0.0053783453474267225
ordinary,-0.005375360695897325,0.005375360695897325
torture,-0.005374045918070002,0.005374045918070002
diffusers,-0.005373581894370472,0.005373581894370472
entropy,0.0053714081437669465,0.0053714081437669465
chrome,0.0053708319993385125,0.0053708319993385125
culture,0.005370702605031262,0.005370702605031262
fucked,0.0053690278729340134,0.0053690278729340134
seeing,0.00536874130994886,0.00536874130994886
beings,-0.005366905934862057,0.005366905934862057
photos,-0.005363853069289269,0.005363853069289269
retarded,-0.005362154340152588,0.005362154340152588
change,-0.005361915208993944,0.005361915208993944
measures,-0.005360719255767911,0.005360719255767911
gta,0.005360494061802636,0.005360494061802636
2022,-0.00536039000717045,0.00536039000717045
fusion,0.005359390493182964,0.005359390493182964
academic,-0.005353293723959719,0.005353293723959719
pixels,-0.0053511800316134,0.0053511800316134
rent,0.005348404927098503,0.005348404927098503
worried,0.00534735420947312,0.00534735420947312
compute,0.0053447938485808805,0.0053447938485808805
coverage,0.005336623448771603,0.005336623448771603
however,-0.005336590230055054,0.005336590230055054
leads,0.005336227323854064,0.005336227323854064
grocery,0.005330348329867812,0.005330348329867812
gibberish,-0.005328920067756524,0.005328920067756524
2009,-0.0053266651132961,0.0053266651132961
joint,0.005319614619358161,0.005319614619358161
listing,-0.005314616707712302,0.005314616707712302
along,0.005314499064891034,0.005314499064891034
household,0.005310092984938432,0.005310092984938432
rude,-0.005306100275056562,0.005306100275056562
punish,0.005303826641005472,0.005303826641005472
quite,-0.005301834149153327,0.005301834149153327
girls,0.005298897109673848,0.005298897109673848
mouse,0.005296807999158345,0.005296807999158345
rest,0.005295562946912067,0.005295562946912067
js,0.005293992485277261,0.005293992485277261
default,0.005293748870641258,0.005293748870641258
huh,-0.005292611538177519,0.005292611538177519
validation,-0.005290827610872643,0.005290827610872643
apple,0.005285276289660116,0.005285276289660116
abandon,0.005279830081802587,0.005279830081802587
suits,0.005278076401451676,0.005278076401451676
noticeable,-0.005275757117523132,0.005275757117523132
sold,0.005274761136583503,0.005274761136583503
v,-0.0052715984866841216,0.0052715984866841216
twice,0.005269148223372366,0.005269148223372366
walked,0.005266449128972331,0.005266449128972331
wallet,0.005265729656930594,0.005265729656930594
warehouse,0.005265555663178672,0.005265555663178672
boundaries,0.005264856381884155,0.005264856381884155
citing,0.005260196283632109,0.005260196283632109
crucial,-0.005259835911517447,0.005259835911517447
portrait,0.005255682614118261,0.005255682614118261
intermediate,0.005254324516569727,0.005254324516569727
mood,0.005252724414636359,0.005252724414636359
demonstrate,-0.0052526646643296935,0.0052526646643296935
compensate,-0.005249857928923298,0.005249857928923298
straight,0.005249092706775797,0.005249092706775797
journey,-0.005248560717880903,0.005248560717880903
cuda,-0.005247447714571888,0.005247447714571888
uncertain,-0.005247216819854994,0.005247216819854994
pointless,-0.005245136150803565,0.005245136150803565
contrast,0.005240069288485293,0.005240069288485293
count,0.005239253596107558,0.005239253596107558
b,0.005239034515811545,0.005239034515811545
avatar,-0.005236812060528542,0.005236812060528542
numerous,0.005236642214170497,0.005236642214170497
mins,0.00523419575114899,0.00523419575114899
thankfully,0.005229984148895769,0.005229984148895769
adequate,-0.005229327988894376,0.005229327988894376
jump,0.005228546084627849,0.005228546084627849
responsibility,0.005225763631784442,0.005225763631784442
new,0.005221478783897946,0.005221478783897946
within,-0.0052210193766336595,0.0052210193766336595
lean,0.005220576464869485,0.005220576464869485
combination,-0.00522016708514294,0.00522016708514294
fb,0.0052189598312284,0.0052189598312284
settled,-0.005217357165658119,0.005217357165658119
nail,0.005216282364057174,0.005216282364057174
judge,0.005216195877885732,0.005216195877885732
deepfake,0.005215850520429976,0.005215850520429976
weak,-0.005215810836973872,0.005215810836973872
rollout,0.005214704837046641,0.005214704837046641
nazi,-0.0052142905465115,0.0052142905465115
wiped,-0.00521309557952268,0.00521309557952268
singularity,0.005212383127926352,0.005212383127926352
gun,-0.005211515909902939,0.005211515909902939
distances,0.005209637051144352,0.005209637051144352
_model,-0.0052095229628460315,0.0052095229628460315
testament,0.00520671026675819,0.00520671026675819
blah,0.0052055510105844,0.0052055510105844
excellent,0.005204146833949088,0.005204146833949088
breaks,0.00520227391889017,0.00520227391889017
v1,-0.005198547938445391,0.005198547938445391
launches,-0.005196979080097779,0.005196979080097779
conversational,0.005194350559662129,0.005194350559662129
768,-0.005193393667457955,0.005193393667457955
distance,-0.005193266432430062,0.005193266432430062
punishment,-0.005192925451272941,0.005192925451272941
tldr,0.005189325543998736,0.005189325543998736
remain,-0.0051883063818650215,0.0051883063818650215
enthusiasts,0.005186883932113777,0.005186883932113777
yesterday,0.0051867941162085495,0.0051867941162085495
environmental,0.005185433545093611,0.005185433545093611
turning,-0.005183220012227433,0.005183220012227433
woke,-0.005183107005733091,0.005183107005733091
destroys,-0.005181371050377336,0.005181371050377336
exllamav2,0.005179715763232582,0.005179715763232582
filters,0.0051772396336882244,0.0051772396336882244
constrained,0.0051689114762887125,0.0051689114762887125
armed,-0.0051688159931809,0.0051688159931809
texas,-0.00516865758251401,0.00516865758251401
41,-0.00516833721023424,0.00516833721023424
t5,-0.005165870545112423,0.005165870545112423
advice,-0.00516360206986278,0.00516360206986278
flags,0.005161816876726183,0.005161816876726183
participants,-0.005161791514884826,0.005161791514884826
imagination,-0.00516178108764152,0.00516178108764152
sit,-0.005158865481914006,0.005158865481914006
signs,-0.005157386143213213,0.005157386143213213
calculators,-0.005154528801382128,0.005154528801382128
recommendation,-0.005151763103707266,0.005151763103707266
downsides,-0.0051504988576608676,0.0051504988576608676
particle,-0.005148745419488785,0.005148745419488785
supposed,0.005148455479803747,0.005148455479803747
sensory,-0.005144701932555784,0.005144701932555784
wizard,0.005144521036686336,0.005144521036686336
requests,0.005143469144039296,0.005143469144039296
stay,0.005140180695520403,0.005140180695520403
trustworthy,-0.005138059691186398,0.005138059691186398
contemporary,-0.005136170439647768,0.005136170439647768
different,-0.00513601027170054,0.00513601027170054
leader,0.005134741908768029,0.005134741908768029
consideration,-0.005133880635609835,0.005133880635609835
luck,-0.005133646674288915,0.005133646674288915
32k,-0.00513292723518869,0.00513292723518869
digging,0.005130463801686493,0.005130463801686493
facilities,-0.005127251488209332,0.005127251488209332
model,0.005125614182427594,0.005125614182427594
equality,-0.0051222775917597226,0.0051222775917597226
judgement,-0.005120422342542192,0.005120422342542192
correlation,-0.005117207228637137,0.005117207228637137
nodes,-0.005116362587298174,0.005116362587298174
krita,0.005115877976317218,0.005115877976317218
moat,-0.005112923688797458,0.005112923688797458
cloud,-0.005110420698791839,0.005110420698791839
name,0.005109049169672369,0.005109049169672369
decisions,-0.005103942140328212,0.005103942140328212
overnight,0.005103708822170594,0.005103708822170594
unexpected,0.0051029759834500255,0.0051029759834500255
projections,0.005101959519139012,0.005101959519139012
skill,0.005099402338395225,0.005099402338395225
85,0.005096423486833534,0.005096423486833534
priced,-0.005092372991871364,0.005092372991871364
thru,-0.005091343365593146,0.005091343365593146
differently,-0.0050908052588548355,0.0050908052588548355
comfyui,-0.005089838352459383,0.005089838352459383
sign,0.005088876764029351,0.005088876764029351
blatantly,-0.0050880919623023015,0.0050880919623023015
crossed,0.005088071084690947,0.005088071084690947
compilers,0.005084540758470482,0.005084540758470482
pool,-0.005084113176902457,0.005084113176902457
selling,0.005082806541999736,0.005082806541999736
correlated,0.005082779706880911,0.005082779706880911
hammer,0.005082709914787699,0.005082709914787699
hugely,0.005082525023107531,0.005082525023107531
glorified,0.005081992114160851,0.005081992114160851
suite,0.005081863876672484,0.005081863876672484
cobol,0.005075643382097508,0.005075643382097508
less,-0.005073925722012136,0.005073925722012136
thoroughly,0.005073644243228889,0.005073644243228889
agriculture,0.005072703279534892,0.005072703279534892
grey,0.005071375098561348,0.005071375098561348
handle,-0.005070173597510932,0.005070173597510932
tuning,-0.005070013943108565,0.005070013943108565
relations,-0.005067737713332214,0.005067737713332214
reduced,0.005062852272614579,0.005062852272614579
shipping,0.005062302111521181,0.005062302111521181
alt,0.005062074875184235,0.005062074875184235
clouds,0.00506162778911807,0.00506162778911807
rights,-0.005061490689029134,0.005061490689029134
quote,0.0050605357502031415,0.0050605357502031415
african,0.0050577444088895016,0.0050577444088895016
height,-0.005054656930066744,0.005054656930066744
increased,0.005051379926082607,0.005051379926082607
military,-0.005050429289496889,0.005050429289496889
included,0.005047801405239418,0.005047801405239418
went,0.005047365286342584,0.005047365286342584
coffee,0.005047091376383028,0.005047091376383028
chatgpt,-0.005044392634042305,0.005044392634042305
commitment,0.005042747113131619,0.005042747113131619
000,0.00504121639320764,0.00504121639320764
billionaire,-0.005038486021578775,0.005038486021578775
1080,-0.005036044461028539,0.005036044461028539
duck,-0.005032480994753085,0.005032480994753085
stepping,0.005030957040083929,0.005030957040083929
dealt,0.005027749788306206,0.005027749788306206
loop,0.005021718206360884,0.005021718206360884
utopia,0.005020935631718447,0.005020935631718447
pls,0.005020398654786562,0.005020398654786562
personality,-0.005017042694876425,0.005017042694876425
captured,-0.0050150994394045885,0.0050150994394045885
mechanism,-0.005012774677080404,0.005012774677080404
filling,0.0050119311971253905,0.0050119311971253905
architecture,0.005009449224649744,0.005009449224649744
call,0.005007399847935314,0.005007399847935314
ideas,-0.005005230636566849,0.005005230636566849
non,0.00500463042735813,0.00500463042735813
determine,0.00500229626968161,0.00500229626968161
vulnerabilities,0.0050020489984520505,0.0050020489984520505
centre,-0.0049958710774657715,0.0049958710774657715
hires,-0.00499478313788628,0.00499478313788628
applying,0.004992364093005926,0.004992364093005926
brains,-0.004990756873156121,0.004990756873156121
dataset,0.0049885289780346054,0.0049885289780346054
banned,0.0049879610743066025,0.0049879610743066025
enforce,0.0049870900252020935,0.0049870900252020935
alternatively,0.004986885904741134,0.004986885904741134
coder,0.0049862709116741365,0.0049862709116741365
player,-0.004986120600943685,0.004986120600943685
crack,0.004981826376505499,0.004981826376505499
tv,0.004979599796508396,0.004979599796508396
inputs,-0.004975526766385289,0.004975526766385289
slow,-0.004975381127806297,0.004975381127806297
credentials,0.004972206357477255,0.004972206357477255
possibilities,0.004969735687821481,0.004969735687821481
encoding,0.004969470386969318,0.004969470386969318
whilst,-0.004967431940084855,0.004967431940084855
race,0.0049668275905422965,0.0049668275905422965
show,-0.004966669302181546,0.004966669302181546
geniuses,0.004965061107891528,0.004965061107891528
path,-0.0049641674149274026,0.0049641674149274026
g,-0.004962589297137985,0.004962589297137985
characters,-0.004954215846902084,0.004954215846902084
networking,-0.00495334964916085,0.00495334964916085
asking,-0.0049514143974533,0.0049514143974533
diabetes,0.004951031663579331,0.004951031663579331
famous,0.004949490120339905,0.004949490120339905
depend,-0.004946656964295741,0.004946656964295741
official,-0.004944887223448666,0.004944887223448666
premium,-0.0049446816699758155,0.0049446816699758155
potential,-0.004940739661783069,0.004940739661783069
traits,-0.004939924314682918,0.004939924314682918
agent,0.004939717618262428,0.004939717618262428
clarity,-0.004938420544652881,0.004938420544652881
repetition,-0.004934373686078748,0.004934373686078748
causing,0.004932475364050975,0.004932475364050975
reflection,0.0049308028943494675,0.0049308028943494675
morons,-0.004927623035722591,0.004927623035722591
desired,-0.004924724654910767,0.004924724654910767
birthrates,0.004924581548843831,0.004924581548843831
manage,-0.004924270067367243,0.004924270067367243
manga,0.004922906941549146,0.004922906941549146
speaking,-0.004922470334841035,0.004922470334841035
quick,-0.004920716258443096,0.004920716258443096
covered,-0.004920666614599031,0.004920666614599031
apparently,0.004917016269527749,0.004917016269527749
feed,-0.004914722383989761,0.004914722383989761
september,-0.004914653375176892,0.004914653375176892
synthetic,0.004912880227071329,0.004912880227071329
fat,-0.004909345344718625,0.004909345344718625
warming,-0.004909162149029916,0.004909162149029916
laptop,-0.004908623808054789,0.004908623808054789
schemes,-0.004908180008241456,0.004908180008241456
paul,-0.004907279816868923,0.004907279816868923
automatic,-0.004906226757776933,0.004906226757776933
conventional,0.004905693564599437,0.004905693564599437
legislation,-0.004903341546838496,0.004903341546838496
submit,0.004903240800211548,0.004903240800211548
ocean,0.004899845325694177,0.004899845325694177
criticize,0.004899459119778357,0.004899459119778357
qr,-0.004898847403818863,0.004898847403818863
rhetoric,0.004897878634550871,0.004897878634550871
compelling,-0.004897257012669539,0.004897257012669539
orders,-0.00489664667861506,0.00489664667861506
flair,-0.004895554102411102,0.004895554102411102
trying,-0.0048954347439298315,0.0048954347439298315
sand,0.00489495960349183,0.00489495960349183
neck,-0.004894316350096638,0.004894316350096638
probable,-0.004891277052432886,0.004891277052432886
comparison,0.004887364579967229,0.004887364579967229
plan,-0.004887102989090332,0.004887102989090332
connection,-0.0048869849075807185,0.0048869849075807185
encourage,0.0048848381224977505,0.0048848381224977505
yea,-0.004881094976795348,0.004881094976795348
lifetimes,-0.004875326722282906,0.004875326722282906
padding,0.004874160995438281,0.004874160995438281
rape,-0.004871508100251957,0.004871508100251957
implicit,-0.004866002150121155,0.004866002150121155
calculated,-0.004865751265361991,0.004865751265361991
investing,-0.0048639032984415164,0.0048639032984415164
qa,-0.004862219994180533,0.004862219994180533
haikusbot,-0.004860570448596102,0.004860570448596102
humanoid,0.0048566112999778,0.0048566112999778
reverse,-0.004854705456630699,0.004854705456630699
christmas,0.004853921266051429,0.004853921266051429
phones,-0.00485141036767472,0.00485141036767472
complaint,-0.004851121409495461,0.004851121409495461
san,-0.004851090062206885,0.004851090062206885
partially,-0.004849798059313219,0.004849798059313219
drop,-0.004846320722129697,0.004846320722129697
gb,-0.004846251829895462,0.004846251829895462
directory,-0.004845881351258003,0.004845881351258003
hacking,0.004845002030646256,0.004845002030646256
fdvr,0.004844787734649489,0.004844787734649489
cognition,-0.004844329871603115,0.004844329871603115
dev,0.004841052461301156,0.004841052461301156
products,-0.00484069381253935,0.00484069381253935
includes,-0.004837478284692578,0.004837478284692578
lifetime,0.004833540865497738,0.004833540865497738
forces,-0.004832911327815986,0.004832911327815986
solve,-0.004826629003820689,0.004826629003820689
std,-0.004824467473329278,0.004824467473329278
gui,-0.004822466922695043,0.004822466922695043
rational,0.004822139926867364,0.004822139926867364
falls,0.0048180871745545865,0.0048180871745545865
demonstrated,0.004814747081320407,0.004814747081320407
edited,-0.004809875724116761,0.004809875724116761
pcs,-0.004808433360543862,0.004808433360543862
3x,0.004806926946089642,0.004806926946089642
lied,-0.0048067720035690105,0.0048067720035690105
basics,-0.00480432747123242,0.00480432747123242
inequality,0.004804175014835365,0.004804175014835365
fight,0.004803297642965072,0.004803297642965072
convenience,0.004799931392228498,0.004799931392228498
static,0.004799413556003238,0.004799413556003238
empirical,-0.004799283977876244,0.004799283977876244
fool,0.004792295707639237,0.004792295707639237
selecting,0.004792260716999624,0.004792260716999624
control,-0.004792150346673048,0.004792150346673048
defeat,-0.004790736180188713,0.004790736180188713
host,-0.004789855210485743,0.004789855210485743
adopted,-0.004789588611652772,0.004789588611652772
move,0.00478939079414115,0.00478939079414115
asked,0.004787852075669131,0.004787852075669131
clue,-0.00478755874513987,0.00478755874513987
reflecting,-0.004787356032069299,0.004787356032069299
checks,0.004786673633683711,0.004786673633683711
infinite,-0.004785953343521213,0.004785953343521213
involvement,-0.004785341695186702,0.004785341695186702
int,0.004783558982676063,0.004783558982676063
sounding,0.004781048603095716,0.004781048603095716
phenomenon,0.004780195773349253,0.004780195773349253
consent,0.004779541383211647,0.004779541383211647
ran,-0.0047767184124769,0.0047767184124769
variables,-0.004776112515888973,0.004776112515888973
limitation,-0.004775828965744748,0.004775828965744748
vanilla,0.0047757997993193085,0.0047757997993193085
strict,-0.004773956670461444,0.004773956670461444
gpt,0.004773699126614764,0.004773699126614764
uni,0.00477293861719024,0.00477293861719024
surprise,-0.004770280577687031,0.004770280577687031
product,0.004768252217633072,0.004768252217633072
echo,-0.004767799239452163,0.004767799239452163
fortunately,0.00476012230188194,0.00476012230188194
paragraphs,0.0047585285834393296,0.0047585285834393296
sprint,0.004758403187293647,0.004758403187293647
disaster,0.004756256331465883,0.004756256331465883
worldview,-0.004756084526928292,0.004756084526928292
wanting,-0.004753494274425162,0.004753494274425162
peak,0.004750364558963007,0.004750364558963007
properties,0.00474807551590313,0.00474807551590313
doomed,0.004748043251463336,0.004748043251463336
nvidia,0.0047474924273145334,0.0047474924273145334
principles,0.004744387989054654,0.004744387989054654
nowhere,0.0047413538432131835,0.0047413538432131835
detecting,0.004740889260803623,0.004740889260803623
movie,-0.004739147293111503,0.004739147293111503
labels,-0.004738615511517558,0.004738615511517558
prep,0.004738289974918392,0.004738289974918392
salt,-0.004737747673842056,0.004737747673842056
rocket,-0.004733118688512226,0.004733118688512226
feel,0.004732056144988717,0.004732056144988717
sense,-0.00473139880077736,0.00473139880077736
every,0.004731074711566067,0.004731074711566067
humanity,-0.004727975855044049,0.004727975855044049
tone,-0.004727667653966403,0.004727667653966403
h100,0.0047254737377902594,0.0047254737377902594
artwork,-0.004722297450104715,0.004722297450104715
upgrading,-0.004721250111553556,0.004721250111553556
make,-0.004720356884883688,0.004720356884883688
abilities,0.004718305610982993,0.004718305610982993
2005,-0.004715157529103447,0.004715157529103447
tricks,0.004710707393463379,0.004710707393463379
mild,-0.00470956194079981,0.00470956194079981
walk,0.004708648802154605,0.004708648802154605
speed,-0.004708455822754073,0.004708455822754073
em,0.0047082221503789955,0.0047082221503789955
sports,0.00470523527264615,0.00470523527264615
listed,-0.004704314852288862,0.004704314852288862
causal,-0.004699069796942971,0.004699069796942971
valued,0.004698214628156807,0.004698214628156807
ii,0.004696915371749446,0.004696915371749446
talked,0.004696342156237864,0.004696342156237864
consulting,-0.0046930791026697505,0.0046930791026697505
india,-0.004691066093088549,0.004691066093088549
refusing,0.0046897512605799324,0.0046897512605799324
century,0.004689685225489236,0.004689685225489236
sort,-0.004689467750986002,0.004689467750986002
yearly,0.004686983466941063,0.004686983466941063
gathering,-0.004685879432450917,0.004685879432450917
disagreement,-0.004681553207710094,0.004681553207710094
liberty,0.0046806355172949975,0.0046806355172949975
continue,-0.004679647452429845,0.004679647452429845
good,-0.004676052825438448,0.004676052825438448
keyword,-0.004673757962359382,0.004673757962359382
complete,0.004672614890746929,0.004672614890746929
06,0.004671884076857713,0.004671884076857713
pandas,-0.004671616112164224,0.004671616112164224
film,-0.004670175113748498,0.004670175113748498
q,-0.004669668202786443,0.004669668202786443
haiku,-0.004666360359570961,0.004666360359570961
monetize,-0.004661424882947445,0.004661424882947445
os,0.004659320237132867,0.004659320237132867
farmers,0.004658820194456854,0.004658820194456854
allocate,0.004657122554727794,0.004657122554727794
formed,0.004652643809553518,0.004652643809553518
descriptive,-0.0046501742278806085,0.0046501742278806085
communities,-0.004649610017573827,0.004649610017573827
suggested,0.004644703215736831,0.004644703215736831
past,0.004643525600226403,0.004643525600226403
messing,0.004643210923102522,0.004643210923102522
mystery,-0.004637657702889679,0.004637657702889679
lmao,0.004633877141437653,0.004633877141437653
series,0.004632627833567433,0.004632627833567433
repeats,-0.004631276701870614,0.004631276701870614
cures,-0.004623674319614022,0.004623674319614022
aims,-0.004620294285769444,0.004620294285769444
worry,0.004619615764649671,0.004619615764649671
imply,-0.004618338180690112,0.004618338180690112
chatting,-0.004616258528227853,0.004616258528227853
style,-0.004614203806296357,0.004614203806296357
asshole,-0.004607874045111477,0.004607874045111477
scenarios,0.004606548222610935,0.004606548222610935
step,0.004600395894852784,0.004600395894852784
pace,0.004596193012705021,0.004596193012705021
elected,-0.004595420200947132,0.004595420200947132
rolling,-0.004594012780566443,0.004594012780566443
pumps,-0.004593444647890591,0.004593444647890591
kg,0.004593333268164286,0.004593333268164286
real,0.004586488755534778,0.004586488755534778
apples,0.0045824825625757,0.0045824825625757
swarm,-0.004579616344198163,0.004579616344198163
cooked,-0.004577276999581896,0.004577276999581896
opened,0.004573714241431247,0.004573714241431247
patch,0.004571879478325302,0.004571879478325302
expressed,0.0045702951031886966,0.0045702951031886966
bc,-0.004570071610853557,0.004570071610853557
score,-0.004569473667550362,0.004569473667550362
grant,-0.0045670722948310954,0.0045670722948310954
destroy,-0.00456530710541053,0.00456530710541053
liquid,-0.004564747950538891,0.004564747950538891
increases,0.004562238431567967,0.004562238431567967
exact,-0.004561918904682549,0.004561918904682549
independently,0.004554591925227221,0.004554591925227221
station,-0.004546920324328665,0.004546920324328665
assess,0.004546759658787056,0.004546759658787056
followers,0.004546635041330872,0.004546635041330872
resort,-0.00454314481810208,0.00454314481810208
animal,-0.004539651858517822,0.004539651858517822
98,-0.004538828640033427,0.004538828640033427
attitude,0.004538395266489581,0.004538395266489581
advertising,0.00453833660793393,0.00453833660793393
march,0.004537178531085111,0.004537178531085111
openly,0.004536845774788004,0.004536845774788004
sending,-0.004535409046931071,0.004535409046931071
court,-0.0045311011364814295,0.0045311011364814295
drops,0.004530850603100081,0.004530850603100081
1980s,0.004529834132000426,0.004529834132000426
china,0.004528200075983047,0.004528200075983047
drawing,0.004527631406623979,0.004527631406623979
financially,-0.00452673538605529,0.00452673538605529
_medium,-0.004526705873317033,0.004526705873317033
dropped,0.004525989395340051,0.004525989395340051
6,0.004524083595743369,0.004524083595743369
tied,0.004523841678455936,0.004523841678455936
advance,-0.0045211349677028115,0.0045211349677028115
degree,-0.004521091746741011,0.004521091746741011
foreseeable,-0.004520623505784193,0.004520623505784193
environment,-0.004520236188105319,0.004520236188105319
compensation,-0.004516790764109615,0.004516790764109615
immediate,-0.00451548801943363,0.00451548801943363
tiktok,0.004514860895325232,0.004514860895325232
disk,0.004513800376544281,0.004513800376544281
4x,0.004513609557144227,0.004513609557144227
robotics,-0.0045136050414973615,0.0045136050414973615
organic,-0.004512504208917782,0.004512504208917782
seek,0.004510851416100347,0.004510851416100347
recover,0.004509788136520791,0.004509788136520791
hypothesis,-0.0045095149869055755,0.0045095149869055755
suitable,-0.004509079026442084,0.004509079026442084
engines,0.0045087146281639606,0.0045087146281639606
q6,-0.004507833282426582,0.004507833282426582
wiki,0.004506609869565378,0.004506609869565378
unknown,-0.004505558708513284,0.004505558708513284
full,0.004504724264426401,0.004504724264426401
fired,0.004500902715580576,0.004500902715580576
letting,0.004498736640891256,0.004498736640891256
game,0.004497968475841282,0.004497968475841282
fall,-0.004496858400261917,0.004496858400261917
gate,0.004495288519313628,0.004495288519313628
existential,-0.004494687202823228,0.004494687202823228
adjustments,-0.0044927505519728505,0.0044927505519728505
saas,0.004492646494133121,0.004492646494133121
v3,0.004491567171113149,0.004491567171113149
capabilities,0.0044900454492784805,0.0044900454492784805
bang,-0.004489215259544747,0.004489215259544747
tops,0.004487755099344675,0.004487755099344675
adhere,-0.004486026887652592,0.004486026887652592
dominated,-0.004485682144084274,0.004485682144084274
highway,0.004480395535344952,0.004480395535344952
takes,-0.004478712668832816,0.004478712668832816
breaking,0.004478254107533537,0.004478254107533537
vr,-0.004476992843449591,0.004476992843449591
place,-0.0044750551618979355,0.0044750551618979355
types,-0.004470008454884205,0.004470008454884205
cv,0.004467785759644449,0.004467785759644449
dangers,0.004467412512697719,0.004467412512697719
invalid,-0.004465692014857877,0.004465692014857877
reproduction,-0.004464245127448591,0.004464245127448591
motivated,-0.0044618494225090715,0.0044618494225090715
genre,-0.004460322880543993,0.004460322880543993
throwing,0.004459392304343767,0.004459392304343767
turing,0.004457906998738494,0.004457906998738494
heavy,0.004457263017445192,0.004457263017445192
established,0.00445680150592646,0.00445680150592646
tear,0.0044554595610516255,0.0044554595610516255
sun,-0.004453011928605575,0.004453011928605575
female,-0.004452298690102793,0.004452298690102793
demographics,-0.0044516076882265086,0.0044516076882265086
helps,-0.004449854412553186,0.004449854412553186
complicated,0.004449369278623141,0.004449369278623141
stating,-0.004443180974641636,0.004443180974641636
buy,-0.004441367729630874,0.004441367729630874
llms,0.00443778685379713,0.00443778685379713
ggml,-0.004436375421218687,0.004436375421218687
bus,-0.0044358463172487605,0.0044358463172487605
particular,-0.004435163366094384,0.004435163366094384
member,-0.004432425802602992,0.004432425802602992
drives,-0.004427615142888186,0.004427615142888186
fictional,0.004426595853706728,0.004426595853706728
opposite,0.004425952494406876,0.004425952494406876
promise,0.004423905502502686,0.004423905502502686
continuing,-0.004423255095907415,0.004423255095907415
head,0.0044221676120729915,0.0044221676120729915
consumer,0.004420225080112007,0.004420225080112007
engaging,-0.00441990105672984,0.00441990105672984
conclude,-0.0044195804274009655,0.0044195804274009655
scanning,-0.0044189247318758024,0.0044189247318758024
invasion,-0.0044152138675702815,0.0044152138675702815
cn,-0.004414692154686794,0.004414692154686794
incorporated,-0.004414010813535201,0.004414010813535201
delete,0.0044140039268285875,0.0044140039268285875
addition,-0.0044120720829402505,0.0044120720829402505
finding,-0.0044113696331959,0.0044113696331959
steer,0.004409568363111315,0.004409568363111315
harvest,0.004408994057097266,0.004408994057097266
alternatives,-0.004407711912307141,0.004407711912307141
accordingly,0.004405873614880065,0.004405873614880065
air,0.004404925368652777,0.004404925368652777
incompatible,0.00440433412681988,0.00440433412681988
sections,0.004402514327346116,0.004402514327346116
activity,-0.0044014469549803585,0.0044014469549803585
flagged,-0.0044008883536915035,0.0044008883536915035
behaviour,0.004400518985502634,0.004400518985502634
compared,0.004399652237799283,0.004399652237799283
case,-0.004399310296696515,0.004399310296696515
knew,0.004395270640714645,0.004395270640714645
sync,-0.004395055127670431,0.004395055127670431
goes,0.004391976862413604,0.004391976862413604
blanket,0.00439066022333021,0.00439066022333021
wars,-0.004388639383541018,0.004388639383541018
updated,-0.004388290539715494,0.004388290539715494
effect,-0.004387661647736574,0.004387661647736574
contexts,-0.004384333718003063,0.004384333718003063
protocols,-0.00438371129102081,0.00438371129102081
al,0.0043826761951560106,0.0043826761951560106
gas,-0.004381100406045945,0.004381100406045945
speculate,-0.004380842439178022,0.004380842439178022
shadows,-0.004379179643640772,0.004379179643640772
uses,0.004378183123259128,0.004378183123259128
2000s,0.004376128537522245,0.004376128537522245
graduated,-0.004374282423529996,0.004374282423529996
held,0.004374202433060987,0.004374202433060987
somebody,-0.004373550160176479,0.004373550160176479
sharing,-0.004371756882511551,0.004371756882511551
dimension,-0.004363964403770727,0.004363964403770727
paid,-0.004361521765478864,0.004361521765478864
le,0.004357633820555449,0.004357633820555449
abundance,0.0043571148007736,0.0043571148007736
wherever,0.004354505420124708,0.004354505420124708
software,0.004352300011015862,0.004352300011015862
idiot,-0.004347670687556605,0.004347670687556605
hugging,-0.0043466170088652025,0.0043466170088652025
bruh,-0.004345808407806997,0.004345808407806997
ci,-0.004343705474721121,0.004343705474721121
noticing,-0.004340855391115537,0.004340855391115537
04,-0.0043406899775243575,0.0043406899775243575
drain,0.0043368992324357425,0.0043368992324357425
resource,-0.004336645822199083,0.004336645822199083
metaphor,-0.004329648381518809,0.004329648381518809
feelings,-0.004327550128140595,0.004327550128140595
suspicious,0.004327260008315347,0.004327260008315347
food,-0.004325250119927875,0.004325250119927875
folks,0.004321605268484842,0.004321605268484842
rings,0.0043198900324301305,0.0043198900324301305
execute,-0.0043180705686314885,0.0043180705686314885
attached,-0.004317377243311656,0.004317377243311656
pretrained,-0.004316761557735286,0.004316761557735286
needs,-0.004312789875498406,0.004312789875498406
paste,0.004303795480029695,0.004303795480029695
members,0.004303253592854851,0.004303253592854851
displaced,0.004303191586367604,0.004303191586367604
storage,-0.0043027694612199265,0.0043027694612199265
organism,-0.0043026918167317135,0.0043026918167317135
conversations,0.004302608817304837,0.004302608817304837
scripts,-0.004301809730469101,0.004301809730469101
samsung,-0.0043003719131572745,0.0043003719131572745
national,-0.004298948317789999,0.004298948317789999
blob,-0.004298464967921994,0.004298464967921994
scifi,0.004297401498937616,0.004297401498937616
loved,0.004294196759483228,0.004294196759483228
panels,0.004293488875358481,0.004293488875358481
communicating,0.004289569314136879,0.004289569314136879
swap,-0.0042894768942956345,0.0042894768942956345
stranger,0.004286390020261496,0.004286390020261496
feature,0.004286251127923234,0.004286251127923234
spinning,0.004283443870655173,0.004283443870655173
unity,-0.004283377614165108,0.004283377614165108
immortality,-0.004282049800611381,0.004282049800611381
cinematic,0.0042804743924710256,0.0042804743924710256
indian,0.00427787324738235,0.00427787324738235
pro,-0.004277150191556094,0.004277150191556094
conservatives,0.0042769282483062,0.0042769282483062
pyramid,0.004274045740978366,0.004274045740978366
broad,-0.004273649334011957,0.004273649334011957
icon,-0.0042710081873362825,0.0042710081873362825
bust,0.0042657070841167445,0.0042657070841167445
ideological,0.004265220541043469,0.004265220541043469
liability,0.004265042425758484,0.004265042425758484
flops,0.004263848179676303,0.004263848179676303
np,-0.0042624237142008725,0.0042624237142008725
density,0.004260529664501855,0.004260529664501855
vaguely,-0.004259034738885773,0.004259034738885773
dynamics,-0.0042579171609247995,0.0042579171609247995
complexity,0.0042544207611969155,0.0042544207611969155
hermes,0.004253031030490435,0.004253031030490435
politicians,-0.00425272930393002,0.00425272930393002
precious,-0.004252332389180705,0.004252332389180705
images,-0.004249819118059236,0.004249819118059236
researched,0.004247143717167947,0.004247143717167947
expose,0.0042459622794823485,0.0042459622794823485
busy,0.0042457244720883955,0.0042457244720883955
cnn,-0.004242169978979806,0.004242169978979806
practical,0.00424074387037773,0.00424074387037773
functions,0.004239334828346692,0.004239334828346692
communication,-0.004239018646333823,0.004239018646333823
dense,-0.004236075688082364,0.004236075688082364
cruise,-0.004229685044380295,0.004229685044380295
navigating,0.004226408531861359,0.004226408531861359
acknowledging,-0.00422605738250967,0.00422605738250967
3090,-0.004224857706568496,0.004224857706568496
convergence,-0.004223423130856116,0.004223423130856116
creators,-0.004221045459537861,0.004221045459537861
save,0.004218825822705533,0.004218825822705533
city,-0.00421853729914922,0.00421853729914922
linked,-0.004215295873176476,0.004215295873176476
hyped,-0.0042150795805121445,0.0042150795805121445
playing,-0.0042148715761643534,0.0042148715761643534
corpus,0.0042138662771208195,0.0042138662771208195
robots,-0.00421279239879926,0.00421279239879926
refine,-0.004209080909411373,0.004209080909411373
countless,-0.0042058819115611545,0.0042058819115611545
translated,-0.004204938547377561,0.004204938547377561
merging,-0.004203467530530486,0.004203467530530486
kinda,-0.0041999682002782915,0.0041999682002782915
answering,0.004197959815784388,0.004197959815784388
rock,-0.0041979127973655024,0.0041979127973655024
treat,0.004196590948538683,0.004196590948538683
image,-0.004195541452113061,0.004195541452113061
generation,-0.004194051663713803,0.004194051663713803
llama2,0.004192766133209341,0.004192766133209341
ready,0.0041901720625600065,0.0041901720625600065
nazis,-0.004188584260839209,0.004188584260839209
poses,0.0041851292675052065,0.0041851292675052065
concept,0.004184589034294007,0.004184589034294007
extraordinary,-0.0041836140667099436,0.0041836140667099436
adam,-0.004181171049747092,0.004181171049747092
moves,0.004179775361225929,0.004179775361225929
colors,0.004179444539385058,0.004179444539385058
security,0.004179214733576376,0.004179214733576376
capacity,0.004177878133554268,0.004177878133554268
detail,0.004177610325526014,0.004177610325526014
murder,-0.004177395237425004,0.004177395237425004
restore,-0.004175836339589092,0.004175836339589092
organized,0.004174609998337055,0.004174609998337055
applies,-0.004174254918870337,0.004174254918870337
trials,0.004172020151068597,0.004172020151068597
prototype,0.004171437188616453,0.004171437188616453
publication,0.004171195220937292,0.004171195220937292
charges,-0.0041708566688404645,0.0041708566688404645
trauma,-0.004170166988400279,0.004170166988400279
located,-0.004166804711020245,0.004166804711020245
expectation,0.004162201483848521,0.004162201483848521
background,0.004161499602975256,0.004161499602975256
pages,-0.0041610279343985476,0.0041610279343985476
practices,0.004159958739659383,0.004159958739659383
opposition,-0.004159364209961544,0.004159364209961544
smartest,0.004157142078870486,0.004157142078870486
resolutions,-0.004156504454015344,0.004156504454015344
scientist,0.004155944974717902,0.004155944974717902
eu,0.004152302543867021,0.004152302543867021
correcting,-0.004147376706233254,0.004147376706233254
bait,0.004146928859778806,0.004146928859778806
stops,-0.0041460542730113546,0.0041460542730113546
engaged,-0.004144414261027499,0.004144414261027499
wouldn,-0.004139495456847745,0.004139495456847745
sodium,-0.004139494413463443,0.004139494413463443
photography,0.004138827177699685,0.004138827177699685
town,-0.00413863994050653,0.00413863994050653
majority,0.004137888718601883,0.004137888718601883
spread,-0.004136313549316864,0.004136313549316864
precisely,-0.004133373871067078,0.004133373871067078
stroke,0.00413240986301819,0.00413240986301819
requirements,0.004131632249110585,0.004131632249110585
tongue,0.004131193793364002,0.004131193793364002
eight,0.004130029911559681,0.004130029911559681
equipment,-0.0041286065104210665,0.0041286065104210665
adapt,-0.004128340115451674,0.004128340115451674
lithium,0.00412774877875093,0.00412774877875093
sh,0.004127222103098212,0.004127222103098212
declare,-0.004127126219170774,0.004127126219170774
registered,-0.004126371134102765,0.004126371134102765
fundamental,-0.004123880764009058,0.004123880764009058
m1,-0.004122966197866134,0.004122966197866134
nerds,-0.004122372045034111,0.004122372045034111
applications,0.004119613701753523,0.004119613701753523
wings,-0.004119541256356675,0.004119541256356675
rendered,-0.004116915027570795,0.004116915027570795
box,-0.004116728158013484,0.004116728158013484
accounts,-0.004111859959297861,0.004111859959297861
showed,0.004109794653434925,0.004109794653434925
3d,-0.00410895744003104,0.00410895744003104
extent,-0.00410254662944094,0.00410254662944094
says,0.004101745934052929,0.004101745934052929
victim,0.004100456211187278,0.004100456211187278
emergency,-0.0041002246332603465,0.0041002246332603465
raising,0.004099246223101825,0.004099246223101825
fraction,-0.004096468613092983,0.004096468613092983
teacher,-0.004095708187388688,0.004095708187388688
interesting,-0.004093369280943426,0.004093369280943426
dictionary,0.004092788452865575,0.004092788452865575
processes,0.004092547502746003,0.004092547502746003
back,0.004091572535096296,0.004091572535096296
attempt,0.004091181091424759,0.004091181091424759
alex,0.004089809801908016,0.004089809801908016
computer,-0.004087594579200708,0.004087594579200708
classical,0.004087161107117985,0.004087161107117985
20square,-0.004086068941654555,0.004086068941654555
asap,-0.004080799731350272,0.004080799731350272
classifier,0.004078356069796378,0.004078356069796378
russia,-0.004078195064915004,0.004078195064915004
led,0.004070922968212656,0.004070922968212656
wear,-0.004069328415461455,0.004069328415461455
trucks,0.0040649464010944145,0.0040649464010944145
alphabet,0.004063832449070975,0.004063832449070975
others,-0.004062968817736151,0.004062968817736151
assignment,0.004062604902629441,0.004062604902629441
duh,0.004061288650017432,0.004061288650017432
vs,-0.004060105475929614,0.004060105475929614
p,-0.004057979970977471,0.004057979970977471
5th,0.004057086979540005,0.004057086979540005
expanding,0.004056880223084824,0.004056880223084824
little,0.004056718903579809,0.004056718903579809
arms,0.004053029816091162,0.004053029816091162
illegal,-0.004051983265798908,0.004051983265798908
poor,0.004051104662411579,0.004051104662411579
considered,0.004046300500234043,0.004046300500234043
turn,0.00404560830833388,0.00404560830833388
pdf,0.00404380741464142,0.00404380741464142
renting,-0.004042902699278254,0.004042902699278254
dealing,-0.0040427248350586404,0.0040427248350586404
concern,-0.0040418694538501545,0.0040418694538501545
replaced,-0.004041566645715403,0.004041566645715403
challenges,-0.004041143006801937,0.004041143006801937
suicide,-0.00403985839077374,0.00403985839077374
docker,0.004039837811835582,0.004039837811835582
productivity,0.004037201759380208,0.004037201759380208
red,0.0040344601628344605,0.0040344601628344605
fp16,-0.004032063863587178,0.004032063863587178
copies,0.004030395456224382,0.004030395456224382
bay,-0.004028877859754926,0.004028877859754926
side,-0.004027108874189735,0.004027108874189735
church,-0.004024199180556537,0.004024199180556537
virtual,-0.004023822894299981,0.004023822894299981
promote,-0.004023385526985589,0.004023385526985589
consistent,0.004021722734265825,0.004021722734265825
professionally,0.004018735743747663,0.004018735743747663
without,-0.004018010818282885,0.004018010818282885
factors,-0.004017585643526383,0.004017585643526383
economics,-0.004016761317432139,0.004016761317432139
sex,0.004016702546237901,0.004016702546237901
disappear,0.004016465280815414,0.004016465280815414
voters,-0.004016127174319258,0.004016127174319258
promotion,0.004014128053277044,0.004014128053277044
utterly,-0.0040115655865145,0.0040115655865145
sustainable,-0.004011135905860282,0.004011135905860282
deciding,0.004010075761377944,0.004010075761377944
sound,0.004008615522367143,0.004008615522367143
deeper,-0.00400695849367626,0.00400695849367626
salary,0.004006500827646105,0.004006500827646105
sauce,0.00400634619327627,0.00400634619327627
go,-0.004004769377450702,0.004004769377450702
usable,0.004004087976292611,0.004004087976292611
sphere,-0.004001891491969689,0.004001891491969689
illustration,0.004001410545939321,0.004001410545939321
acceleration,0.004001097901963601,0.004001097901963601
proposal,0.003996713088226369,0.003996713088226369
camp,0.0039953002908052525,0.0039953002908052525
furry,-0.0039938625328248215,0.0039938625328248215
autism,-0.003992399765160859,0.003992399765160859
manifest,0.003987548318278943,0.003987548318278943
treated,-0.003984785340294896,0.003984785340294896
2023,-0.0039840850061467255,0.0039840850061467255
dream,-0.00398156523992095,0.00398156523992095
incorporate,-0.003981414617863052,0.003981414617863052
financial,-0.0039814014191327084,0.0039814014191327084
inherently,-0.003980546265596952,0.003980546265596952
serious,-0.003980164272255393,0.003980164272255393
favour,-0.003980155889885077,0.003980155889885077
washing,0.003979476580248023,0.003979476580248023
regenerate,0.00397732512039352,0.00397732512039352
ring,0.0039767676222312335,0.0039767676222312335
flaws,0.003974961165103598,0.003974961165103598
authoritarian,-0.003973286081724252,0.003973286081724252
incompetent,0.003973030486128663,0.003973030486128663
larger,0.00397250052483559,0.00397250052483559
correctness,0.003972227044235237,0.003972227044235237
20the,0.003970088632050614,0.003970088632050614
shopping,0.003969948029977918,0.003969948029977918
incoherent,0.003969284989363558,0.003969284989363558
naturally,0.003968245353172462,0.003968245353172462
bypass,0.003967011243831801,0.003967011243831801
digits,-0.003966600695479708,0.003966600695479708
reflects,0.003965974640194631,0.003965974640194631
establish,0.003965534892501451,0.003965534892501451
smartphones,-0.003965326279440474,0.003965326279440474
directly,-0.003958506787827617,0.003958506787827617
pattern,-0.003957772908003812,0.003957772908003812
instructions,0.003956704712374207,0.003956704712374207
paranoid,0.003956475510303552,0.003956475510303552
strongly,0.0039538590079475095,0.0039538590079475095
viewpoint,0.003953398876370157,0.003953398876370157
corner,-0.003952503063333827,0.003952503063333827
single,-0.003950687021950195,0.003950687021950195
loops,0.003945748635568343,0.003945748635568343
redditor,0.003945664050128942,0.003945664050128942
atmosphere,-0.003943893419099697,0.003943893419099697
jet,0.003942551960041648,0.003942551960041648
psychological,0.003940284148913439,0.003940284148913439
concerned,0.003938190729346199,0.003938190729346199
factually,0.003933423579596346,0.003933423579596346
institution,-0.003932977480741462,0.003932977480741462
ugh,0.003929232572537024,0.003929232572537024
separately,-0.00392872339452352,0.00392872339452352
agency,-0.003927781579359045,0.003927781579359045
worker,-0.003926660601231453,0.003926660601231453
intuition,-0.003925323886743566,0.003925323886743566
spectrum,0.003921428111438172,0.003921428111438172
wind,-0.003919630338828656,0.003919630338828656
diseases,-0.00391906659945803,0.00391906659945803
dress,0.003909249893567045,0.003909249893567045
lazy,0.00390487691275855,0.00390487691275855
routine,-0.00389863780049691,0.00389863780049691
follows,0.00389777715039294,0.00389777715039294
supplies,0.003897014666844818,0.003897014666844818
forced,0.0038968562416937156,0.0038968562416937156
prices,-0.0038938592110221056,0.0038938592110221056
bowl,-0.0038925976134297664,0.0038925976134297664
education,-0.0038915143493205677,0.0038915143493205677
won,-0.003890214256981735,0.003890214256981735
animatediff,-0.003888871381041252,0.003888871381041252
indie,-0.003885990105238321,0.003885990105238321
values,-0.003885357172738026,0.003885357172738026
putin,-0.0038852230422729978,0.0038852230422729978
split,-0.003882963870119229,0.003882963870119229
essence,-0.0038769422013716164,0.0038769422013716164
notably,-0.0038747978494717865,0.0038747978494717865
norm,-0.0038686368725928916,0.0038686368725928916
gpt4o,0.003867848508348784,0.003867848508348784
script,0.0038675805664482197,0.0038675805664482197
spain,-0.003866759380337395,0.003866759380337395
ever,0.0038667320816880867,0.0038667320816880867
steering,0.003866084270292291,0.003866084270292291
revenue,0.003865635117047918,0.003865635117047918
confusion,0.0038644823296822934,0.0038644823296822934
forest,-0.0038642647749278156,0.0038642647749278156
exams,-0.003862976074156289,0.003862976074156289
jupyter,-0.003862230107660099,0.003862230107660099
violent,0.0038606071903230952,0.0038606071903230952
proposed,0.003860206839579988,0.003860206839579988
galaxy,-0.0038594288128845503,0.0038594288128845503
role,-0.003859082382399742,0.003859082382399742
cat,0.0038585680364647,0.0038585680364647
prepared,0.00385816923998506,0.00385816923998506
chart,0.003857464253626904,0.003857464253626904
acquisition,-0.0038558310594230235,0.0038558310594230235
order,-0.0038555799685403864,0.0038555799685403864
capital,0.003854370506915315,0.003854370506915315
sheet,0.003852710477310737,0.003852710477310737
greater,0.0038517840446947852,0.0038517840446947852
instagram,-0.003849091770560976,0.003849091770560976
confidence,-0.003848721925694232,0.003848721925694232
yo,0.0038476528828172746,0.0038476528828172746
signature,-0.003846021127158037,0.003846021127158037
analyzing,0.003845429585413456,0.003845429585413456
mentor,0.0038450116735971977,0.0038450116735971977
firm,0.003842937661328227,0.003842937661328227
functionality,0.003841607604207887,0.003841607604207887
enhance,-0.0038390306090782633,0.0038390306090782633
aren,0.0038377519198693442,0.0038377519198693442
dust,-0.0038373474008938126,0.0038373474008938126
gives,-0.0038370030705015775,0.0038370030705015775
dismissed,0.003835233541672654,0.003835233541672654
stretch,-0.003834670525493822,0.003834670525493822
reminded,-0.0038343151791634346,0.0038343151791634346
per,-0.0038299509103526946,0.0038299509103526946
consuming,-0.003828897366641428,0.003828897366641428
mode,-0.0038284868409124116,0.0038284868409124116
weapons,0.003824343807434529,0.003824343807434529
direct,-0.0038153797345441194,0.0038153797345441194
taking,-0.0038127110974078247,0.0038127110974078247
descent,-0.00381024512736219,0.00381024512736219
2fr,-0.003809402979205636,0.003809402979205636
graphs,0.0038092359592625763,0.0038092359592625763
writers,-0.0038082644904602336,0.0038082644904602336
excuse,0.0038061452056518874,0.0038061452056518874
bucks,0.003806020412698166,0.003806020412698166
unusual,0.0038040478708346722,0.0038040478708346722
clarification,-0.0038033370070810076,0.0038033370070810076
cfg,0.003803317784900676,0.003803317784900676
oddly,0.0038029293883013863,0.0038029293883013863
machines,-0.003802788055973786,0.003802788055973786
containing,0.0038011159188675887,0.0038011159188675887
cells,-0.0037986397096722952,0.0037986397096722952
2025,0.003797717911028647,0.003797717911028647
reflect,-0.0037942868171258236,0.0037942868171258236
analyst,0.0037932216654013,0.0037932216654013
ubuntu,-0.003793203448090239,0.003793203448090239
foundation,-0.0037926486591666198,0.0037926486591666198
redditors,0.0037910559533801146,0.0037910559533801146
highlights,-0.0037889645272040948,0.0037889645272040948
necessity,-0.003788943094404735,0.003788943094404735
whose,0.0037868226348960884,0.0037868226348960884
immigration,-0.003786340468515205,0.003786340468515205
focuses,0.003783117561284652,0.003783117561284652
actress,-0.003783082502648982,0.003783082502648982
train,-0.003782408509434797,0.003782408509434797
explained,0.0037778009880630745,0.0037778009880630745
margin,-0.003774984963913107,0.003774984963913107
consensus,-0.003774547131480781,0.003774547131480781
electronic,-0.003773296548798295,0.003773296548798295
enjoyed,0.003771895741016942,0.003771895741016942
hints,-0.003767345600200526,0.003767345600200526
fairly,0.0037668130244607233,0.0037668130244607233
horrible,0.0037664284446933933,0.0037664284446933933
several,-0.003762380364184502,0.003762380364184502
percentage,0.003756993805093008,0.003756993805093008
restricting,-0.00375607841239603,0.00375607841239603
ac,-0.0037557180853134003,0.0037557180853134003
mechanisms,-0.0037556797933454094,0.0037556797933454094
hybrid,-0.003754694802912525,0.003754694802912525
perplexity,-0.0037540902583597414,0.0037540902583597414
adult,-0.0037529069121177198,0.0037529069121177198
oriented,-0.003752263713553397,0.003752263713553397
activate,-0.003751222078927314,0.003751222078927314
inventions,-0.0037485411444051144,0.0037485411444051144
hundred,0.0037472880092266412,0.0037472880092266412
quickly,0.003745529720784792,0.003745529720784792
represent,0.0037454543576301144,0.0037454543576301144
communications,0.0037451339728371766,0.0037451339728371766
continuously,-0.00374431803679012,0.00374431803679012
modules,-0.003740413675370965,0.003740413675370965
inherent,0.003737742157355744,0.003737742157355744
grade,0.003734788915112742,0.003734788915112742
kohya,-0.0037331013857931686,0.0037331013857931686
punch,-0.003732363056890303,0.003732363056890303
hardware,0.003732277021258729,0.003732277021258729
stays,-0.0037322431038216354,0.0037322431038216354
outlines,0.0037308672063308497,0.0037308672063308497
accept,0.00373080959411961,0.00373080959411961
hobby,0.003729885725603716,0.003729885725603716
believed,0.003728326157861486,0.003728326157861486
follow,-0.0037259903082868116,0.0037259903082868116
cancer,0.0037245221327113064,0.0037245221327113064
vector,-0.003723885770567209,0.003723885770567209
recommendations,-0.003722755164830158,0.003722755164830158
play,-0.003722442348554896,0.003722442348554896
experimental,0.003722006897941699,0.003722006897941699
brainstorming,-0.0037216590113786072,0.0037216590113786072
employees,0.00371625741577238,0.00371625741577238
answer,0.003715802416459611,0.003715802416459611
recent,-0.0037156507286828567,0.0037156507286828567
dedicated,0.003714347322265535,0.003714347322265535
economic,0.0037118205799493856,0.0037118205799493856
speak,0.003705251941992986,0.003705251941992986
needle,0.0037044871862349353,0.0037044871862349353
ms,0.003699916836578821,0.003699916836578821
american,0.003699132391677334,0.003699132391677334
ctrl,0.0036949303385898835,0.0036949303385898835
eyes,-0.0036932616475646735,0.0036932616475646735
configured,0.003690264605833614,0.003690264605833614
report,0.0036902615724576575,0.0036902615724576575
tasks,-0.0036896633474565025,0.0036896633474565025
genius,0.003685982875514177,0.003685982875514177
thing,0.003685613432827818,0.003685613432827818
foreign,0.003685576972256888,0.003685576972256888
relationship,0.0036847649961407325,0.0036847649961407325
400,-0.003682458829021942,0.003682458829021942
august,0.003682373206406747,0.003682373206406747
performing,0.003682236700646276,0.003682236700646276
positives,0.0036810449147840927,0.0036810449147840927
rolled,0.0036799240338990626,0.0036799240338990626
certainly,-0.0036785783357362258,0.0036785783357362258
traditional,0.0036757170506033798,0.0036757170506033798
lack,0.003673889698557817,0.003673889698557817
powerful,-0.003673262866421049,0.003673262866421049
english,-0.0036722539040942876,0.0036722539040942876
enormous,0.0036689109407259573,0.0036689109407259573
clueless,0.003668891988611573,0.003668891988611573
creating,-0.0036687894642976966,0.0036687894642976966
suggestions,-0.003667476637210971,0.003667476637210971
silent,0.003662767185430683,0.003662767185430683
blew,0.0036575829856620207,0.0036575829856620207
throughout,0.0036570568460934866,0.0036570568460934866
markdown,-0.003657049020160196,0.003657049020160196
privilege,0.0036551559992519024,0.0036551559992519024
van,-0.0036546534955762943,0.0036546534955762943
deepfakes,0.0036481030919337265,0.0036481030919337265
warnings,0.003646455795816931,0.003646455795816931
problems,-0.003643098671699976,0.003643098671699976
join,-0.0036429244264104023,0.0036429244264104023
sky,0.0036411830136580093,0.0036411830136580093
machine,-0.003640399430601702,0.003640399430601702
lock,0.0036383658061904162,0.0036383658061904162
downloading,-0.0036382530878220735,0.0036382530878220735
top,0.0036380768044809745,0.0036380768044809745
texts,-0.0036368794189733785,0.0036368794189733785
quantity,0.0036343433687724682,0.0036343433687724682
qualify,-0.0036311859343275163,0.0036311859343275163
chess,-0.003631076970382275,0.003631076970382275
estate,0.0036305681152920322,0.0036305681152920322
naive,0.0036276031954233525,0.0036276031954233525
options,-0.0036269662876815736,0.0036269662876815736
critical,0.0036263369977752565,0.0036263369977752565
hitting,0.0036191161566310527,0.0036191161566310527
worthy,0.003618091755102504,0.003618091755102504
explicit,-0.0036166510389297867,0.0036166510389297867
lmfao,-0.003615081073100834,0.003615081073100834
disorder,-0.003613052031687866,0.003613052031687866
domain,0.0036109394047358708,0.0036109394047358708
optimus,-0.003601813608863349,0.003601813608863349
experiment,0.0036003848797404757,0.0036003848797404757
mostly,-0.00359919171503181,0.00359919171503181
upset,-0.0035989337223490173,0.0035989337223490173
served,-0.0035971813041094213,0.0035971813041094213
empathy,-0.0035936245088435664,0.0035936245088435664
projects,-0.0035923429090496456,0.0035923429090496456
20comment,-0.003591610912919015,0.003591610912919015
band,-0.0035900246788272347,0.0035900246788272347
standards,0.003589952893049072,0.003589952893049072
extinct,-0.0035898976075784345,0.0035898976075784345
ask,-0.003589751737676665,0.003589751737676665
manipulating,-0.0035877933715392878,0.0035877933715392878
translate,-0.0035858491781498867,0.0035858491781498867
cold,-0.0035821075889814636,0.0035821075889814636
savings,0.0035816843857036725,0.0035816843857036725
dirty,-0.003579271033500313,0.003579271033500313
mini,0.003577821650805959,0.003577821650805959
encounter,0.003570777857102327,0.003570777857102327
customization,0.003568973247156519,0.003568973247156519
subscription,-0.0035643947975490726,0.0035643947975490726
photorealistic,0.003563123804781017,0.003563123804781017
libraries,0.003560612797909256,0.003560612797909256
prompts,-0.003560167251255714,0.003560167251255714
grounds,-0.0035582701163359475,0.0035582701163359475
discuss,0.0035579767326633727,0.0035579767326633727
index,-0.0035519072704823995,0.0035519072704823995
immoral,-0.003548892355362418,0.003548892355362418
laundry,0.0035478069581181392,0.0035478069581181392
tricky,-0.0035471991784211537,0.0035471991784211537
20local,-0.003545587163460753,0.003545587163460753
unlock,0.0035429415557214697,0.0035429415557214697
map,0.0035428257265750296,0.0035428257265750296
800,0.0035424037406229735,0.0035424037406229735
periods,0.0035422118039410908,0.0035422118039410908
trillions,0.0035420747730041217,0.0035420747730041217
mapping,-0.0035406433041105653,0.0035406433041105653
similarities,-0.0035400920487180286,0.0035400920487180286
girlfriends,-0.003539965540902351,0.003539965540902351
purposes,0.0035395728518338157,0.0035395728518338157
observer,0.0035383506897124894,0.0035383506897124894
fallout,0.003536981458779642,0.003536981458779642
access,-0.0035358832801481847,0.0035358832801481847
shifting,0.003533863272958528,0.003533863272958528
plant,0.0035335116059923483,0.0035335116059923483
parking,-0.003533109748961405,0.003533109748961405
title,0.0035312132146957404,0.0035312132146957404
efficient,-0.0035309697560243418,0.0035309697560243418
featured,-0.003529605519520345,0.003529605519520345
tesla,-0.003528669282308078,0.003528669282308078
study,0.00352846828292619,0.00352846828292619
inner,0.0035277071824697695,0.0035277071824697695
coast,-0.0035266551511706225,0.0035266551511706225
congratulations,0.0035236044165732963,0.0035236044165732963
portfolio,-0.0035227608419966376,0.0035227608419966376
latter,-0.003519857782051493,0.003519857782051493
nations,0.003516940545355609,0.003516940545355609
theyre,0.0035161220220437397,0.0035161220220437397
shorts,-0.0035144709249288206,0.0035144709249288206
tedious,0.0035131674128139174,0.0035131674128139174
appearing,-0.0035126834823483314,0.0035126834823483314
heavily,0.003512265711290794,0.003512265711290794
client,0.0035116845280855355,0.0035116845280855355
tokenization,-0.0035106904168233383,0.0035106904168233383
cons,0.0035059120915251563,0.0035059120915251563
clinical,0.0035050305990270304,0.0035050305990270304
deformed,-0.00350381915671244,0.00350381915671244
adapted,-0.003503597867973803,0.003503597867973803
supervised,0.0035027163051297005,0.0035027163051297005
weakness,0.003502496902697843,0.003502496902697843
inevitable,0.003502051018882642,0.003502051018882642
last,0.0035014231275980693,0.0035014231275980693
4th,0.003497010736502127,0.003497010736502127
cure,0.0034937365955049226,0.0034937365955049226
cover,-0.0034936355906683945,0.0034936355906683945
civitai,-0.003488955871827828,0.003488955871827828
dimensions,0.0034881636689434443,0.0034881636689434443
mixed,-0.0034864220366046285,0.0034864220366046285
meets,0.0034858133531447313,0.0034858133531447313
vague,-0.0034855469714009223,0.0034855469714009223
d,-0.003485378910580969,0.003485378910580969
pieces,0.0034835015491973,0.0034835015491973
dc,0.003480206591313639,0.003480206591313639
loaded,-0.003479215739562357,0.003479215739562357
op,0.003478477493199394,0.003478477493199394
forecasting,0.003476949383443698,0.003476949383443698
realm,-0.0034753786063201463,0.0034753786063201463
voting,-0.003473096320997141,0.003473096320997141
emergent,-0.003470950649663539,0.003470950649663539
coherent,0.0034687925726332764,0.0034687925726332764
also,-0.0034676003905196318,0.0034676003905196318
strictly,0.0034673288249311147,0.0034673288249311147
reduce,-0.003466817465309745,0.003466817465309745
monkey,-0.0034666892151024808,0.0034666892151024808
20period,-0.0034658079477184562,0.0034658079477184562
bat,-0.0034617349224064114,0.0034617349224064114
intriguing,0.0034616497562241708,0.0034616497562241708
glue,0.0034612806230067752,0.0034612806230067752
us,0.003461128539848849,0.003461128539848849
arithmetic,-0.003456984148087075,0.003456984148087075
clicking,0.003456583906319605,0.003456583906319605
highly,-0.003450469330545616,0.003450469330545616
toy,-0.003450403273686102,0.003450403273686102
anyone,-0.003446313999271631,0.003446313999271631
ease,-0.003445438280645693,0.003445438280645693
life,-0.003442717727362547,0.003442717727362547
recipes,0.0034406910839973426,0.0034406910839973426
joe,-0.003437554034232226,0.003437554034232226
chatgpt4,-0.0034363283629735156,0.0034363283629735156
extending,0.0034328088555062933,0.0034328088555062933
relevant,-0.00343227693399847,0.00343227693399847
register,0.003427600613468537,0.003427600613468537
paradox,0.0034258642902717865,0.0034258642902717865
rails,0.003424561447464652,0.003424561447464652
center,-0.0034243216223439495,0.0034243216223439495
observed,0.0034234412999416854,0.0034234412999416854
threaten,-0.0034215477677039655,0.0034215477677039655
giving,-0.003418071365656507,0.003418071365656507
involving,-0.003417846414540355,0.003417846414540355
similarity,-0.003416968209984715,0.003416968209984715
valuable,0.003416010034449794,0.003416010034449794
5000,0.003414585545651907,0.003414585545651907
law,0.0034145254998030985,0.0034145254998030985
scope,0.0034117870923003027,0.0034117870923003027
class,0.0034107951080759647,0.0034107951080759647
david,0.0034094092677089136,0.0034094092677089136
losers,-0.0034069080413150583,0.0034069080413150583
cautious,-0.0034066537533767377,0.0034066537533767377
damages,0.0034061601778150297,0.0034061601778150297
friend,0.0034028749234316143,0.0034028749234316143
replacing,-0.0034024936203460583,0.0034024936203460583
print,-0.0034021273613864737,0.0034021273613864737
2010,-0.0034009832583684046,0.0034009832583684046
ve,0.003398315799563146,0.003398315799563146
stories,-0.003397885125122311,0.003397885125122311
designer,-0.0033976229149634326,0.0033976229149634326
subject,-0.003395929550733965,0.003395929550733965
self,-0.003391353018877279,0.003391353018877279
shares,0.003390034467888911,0.003390034467888911
perspectives,0.0033899382912096518,0.0033899382912096518
gets,0.0033897130122433365,0.0033897130122433365
forgive,-0.0033890330593385255,0.0033890330593385255
nervous,0.0033862607687081057,0.0033862607687081057
taxing,-0.003386136353333604,0.003386136353333604
knows,0.0033860946379175726,0.0033860946379175726
tensorflow,-0.0033805991379569265,0.0033805991379569265
ignores,-0.0033804006293374506,0.0033804006293374506
area,-0.003379886194324039,0.003379886194324039
arxiv,0.0033761820461687855,0.0033761820461687855
modular,0.0033761249544847277,0.0033761249544847277
outlook,-0.0033754327357490813,0.0033754327357490813
range,-0.0033712302645371307,0.0033712302645371307
obsolete,-0.0033707315762226756,0.0033707315762226756
want,-0.003366462245668278,0.003366462245668278
claiming,-0.003365611381739989,0.003365611381739989
species,-0.003363891013422303,0.003363891013422303
latent,-0.00336153102201361,0.00336153102201361
bed,0.0033606986268598757,0.0033606986268598757
unreliable,0.0033585998586875897,0.0033585998586875897
goalposts,0.003357486342544506,0.003357486342544506
roman,-0.003355814241303572,0.003355814241303572
transition,0.003353276154166404,0.003353276154166404
invoke,-0.003352505747139186,0.003352505747139186
flaw,0.0033507360634235286,0.0033507360634235286
tabs,0.0033503576834450735,0.0033503576834450735
longest,0.003350135523434262,0.003350135523434262
lion,-0.0033499745404260888,0.0033499745404260888
front,-0.003349202063392408,0.003349202063392408
thought,-0.0033469304511377453,0.0033469304511377453
choosing,-0.0033466999100357727,0.0033466999100357727
uploaded,-0.0033455923288110223,0.0033455923288110223
minor,0.0033451975863559506,0.0033451975863559506
item,-0.0033435715024504853,0.0033435715024504853
underlying,0.0033432032029485563,0.0033432032029485563
specially,0.003336037941276786,0.003336037941276786
packages,0.003335040691064558,0.003335040691064558
poorly,0.0033260426933880535,0.0033260426933880535
living,-0.003325536582990261,0.003325536582990261
upscaling,-0.0033253224245705744,0.0033253224245705744
rural,0.0033223951349605468,0.0033223951349605468
dismiss,0.0033223400789433536,0.0033223400789433536
welcome,-0.0033204800708262617,0.0033204800708262617
domains,-0.0033183533784194594,0.0033183533784194594
rooms,-0.0033169726804581773,0.0033169726804581773
button,-0.0033113874765136795,0.0033113874765136795
analogous,-0.0033085683577434976,0.0033085683577434976
programs,-0.0033068963791260267,0.0033068963791260267
utilized,-0.0032967812159001996,0.0032967812159001996
taiwan,-0.0032929009901672313,0.0032929009901672313
meaningless,0.0032922173764382803,0.0032922173764382803
temporary,-0.003291175417230788,0.003291175417230788
ada,-0.003291038966160817,0.003291038966160817
indicating,0.0032901587663975527,0.0032901587663975527
components,-0.003289634700849031,0.003289634700849031
manufacturing,0.0032846197742077096,0.0032846197742077096
instantly,0.003283513733519653,0.003283513733519653
overall,-0.0032813417114031,0.0032813417114031
cgi,-0.0032808290170691914,0.0032808290170691914
got,-0.0032789489041924304,0.0032789489041924304
menu,-0.003278767169484277,0.003278767169484277
leading,0.0032774257953866854,0.0032774257953866854
tailored,-0.0032770913059375125,0.0032770913059375125
one,-0.003275317446608,0.003275317446608
behaves,-0.003275280152022761,0.003275280152022761
brush,-0.0032750126069816202,0.0032750126069816202
modification,-0.0032728663933241616,0.0032728663933241616
didn,-0.0032705164924540947,0.0032705164924540947
reddit,-0.003266786175374914,0.003266786175374914
copying,0.003264736028689053,0.003264736028689053
negatives,0.003263099085395391,0.003263099085395391
ordering,-0.003263029764559601,0.003263029764559601
copyright,0.003262852855246321,0.003262852855246321
cops,0.0032625610596042198,0.0032625610596042198
flat,0.0032597603181628914,0.0032597603181628914
scrum,-0.003257426860502297,0.003257426860502297
flexibility,-0.003256884174975798,0.003256884174975798
farms,0.0032554270347852567,0.0032554270347852567
fought,0.003252896811238019,0.003252896811238019
origin,0.0032527649760316158,0.0032527649760316158
germany,-0.0032525065122996836,0.0032525065122996836
start,0.0032516049280036656,0.0032516049280036656
continuity,0.003249122369539952,0.003249122369539952
demands,0.003247147910486835,0.003247147910486835
growing,-0.0032467458973598723,0.0032467458973598723
slack,-0.0032465930088135635,0.0032465930088135635
discrete,0.0032449251123485325,0.0032449251123485325
calculation,0.0032442438692260765,0.0032442438692260765
reuters,0.0032428463172860505,0.0032428463172860505
resolution,-0.003242037419697038,0.003242037419697038
listen,0.0032412508496028137,0.0032412508496028137
altman,0.003239522368950284,0.003239522368950284
versions,-0.003238332021089143,0.003238332021089143
winning,-0.00323801929419822,0.00323801929419822
processed,-0.003237798610683752,0.003237798610683752
door,0.003237270905855321,0.003237270905855321
allows,0.003237180170425867,0.003237180170425867
goliath,0.0032364548113038385,0.0032364548113038385
republican,-0.003236329728787748,0.003236329728787748
jimmy,0.0032324273081892445,0.0032324273081892445
brand,0.0032293527717589146,0.0032293527717589146
dies,-0.0032261013444477493,0.0032261013444477493
repetitive,0.0032232591328491974,0.0032232591328491974
healthy,-0.003219503226212297,0.003219503226212297
audio,0.003217999520577002,0.003217999520577002
leave,0.0032166391460908697,0.0032166391460908697
unethical,0.0032126279564880056,0.0032126279564880056
amateur,0.00321021765075758,0.00321021765075758
minds,0.003207697492824389,0.003207697492824389
going,0.003206610831568818,0.003206610831568818
reuse,0.0032046165979367704,0.0032046165979367704
classes,-0.0032044487704743904,0.0032044487704743904
inconsistent,-0.0032026437140108,0.0032026437140108
convince,-0.003202558125546501,0.003202558125546501
logs,-0.0032021562941704712,0.0032021562941704712
regulated,-0.0032015952276699213,0.0032015952276699213
principle,-0.0032008489065854075,0.0032008489065854075
2fwww,0.003197890694053531,0.003197890694053531
roles,-0.0031954580715407867,0.0031954580715407867
progress,0.0031949343988677374,0.0031949343988677374
seat,0.003194253277145898,0.003194253277145898
man,0.0031934020351508607,0.0031934020351508607
streaming,0.0031933149474486274,0.0031933149474486274
snippets,0.0031928422325752537,0.0031928422325752537
trivial,0.0031918898664007917,0.0031918898664007917
situations,-0.0031911143931111136,0.0031911143931111136
summarizing,0.0031875072442686223,0.0031875072442686223
given,-0.003184464639546664,0.003184464639546664
reference,0.0031844009549248176,0.0031844009549248176
comes,0.0031839642701828215,0.0031839642701828215
threshold,-0.0031828875342400525,0.0031828875342400525
many,0.0031756298392008036,0.0031756298392008036
leaves,0.0031755313361559903,0.0031755313361559903
elements,-0.0031738743066541957,0.0031738743066541957
crap,0.003171329105661167,0.003171329105661167
freely,0.003167988410453056,0.003167988410453056
success,0.0031675054923616794,0.0031675054923616794
crime,0.00316622573434633,0.00316622573434633
guided,-0.0031661059811099682,0.0031661059811099682
speeds,0.003163189983672991,0.003163189983672991
optimization,0.0031626772175585216,0.0031626772175585216
opposed,-0.003161723292994884,0.003161723292994884
finetuning,0.003161547980946732,0.003161547980946732
5blink,-0.0031597478365585608,0.0031597478365585608
20here,-0.0031597478365585608,0.0031597478365585608
myreminders,-0.0031597478365585608,0.0031597478365585608
20reminders,-0.0031597478365585608,0.0031597478365585608
2fcomments,-0.0031597478365585608,0.0031597478365585608
20message,-0.0031597478365585608,0.0031597478365585608
5bhttps,-0.0031597478365585608,0.0031597478365585608
20inside,-0.0031597478365585608,0.0031597478365585608
20brackets,-0.0031597478365585608,0.0031597478365585608
watchful1,-0.0031597478365585608,0.0031597478365585608
e1bko7,-0.0031597478365585608,0.0031597478365585608
remindmebot_info_v21,-0.0031597478365585608,0.0031597478365585608
20feedback,-0.0031597478365585608,0.0031597478365585608
form,-0.003158473395776382,0.003158473395776382
pizza,-0.0031553520359875135,0.0031553520359875135
processor,-0.0031552904309193864,0.0031552904309193864
successful,-0.0031543318656511773,0.0031543318656511773
strike,0.0031540320332043986,0.0031540320332043986
evs,-0.0031529188287108263,0.0031529188287108263
circuits,0.003152276891909177,0.003152276891909177
simplified,0.0031518918548483267,0.0031518918548483267
2040,0.00315056583455934,0.00315056583455934
round,0.0031495405926271454,0.0031495405926271454
fail,-0.0031459687093424366,0.0031459687093424366
de,-0.0031423266462938197,0.0031423266462938197
west,0.003141786088536865,0.003141786088536865
bothered,-0.0031415921802863027,0.0031415921802863027
observation,0.003140383563477608,0.003140383563477608
queries,0.0031398118784984152,0.0031398118784984152
shiny,-0.003138341439429979,0.003138341439429979
binary,-0.003137991130772047,0.003137991130772047
payments,0.0031369183292893196,0.0031369183292893196
dumb,-0.003136557342447156,0.003136557342447156
wheel,-0.003136343486147999,0.003136343486147999
global,-0.003135871973748477,0.003135871973748477
individual,-0.003135638094498187,0.003135638094498187
goals,-0.0031352197451837835,0.0031352197451837835
inject,0.0031323257176076925,0.0031323257176076925
art,-0.0031302886777902226,0.0031302886777902226
assets,-0.003130195871731885,0.003130195871731885
size,0.003129043286147801,0.003129043286147801
hired,0.003125273297324618,0.003125273297324618
twenty,0.003124871610179155,0.003124871610179155
circumstances,0.003123653099081522,0.003123653099081522
accepting,-0.0031231817045704155,0.0031231817045704155
chains,0.00312294789420194,0.00312294789420194
likely,-0.0031207134062469556,0.0031207134062469556
career,-0.0031206189087008723,0.0031206189087008723
existed,-0.0031170199513905986,0.0031170199513905986
cause,-0.003115981925448843,0.003115981925448843
since,-0.0031146580230685993,0.0031146580230685993
harmless,0.003114127225017975,0.003114127225017975
correctly,-0.0031119651863461776,0.0031119651863461776
tuned,-0.0031107018723565377,0.0031107018723565377
simulating,0.0031087551040460087,0.0031087551040460087
precision,0.003107124513433123,0.003107124513433123
credit,0.003106867258895798,0.003106867258895798
helping,-0.003105030591263243,0.003105030591263243
directions,0.0031013040440540604,0.0031013040440540604
love,0.003096873688613022,0.003096873688613022
structural,-0.0030951114781001673,0.0030951114781001673
capita,0.0030944985968280954,0.0030944985968280954
clients,0.003093368272279042,0.003093368272279042
llava,-0.0030922849671603594,0.0030922849671603594
loose,-0.003091450943736732,0.003091450943736732
element,-0.003089563972039562,0.003089563972039562
addiction,-0.0030884601379598314,0.0030884601379598314
lets,0.0030879601500854743,0.0030879601500854743
brave,-0.0030877898028752473,0.0030877898028752473
denoise,-0.0030876623686896766,0.0030876623686896766
gaza,-0.0030871259732655485,0.0030871259732655485
perform,0.003085592897850795,0.003085592897850795
wave,-0.0030849782422829944,0.0030849782422829944
users,0.0030831931470947558,0.0030831931470947558
16,-0.0030820180238364265,0.0030820180238364265
alert,-0.0030812058175049605,0.0030812058175049605
supporting,-0.0030801990810177156,0.0030801990810177156
trial,0.003079917081357831,0.003079917081357831
robust,-0.0030791109213148017,0.0030791109213148017
rig,-0.003078386936061261,0.003078386936061261
energy,-0.0030783260122755735,0.0030783260122755735
likewise,0.003077183012625977,0.003077183012625977
dots,-0.003074191036962252,0.003074191036962252
9,0.003069490284935243,0.003069490284935243
broader,-0.003069459620060429,0.003069459620060429
remembering,-0.003069152730914781,0.003069152730914781
adherence,-0.0030679015678014955,0.0030679015678014955
loves,0.0030666490528806233,0.0030666490528806233
gold,0.0030634055784941215,0.0030634055784941215
web,0.0030620135042342058,0.0030620135042342058
stored,0.0030609102225575375,0.0030609102225575375
smith,0.003059246867871624,0.003059246867871624
prize,0.0030587018505439014,0.0030587018505439014
retire,-0.0030584364520281518,0.0030584364520281518
fewer,0.003057163073964053,0.003057163073964053
academia,0.0030570914242522827,0.0030570914242522827
explanations,0.0030570295201742745,0.0030570295201742745
pathetic,-0.0030541371455241042,0.0030541371455241042
useless,0.003052721242266398,0.003052721242266398
required,-0.003052268243725415,0.003052268243725415
simultaneously,0.0030492979887820995,0.0030492979887820995
rabbit,0.003049161092385787,0.003049161092385787
tool,-0.0030482459202276113,0.0030482459202276113
mass,-0.003046666674934205,0.003046666674934205
prompting,-0.003045500909382064,0.003045500909382064
gains,0.0030445766795636165,0.0030445766795636165
lines,0.0030438661784243,0.0030438661784243
black,-0.0030430454492971935,0.0030430454492971935
alcohol,0.003042379573170672,0.003042379573170672
sources,-0.0030400606390628268,0.0030400606390628268
protections,-0.003038150285419002,0.003038150285419002
preventing,-0.003037419504029125,0.003037419504029125
atoms,-0.0030361630622681456,0.0030361630622681456
reported,0.0030341479180910117,0.0030341479180910117
idle,-0.003032885089835606,0.003032885089835606
greg,-0.003032397394513577,0.003032397394513577
readily,0.0030308558376503396,0.0030308558376503396
observing,0.003029893564431265,0.003029893564431265
gear,0.0030256809734544566,0.0030256809734544566
governments,0.0030251733885456613,0.0030251733885456613
album,-0.003024712476509601,0.003024712476509601
subset,0.0030212997656521266,0.0030212997656521266
beautiful,0.0030206413058830035,0.0030206413058830035
boost,0.003019846985794703,0.003019846985794703
structured,0.003019748353946893,0.003019748353946893
cancel,0.0030195012394324244,0.0030195012394324244
haters,0.003017311080642723,0.003017311080642723
scores,-0.003017029679789899,0.003017029679789899
architect,-0.0030169007723853786,0.0030169007723853786
exclusively,0.003016302911236016,0.003016302911236016
repeatedly,0.003015588313860769,0.003015588313860769
painted,-0.0030153906866687854,0.0030153906866687854
luckily,0.003014647101932023,0.003014647101932023
random,0.003011556568438312,0.003011556568438312
sue,0.0030094545215974752,0.0030094545215974752
tens,0.0030091697394504886,0.0030091697394504886
teenager,-0.003008688285101698,0.003008688285101698
photo,-0.0030070127124222387,0.0030070127124222387
fill,-0.003006256590237281,0.003006256590237281
simpler,-0.0030062360714648764,0.0030062360714648764
fire,-0.00300529014232266,0.00300529014232266
seconds,0.0030051538789508366,0.0030051538789508366
discourse,0.003004644495585432,0.003004644495585432
terminal,0.003000821328578491,0.003000821328578491
another,-0.002997172559278449,0.002997172559278449
color,-0.00299317426292838,0.00299317426292838
bloody,0.0029894286184338763,0.0029894286184338763
hackathon,-0.0029868780253840812,0.0029868780253840812
contributing,-0.0029838013387966274,0.0029838013387966274
2050,-0.0029837112219454633,0.0029837112219454633
tok,-0.0029824752185185965,0.0029824752185185965
depth,0.002982261466541875,0.002982261466541875
stream,0.002981804746738347,0.002981804746738347
offering,-0.002981743412277787,0.002981743412277787
monitor,0.0029801530653078188,0.0029801530653078188
nobody,-0.0029753035982325164,0.0029753035982325164
x200b,-0.0029752341187853897,0.0029752341187853897
actors,-0.0029746052549671806,0.0029746052549671806
world,-0.0029743462299272154,0.0029743462299272154
gaming,-0.0029740762654935464,0.0029740762654935464
extensively,0.0029690759224244192,0.0029690759224244192
except,-0.002968772682079362,0.002968772682079362
imgur,0.0029683264063258274,0.0029683264063258274
away,0.0029676897769153523,0.0029676897769153523
israeli,-0.0029643370909846725,0.0029643370909846725
experimentation,0.0029622874445442682,0.0029622874445442682
forever,-0.0029618464866151225,0.0029618464866151225
yields,-0.0029594265516172434,0.0029594265516172434
wealth,0.0029587744573320134,0.0029587744573320134
men,-0.002958765961634452,0.002958765961634452
weed,-0.002957978855350775,0.002957978855350775
gen,0.0029568416278800357,0.0029568416278800357
internet,0.0029568132973424818,0.0029568132973424818
combined,0.002955764387742206,0.002955764387742206
longer,0.00295325930592619,0.00295325930592619
sorts,0.002952483140395484,0.002952483140395484
settle,0.002951373852589296,0.002951373852589296
bank,-0.002950842439837954,0.002950842439837954
strain,0.002946511694783537,0.002946511694783537
changing,0.002946102753475275,0.002946102753475275
experiencing,-0.002945815694387479,0.002945815694387479
cores,-0.0029453165114981064,0.0029453165114981064
admit,-0.002944637364325323,0.002944637364325323
verbose,0.0029420002329647007,0.0029420002329647007
task,-0.002940197006952635,0.002940197006952635
evil,-0.0029397103096795167,0.0029397103096795167
service,-0.0029393947697654234,0.0029393947697654234
prime,0.0029379845850020345,0.0029379845850020345
telling,-0.002934200301232811,0.002934200301232811
generates,0.002934144562439279,0.002934144562439279
add,-0.0029334954518960336,0.0029334954518960336
breakdown,0.002930058663470827,0.002930058663470827
pink,0.0029262532952141424,0.0029262532952141424
ruined,-0.0029242549744131056,0.0029242549744131056
session,-0.0029212520316732426,0.0029212520316732426
impacted,-0.00292008033009412,0.00292008033009412
probably,0.0029178298718126635,0.0029178298718126635
smart,0.0029163304580649657,0.0029163304580649657
component,0.0029119104376684295,0.0029119104376684295
involves,-0.002911563688646468,0.002911563688646468
description,-0.002911521469511113,0.002911521469511113
commercial,0.0029087991589264997,0.0029087991589264997
already,-0.0029082616314309835,0.0029082616314309835
optional,-0.0029071316386541043,0.0029071316386541043
digital,-0.002906846700551588,0.002906846700551588
navigate,0.0029064559182142586,0.0029064559182142586
cc,0.0029010448373631894,0.0029010448373631894
essay,0.002901026815402293,0.002901026815402293
truck,-0.0029001891902934443,0.0029001891902934443
human,-0.0028989170492769905,0.0028989170492769905
economy,-0.0028981209026216026,0.0028981209026216026
messaging,0.002898081119575456,0.002898081119575456
improved,0.0028977375397945863,0.0028977375397945863
pitch,-0.002897710138044471,0.002897710138044471
conclusions,-0.002895363776150262,0.002895363776150262
spreadsheet,-0.002894468484912035,0.002894468484912035
communism,-0.00289355310989851,0.00289355310989851
wikipedia,0.0028934502857474384,0.0028934502857474384
signal,0.0028914124460281197,0.0028914124460281197
universities,0.0028910941647219282,0.0028910941647219282
lifting,0.002890597152848587,0.002890597152848587
fast,-0.0028890329270782147,0.0028890329270782147
significantly,-0.002887750479654318,0.002887750479654318
emerges,0.002887286037279269,0.002887286037279269
baked,-0.0028867774022350596,0.0028867774022350596
0a,-0.0028842423916009188,0.0028842423916009188
gigantic,0.0028833301726089024,0.0028833301726089024
claimed,-0.002881034085940013,0.002881034085940013
zone,0.0028789841576890495,0.0028789841576890495
philosophy,-0.0028788876397166873,0.0028788876397166873
situation,-0.002876485416169463,0.002876485416169463
cows,0.0028764467046400446,0.0028764467046400446
kaggle,-0.0028762029518843123,0.0028762029518843123
deliberate,0.0028756894928126725,0.0028756894928126725
rockets,0.0028729111789732547,0.0028729111789732547
scratch,0.002869171892867254,0.002869171892867254
exchange,-0.0028656972049595584,0.0028656972049595584
warn,-0.0028651436303432677,0.0028651436303432677
nightmare,0.0028650175714909584,0.0028650175714909584
simply,-0.00286493028568572,0.00286493028568572
late,-0.002863429913698246,0.002863429913698246
unit,0.0028628487693386833,0.0028628487693386833
shake,0.002861478676095422,0.002861478676095422
exposed,-0.0028612403363626106,0.0028612403363626106
relax,0.002857981901828677,0.002857981901828677
2013,0.0028575230606234054,0.0028575230606234054
somewhere,-0.0028570286301352046,0.0028570286301352046
trip,-0.0028562425517401294,0.0028562425517401294
pure,-0.002854780807516576,0.002854780807516576
meanwhile,0.0028543584698834086,0.0028543584698834086
economies,0.0028538932088496443,0.0028538932088496443
70s,0.0028521573087450522,0.0028521573087450522
weaknesses,0.002849291451914859,0.002849291451914859
contract,-0.002848434714525243,0.002848434714525243
variety,-0.002847573628776369,0.002847573628776369
port,0.002846355759509179,0.002846355759509179
issues,-0.0028458782321168904,0.0028458782321168904
changes,0.002843833930642937,0.002843833930642937
crystal,-0.0028419890650576317,0.0028419890650576317
boils,0.002840829627255207,0.002840829627255207
charge,0.0028397802652283155,0.0028397802652283155
stage,-0.002835790202434717,0.002835790202434717
cropped,-0.0028353074445774716,0.0028353074445774716
agentic,0.0028351885444109345,0.0028351885444109345
locally,0.0028341148664397875,0.0028341148664397875
defend,0.002831585051965153,0.002831585051965153
ownership,-0.0028208302029771194,0.0028208302029771194
replicating,-0.0028201808870651156,0.0028201808870651156
personalized,-0.0028199568299759827,0.0028199568299759827
knife,-0.0028189592771533326,0.0028189592771533326
provides,-0.002818698393823873,0.002818698393823873
2,0.0028176557415060953,0.0028176557415060953
reason,-0.002812883189573293,0.002812883189573293
opportunities,-0.0028125552126055027,0.0028125552126055027
built,0.0028125095455157002,0.0028125095455157002
owner,0.002809711383234804,0.002809711383234804
junior,-0.0028081787288369068,0.0028081787288369068
function,0.0028080568398349305,0.0028080568398349305
names,0.002805576090144822,0.002805576090144822
5d,-0.002804679503368047,0.002804679503368047
cpus,-0.0028039482285166996,0.0028039482285166996
startup,0.0028023404037785774,0.0028023404037785774
difficult,0.0028017538774737084,0.0028017538774737084
according,0.002799472000166011,0.002799472000166011
paradigm,-0.0027955210400330954,0.0027955210400330954
arise,-0.002794210076423915,0.002794210076423915
kind,0.0027935711693821345,0.0027935711693821345
exists,-0.0027929032410519607,0.0027929032410519607
conscious,0.002792536782238914,0.002792536782238914
evolutionary,0.0027925250279558483,0.0027925250279558483
bert,-0.0027912984957898044,0.0027912984957898044
confusing,-0.002790181096001301,0.002790181096001301
onlyfans,-0.0027890634750438043,0.0027890634750438043
effectiveness,-0.0027885715739538134,0.0027885715739538134
eat,-0.002787044885162629,0.002787044885162629
happened,-0.0027864557775246677,0.0027864557775246677
seemed,0.0027856560100824267,0.0027856560100824267
test,-0.0027821606675659406,0.0027821606675659406
husband,0.0027816365143962735,0.0027816365143962735
webpage,0.0027806009371943163,0.0027806009371943163
abuse,0.0027799582177392037,0.0027799582177392037
assumes,-0.002778489386217578,0.002778489386217578
way,-0.0027762551004563403,0.0027762551004563403
query,-0.0027738259053988194,0.0027738259053988194
apartment,0.002772473756664611,0.002772473756664611
byte,0.002771341646017978,0.002771341646017978
person,0.002768788318962225,0.002768788318962225
criminal,0.0027686370620982276,0.0027686370620982276
restaurant,0.002767498595424424,0.002767498595424424
draw,-0.0027652510958188934,0.0027652510958188934
encoder,0.0027644805851953164,0.0027644805851953164
py,-0.0027640082390306296,0.0027640082390306296
intensity,-0.0027618922168340695,0.0027618922168340695
posting,-0.0027613495838465832,0.0027613495838465832
division,0.0027604076681221504,0.0027604076681221504
frustrated,-0.0027581841699711386,0.0027581841699711386
sounded,0.0027564989333093174,0.0027564989333093174
addressing,-0.0027562902017143317,0.0027562902017143317
lib,-0.002755686549770788,0.002755686549770788
describe,0.0027538751371625186,0.0027538751371625186
investigation,0.00275379899529365,0.00275379899529365
location,-0.002751728754397848,0.002751728754397848
indirectly,-0.002751114427086008,0.002751114427086008
implementing,0.0027503372885819147,0.0027503372885819147
adventure,0.0027487406612167298,0.0027487406612167298
future,0.002748712441312375,0.002748712441312375
ios,-0.002748440217683593,0.002748440217683593
probabilistic,-0.0027465735995096017,0.0027465735995096017
char,-0.0027414679017784237,0.0027414679017784237
speech,0.0027397541907055543,0.0027397541907055543
sister,-0.0027384257193184243,0.0027384257193184243
aged,-0.0027338823216736335,0.0027338823216736335
sword,0.0027333192482424567,0.0027333192482424567
operations,0.002730390925234752,0.002730390925234752
plateau,-0.0027290445274719215,0.0027290445274719215
l,-0.002727668397241548,0.002727668397241548
focused,0.002727520554647599,0.002727520554647599
alive,0.002725531410321129,0.002725531410321129
consume,0.0027254727906716163,0.0027254727906716163
instruct,0.0027252150003077807,0.0027252150003077807
artistic,-0.002724509222797608,0.002724509222797608
grew,0.0027238395972128066,0.0027238395972128066
expensive,0.0027222879532210246,0.0027222879532210246
listening,-0.0027208988572767416,0.0027208988572767416
prominent,-0.002718378969060019,0.002718378969060019
encountered,-0.0027179526849007997,0.0027179526849007997
impossible,0.0027142158598710995,0.0027142158598710995
book,0.0027137975102660443,0.0027137975102660443
assume,-0.002711553135871408,0.002711553135871408
something,-0.0027107716165939897,0.0027107716165939897
threw,0.0027105602538930597,0.0027105602538930597
cancers,-0.002709266952672503,0.002709266952672503
wonderful,0.0027086012934941883,0.0027086012934941883
nuanced,0.0027079415097919918,0.0027079415097919918
attacked,0.002707703343848886,0.002707703343848886
3rd,-0.0027067785783253004,0.0027067785783253004
automate,-0.0027056864304658324,0.0027056864304658324
stuff,0.0027052461827883063,0.0027052461827883063
diesel,-0.002704491185910233,0.002704491185910233
contribute,0.002703577723056294,0.002703577723056294
chargers,0.00270331865127089,0.00270331865127089
named,0.002701874112306694,0.002701874112306694
caught,-0.0026950402303792336,0.0026950402303792336
motive,0.002694345436808269,0.002694345436808269
reproduce,-0.002690733534540187,0.002690733534540187
rely,-0.002688269544872612,0.002688269544872612
dictate,-0.0026877683630707875,0.0026877683630707875
bucket,-0.00268733810332646,0.00268733810332646
11,-0.002687317232514862,0.002687317232514862
coding,0.002686381325502661,0.002686381325502661
existing,0.0026822832870297634,0.0026822832870297634
examples,-0.002680203549891225,0.002680203549891225
strikes,0.002679359830712162,0.002679359830712162
methodology,-0.0026787119114410583,0.0026787119114410583
technology,-0.002676083060872559,0.002676083060872559
upper,0.0026747495955247403,0.0026747495955247403
command,0.0026733775242622575,0.0026733775242622575
nlm,0.0026721408980488197,0.0026721408980488197
hospital,0.0026714815908931116,0.0026714815908931116
flag,0.0026708225519970225,0.0026708225519970225
completion,-0.0026698915875639096,0.0026698915875639096
rage,-0.0026683758750565725,0.0026683758750565725
notice,-0.002667673016240473,0.002667673016240473
seamless,-0.0026675245045005096,0.0026675245045005096
deleted,-0.0026673291625878624,0.0026673291625878624
current,-0.0026627636660005016,0.0026627636660005016
physical,-0.002661905229135936,0.002661905229135936
analog,-0.0026603911839166365,0.0026603911839166365
entirely,0.0026579207762066,0.0026579207762066
campaign,-0.0026565179810558105,0.0026565179810558105
terrible,-0.002656427747895483,0.002656427747895483
alien,-0.0026537772545065985,0.0026537772545065985
misunderstand,-0.002653259224790731,0.002653259224790731
construct,-0.0026511119369109328,0.0026511119369109328
viewing,0.002650702574304873,0.002650702574304873
arrive,-0.0026502153000133896,0.0026502153000133896
plus,-0.00264777514262351,0.00264777514262351
db,-0.0026453835784800376,0.0026453835784800376
advancements,-0.002643710707861047,0.002643710707861047
pov,0.0026424258183545637,0.0026424258183545637
const,-0.002640007111601077,0.002640007111601077
contribution,-0.002637472432401458,0.002637472432401458
identifying,-0.002636930162746371,0.002636930162746371
grand,-0.002635106525948289,0.002635106525948289
causes,-0.002634904630233377,0.002634904630233377
tsmc,0.00263293808857462,0.00263293808857462
factor,0.002632272337126685,0.002632272337126685
strategic,0.002630576668655002,0.002630576668655002
cell,0.002630513486805026,0.002630513486805026
body,-0.0026304372210862216,0.0026304372210862216
beep,0.002629426142894017,0.002629426142894017
variable,-0.0026287721595512786,0.0026287721595512786
gathered,-0.0026270150304901424,0.0026270150304901424
george,0.0026238563160102214,0.0026238563160102214
ears,-0.0026197835258190494,0.0026197835258190494
sees,-0.002619001241716881,0.002619001241716881
miles,-0.0026127044183138774,0.0026127044183138774
liberal,-0.0026118202416490076,0.0026118202416490076
literal,0.0026112039941487974,0.0026112039941487974
sooner,0.0026103284624077144,0.0026103284624077144
socialism,0.0026080551232463703,0.0026080551232463703
introduced,-0.002607826430555039,0.002607826430555039
biology,0.0026037710789024735,0.0026037710789024735
ensures,-0.0026034298298960486,0.0026034298298960486
puzzles,0.002601912775548222,0.002601912775548222
emphasis,0.002601394048209569,0.002601394048209569
winter,0.0025994492159298627,0.0025994492159298627
string,-0.0025983007347883955,0.0025983007347883955
gist,0.0025972581010398335,0.0025972581010398335
traffic,0.0025967138098428807,0.0025967138098428807
editing,-0.0025959984168493692,0.0025959984168493692
relying,0.0025958948790617267,0.0025958948790617267
nanobots,-0.002595577674734443,0.002595577674734443
homes,0.0025944722986360443,0.0025944722986360443
worse,0.0025939827116023316,0.0025939827116023316
sarcasm,-0.0025924064280558696,0.0025924064280558696
optimistic,0.0025917210020188716,0.0025917210020188716
quantized,-0.002587687635455656,0.002587687635455656
pip,-0.002587495224828508,0.002587495224828508
process,0.0025847848642252236,0.0025847848642252236
fair,-0.0025827554274136014,0.0025827554274136014
gdp,0.0025818984447612144,0.0025818984447612144
advantages,0.0025807084133493714,0.0025807084133493714
approach,0.0025760830444500277,0.0025760830444500277
ways,-0.0025759754690754546,0.0025759754690754546
premise,-0.002572234479180895,0.002572234479180895
gradually,-0.0025721439294994356,0.0025721439294994356
collar,0.0025695142425043137,0.0025695142425043137
become,-0.002569102030063247,0.002569102030063247
hit,-0.0025689003988827543,0.0025689003988827543
garden,0.0025686734217334997,0.0025686734217334997
wanted,0.0025675857646490683,0.0025675857646490683
sentient,-0.00256413614338149,0.00256413614338149
exploiting,-0.0025620508203427006,0.0025620508203427006
natural,0.0025612439453418247,0.0025612439453418247
steady,0.00256007074043095,0.00256007074043095
distinction,-0.0025587052710495666,0.0025587052710495666
agi,-0.0025583682298060332,0.0025583682298060332
emerging,-0.002557688586244038,0.002557688586244038
exponential,-0.0025550975252774206,0.0025550975252774206
temperature,-0.0025538703905870525,0.0025538703905870525
nuclear,-0.0025532765596834356,0.0025532765596834356
great,0.002552678591265561,0.002552678591265561
informative,0.002552668333400772,0.002552668333400772
quotes,-0.002551177708365645,0.002551177708365645
forward,0.0025480154255079364,0.0025480154255079364
originally,-0.0025470398062113933,0.0025470398062113933
twist,0.0025447031431578677,0.0025447031431578677
solar,0.002543231468526539,0.002543231468526539
cp,-0.002541860843132091,0.002541860843132091
imaginary,-0.0025412877805140364,0.0025412877805140364
80,0.002540421186121544,0.002540421186121544
runs,-0.0025400597433183174,0.0025400597433183174
udio,-0.002539631754555838,0.002539631754555838
stations,-0.00253911174981614,0.00253911174981614
decrease,-0.0025375173905875866,0.0025375173905875866
understands,0.0025373926438278026,0.0025373926438278026
tanks,0.002536351189974214,0.002536351189974214
expense,0.002536190571573299,0.002536190571573299
prior,0.0025357891342863543,0.0025357891342863543
trace,-0.0025341491200884052,0.0025341491200884052
vote,-0.0025336249316156713,0.0025336249316156713
original,-0.002532962625388175,0.002532962625388175
eventually,-0.002532043170780685,0.002532043170780685
singing,0.0025315466531326655,0.0025315466531326655
git,0.0025301773334624506,0.0025301773334624506
working,-0.002530042575704403,0.002530042575704403
treatment,-0.002528514325566061,0.002528514325566061
created,0.0025284694163735565,0.0025284694163735565
employment,0.00252727135975545,0.00252727135975545
ar,-0.0025268164462631582,0.0025268164462631582
departments,0.0025243165466534777,0.0025243165466534777
johansson,-0.002521403641955094,0.002521403641955094
updates,-0.002517662789582468,0.002517662789582468
ass,-0.002515242067839184,0.002515242067839184
km,-0.0025151502755769066,0.0025151502755769066
tactic,-0.002511182049620282,0.002511182049620282
f,0.0025074504903215885,0.0025074504903215885
guiding,-0.0025073818943381074,0.0025073818943381074
affect,-0.002505728702851155,0.002505728702851155
turned,0.002503130335153452,0.002503130335153452
unique,-0.002502906999661248,0.002502906999661248
partners,-0.0024998612580131112,0.0024998612580131112
ended,-0.0024994540754805015,0.0024994540754805015
wine,0.0024971829680828983,0.0024971829680828983
manipulated,0.002495388007422908,0.002495388007422908
perfection,-0.0024944754799471943,0.0024944754799471943
assholes,0.00249350359159127,0.00249350359159127
insightful,0.00249060256306553,0.00249060256306553
dynamic,0.0024871296675255125,0.0024871296675255125
exploitation,0.0024844553868760633,0.0024844553868760633
bigger,0.0024807304081981858,0.0024807304081981858
stores,0.0024789147065793563,0.0024789147065793563
beneficial,-0.0024783808984999486,0.0024783808984999486
hospitals,-0.0024782396934337745,0.0024782396934337745
pursuing,0.0024761976227890433,0.0024761976227890433
farm,0.00247619225988248,0.00247619225988248
adhd,-0.0024754821513948626,0.0024754821513948626
producing,0.002475208417536821,0.002475208417536821
embedded,0.0024748815727235964,0.0024748815727235964
cmd,0.0024726832132624275,0.0024726832132624275
steal,0.002472170139514019,0.002472170139514019
remind,-0.002472019957355222,0.002472019957355222
catching,-0.0024717674743022664,0.0024717674743022664
fee,0.002470563967007119,0.002470563967007119
imagery,-0.002466956278383915,0.002466956278383915
transaction,0.0024599670854788267,0.0024599670854788267
later,-0.002458201645187529,0.002458201645187529
procedure,0.002458089222755918,0.002458089222755918
bringing,0.002456991537178972,0.002456991537178972
viable,-0.002456920139734952,0.002456920139734952
sake,0.002455909643254725,0.002455909643254725
house,0.0024535754423208283,0.0024535754423208283
downloads,0.0024535642462550035,0.0024535642462550035
replication,-0.0024529532333650308,0.0024529532333650308
altered,0.002451870358050484,0.002451870358050484
guidelines,0.002451800493249462,0.002451800493249462
ends,0.0024492361054143257,0.0024492361054143257
decision,0.002448231641116053,0.002448231641116053
neighbors,0.002447981326584977,0.002447981326584977
centered,0.0024457664122814323,0.0024457664122814323
arts,-0.0024450226228555066,0.0024450226228555066
courts,-0.002444999739817494,0.002444999739817494
tape,0.002440777009740158,0.002440777009740158
decide,0.002438333505957274,0.002438333505957274
diversity,0.0024381771822995757,0.0024381771822995757
largely,0.0024374212280748706,0.0024374212280748706
blind,-0.002435661469124328,0.002435661469124328
hassle,-0.002435525579349403,0.002435525579349403
k,0.00242502038425935,0.00242502038425935
desire,-0.002424378321759926,0.002424378321759926
graphics,0.00242305256770622,0.00242305256770622
seed,-0.00242074092510675,0.00242074092510675
lies,-0.002419051501205923,0.002419051501205923
adapter,0.0024176822119329052,0.0024176822119329052
layer,0.0024153654733783487,0.0024153654733783487
relative,-0.002415349046806461,0.002415349046806461
ants,0.002412609722587608,0.002412609722587608
magazine,-0.002411915336562759,0.002411915336562759
appear,0.0024110226391778817,0.0024110226391778817
ma,0.0024106133944716726,0.0024106133944716726
protection,-0.0024101497367267693,0.0024101497367267693
horses,0.002409859097424181,0.002409859097424181
simplicity,-0.0024093262361938412,0.0024093262361938412
confuse,-0.0024080375429316406,0.0024080375429316406
cargo,0.002407914306815153,0.002407914306815153
advisor,0.0024076326060036624,0.0024076326060036624
gc,0.0024075478801870343,0.0024075478801870343
met,-0.002405455542272288,0.002405455542272288
presence,-0.0024037530695985763,0.0024037530695985763
main,0.0024012526430980717,0.0024012526430980717
20to,-0.0024000099907307538,0.0024000099907307538
brutal,0.002398618296435718,0.002398618296435718
ll,0.002396928390327741,0.002396928390327741
drugs,0.0023962777218172818,0.0023962777218172818
trap,-0.002395729866003876,0.002395729866003876
whole,0.0023956531985791533,0.0023956531985791533
2016,0.002395017028465437,0.002395017028465437
employ,-0.002393390149676585,0.002393390149676585
2028,-0.002390061245842894,0.002390061245842894
accurately,0.0023853291640122867,0.0023853291640122867
shooting,-0.0023850410777503227,0.0023850410777503227
200,-0.002381723875366865,0.002381723875366865
spare,-0.0023782229332800124,0.0023782229332800124
places,-0.002377784999779567,0.002377784999779567
checkpoints,-0.0023762117067357203,0.0023762117067357203
codellama,0.002375948739063157,0.002375948739063157
areas,-0.002375293522279272,0.002375293522279272
soviet,0.0023719477349723197,0.0023719477349723197
bard,-0.002370865368785845,0.002370865368785845
painful,0.0023696716200216203,0.0023696716200216203
border,0.0023690249238639965,0.0023690249238639965
attempts,0.0023617584615582246,0.0023617584615582246
production,-0.0023614993017808737,0.0023614993017808737
favor,0.002361165779170513,0.002361165779170513
stock,0.002360925471999321,0.002360925471999321
incapable,0.0023607735018307944,0.0023607735018307944
suffering,0.0023594015772029206,0.0023594015772029206
offerings,-0.0023589925742782247,0.0023589925742782247
impact,-0.002358752132689797,0.002358752132689797
sensors,-0.0023577991681752487,0.0023577991681752487
cameras,-0.00235695374205892,0.00235695374205892
truth,-0.0023535998765602567,0.0023535998765602567
perception,-0.0023534453173079273,0.0023534453173079273
enable,-0.002352488615648791,0.002352488615648791
600,0.00234877769090259,0.00234877769090259
played,-0.0023453771123611426,0.0023453771123611426
perceive,-0.00234507448816371,0.00234507448816371
perceived,-0.002343083975431963,0.002343083975431963
gpus,-0.0023430158868060803,0.0023430158868060803
planes,-0.002338604831976597,0.002338604831976597
smaller,-0.002337698854456906,0.002337698854456906
disappeared,-0.0023364994351374323,0.0023364994351374323
launch,-0.0023352824237055612,0.0023352824237055612
housing,0.0023342916672129273,0.0023342916672129273
heads,-0.002333198289061801,0.002333198289061801
moreover,0.002330270147847658,0.002330270147847658
accelerating,0.0023298893687231726,0.0023298893687231726
rush,0.0023297333280796082,0.0023297333280796082
surrounding,-0.0023259831448233176,0.0023259831448233176
overfitting,0.0023240118892961133,0.0023240118892961133
injection,0.002321918279884358,0.002321918279884358
meat,0.0023217636080757713,0.0023217636080757713
starship,-0.0023198552193195413,0.0023198552193195413
encoded,0.002319301643797457,0.002319301643797457
elites,0.0023183804223925525,0.0023183804223925525
survey,0.0023177573225081445,0.0023177573225081445
switches,0.0023175927301944087,0.0023175927301944087
insight,-0.002317512227105029,0.002317512227105029
crop,0.0023173036267752846,0.0023173036267752846
die,-0.002313337691492591,0.002313337691492591
prevent,0.0023132297249255813,0.0023132297249255813
640,0.0023116970929512167,0.0023116970929512167
project,0.002310635389948672,0.002310635389948672
country,-0.002307613670854993,0.002307613670854993
shareholders,-0.00230722071434501,0.00230722071434501
m3,-0.0023056586321211167,0.0023056586321211167
entertaining,0.0023054327204260197,0.0023054327204260197
defines,-0.0023011629945692644,0.0023011629945692644
reveal,0.002301015486930461,0.002301015486930461
250,-0.002299881746789577,0.002299881746789577
pounds,0.0022991515952667345,0.0022991515952667345
subsequent,0.0022963642939519036,0.0022963642939519036
alternate,-0.0022939520354058516,0.0022939520354058516
sampler,-0.002292639532233948,0.002292639532233948
feedback,-0.002292524739206888,0.002292524739206888
cyberpunk,-0.0022924289245370402,0.0022924289245370402
judges,0.0022923527781596085,0.0022923527781596085
anything,-0.002292304756276444,0.002292304756276444
willing,0.00229178143378705,0.00229178143378705
extra,-0.0022917431767088977,0.0022917431767088977
proof,0.0022906736930223496,0.0022906736930223496
stack,0.0022897359784893566,0.0022897359784893566
inside,0.0022890954308865904,0.0022890954308865904
implant,0.0022887209058601323,0.0022887209058601323
ongoing,-0.0022850279045973057,0.0022850279045973057
predicts,0.0022815598151332776,0.0022815598151332776
co,0.002280616210315268,0.002280616210315268
3a,-0.002278277503806366,0.002278277503806366
rtx,-0.0022779990301932153,0.0022779990301932153
richest,0.0022779498396847796,0.0022779498396847796
earn,-0.002274124076518097,0.002274124076518097
unrelated,0.002273434760379498,0.002273434760379498
unable,0.0022729872581864095,0.0022729872581864095
higher,-0.002272304915352599,0.002272304915352599
mirror,-0.0022716991813442064,0.0022716991813442064
none,0.00227041098915693,0.00227041098915693
lighting,-0.002269014216291746,0.002269014216291746
engine,-0.0022595376307183762,0.0022595376307183762
scams,0.002259094881161694,0.002259094881161694
combustion,0.002257622499291915,0.002257622499291915
liked,0.002256310022521859,0.002256310022521859
operates,-0.0022563014974104805,0.0022563014974104805
practically,0.002255454753203693,0.002255454753203693
figure,0.0022553066940377057,0.0022553066940377057
virtually,0.002255158747518185,0.002255158747518185
improving,0.002254458039767274,0.002254458039767274
records,-0.002253856014236191,0.002253856014236191
merged,-0.0022533651166070615,0.0022533651166070615
rag,0.002252326192547738,0.002252326192547738
dog,-0.0022516356701215733,0.0022516356701215733
defining,-0.0022502090217605647,0.0022502090217605647
tokenizer,0.002250200669062327,0.002250200669062327
fashion,-0.0022484669168728708,0.0022484669168728708
finished,0.002245743001136797,0.002245743001136797
ground,-0.0022405362256324394,0.0022405362256324394
understanding,-0.00223699480580214,0.00223699480580214
answers,0.002235711489264691,0.002235711489264691
happy,-0.0022356751020690493,0.0022356751020690493
makes,0.002234355263355869,0.002234355263355869
writing,0.0022329866535949192,0.0022329866535949192
niche,0.0022289919927127623,0.0022289919927127623
assistance,-0.0022257994940347438,0.0022257994940347438
oop,-0.0022219255290321306,0.0022219255290321306
ed,0.002220368168840038,0.002220368168840038
versatile,-0.0022200842583127087,0.0022200842583127087
stand,-0.002218437465237587,0.002218437465237587
officials,-0.0022144493458515213,0.0022144493458515213
na,0.00221164185483271,0.00221164185483271
friendly,0.0022089262572508755,0.0022089262572508755
operation,-0.0022069003712878147,0.0022069003712878147
github,0.0022068289755399987,0.0022068289755399987
across,-0.0022068064054139237,0.0022068064054139237
tends,0.0022059311389668857,0.0022059311389668857
meh,-0.0022047949713626196,0.0022047949713626196
usb,-0.002203482905830747,0.002203482905830747
perfect,-0.0022031887882640547,0.0022031887882640547
hands,-0.0021994145604172354,0.0021994145604172354
utc,-0.0021989927338139405,0.0021989927338139405
clearer,0.0021972172109138823,0.0021972172109138823
guys,-0.002196104746490725,0.002196104746490725
saw,0.0021957511085740687,0.0021957511085740687
line,-0.002195581700217627,0.002195581700217627
catastrophe,0.002195066137992149,0.002195066137992149
hunger,0.0021948657682196193,0.0021948657682196193
exceptional,-0.002194025265807598,0.002194025265807598
screens,-0.0021917163840517533,0.0021917163840517533
bomb,-0.002189229384251394,0.002189229384251394
unreasonable,-0.0021883732908269554,0.0021883732908269554
interactions,-0.0021849737051720043,0.0021849737051720043
implement,0.002175421088384878,0.002175421088384878
spit,-0.00217292713473559,0.00217292713473559
translating,-0.002171678336601045,0.002171678336601045
5,0.0021699533341414494,0.0021699533341414494
candidates,0.0021670198780864604,0.0021670198780864604
tensorrt,-0.002166904333559432,0.002166904333559432
slowing,0.0021663583502284844,0.0021663583502284844
begging,0.0021649006127142582,0.0021649006127142582
carrying,0.0021643792727833754,0.0021643792727833754
attach,0.0021622219148189873,0.0021622219148189873
120b,0.0021620707515864995,0.0021620707515864995
wage,-0.0021611986300132274,0.0021611986300132274
justified,-0.0021576622659734853,0.0021576622659734853
assertion,0.0021574552463058303,0.0021574552463058303
metal,0.0021563935646802686,0.0021563935646802686
cases,0.002155786121329729,0.002155786121329729
include,-0.0021550964123206572,0.0021550964123206572
enables,-0.002153901656846849,0.002153901656846849
waterfall,0.002152766929130285,0.002152766929130285
gaining,0.002149548835420417,0.002149548835420417
amongst,0.002148689056588208,0.002148689056588208
molecules,0.002146466127619879,0.002146466127619879
modeling,0.002145202278832579,0.002145202278832579
harry,-0.0021437297817115605,0.0021437297817115605
mentioning,-0.0021432717800061226,0.0021432717800061226
dance,-0.002140300408676208,0.002140300408676208
night,-0.0021370272582843194,0.0021370272582843194
express,0.002136722387362751,0.002136722387362751
favorite,0.002133241111882005,0.002133241111882005
unnecessary,0.002131026137745767,0.002131026137745767
corporations,0.0021296238049955123,0.0021296238049955123
parallel,-0.0021294572312117567,0.0021294572312117567
layers,0.0021269886026757698,0.0021269886026757698
realistic,-0.0021267665113845883,0.0021267665113845883
families,0.0021265903777079893,0.0021265903777079893
testing,0.0021237612366012916,0.0021237612366012916
_k,-0.00212331715549749,0.00212331715549749
noisy,-0.0021221166008911583,0.0021221166008911583
models,0.002121415870222187,0.002121415870222187
inappropriate,-0.0021206651298374254,0.0021206651298374254
politically,-0.002119945049127644,0.002119945049127644
returned,-0.0021195767797960183,0.0021195767797960183
professional,-0.0021193545416714724,0.0021193545416714724
arm,0.002119062551583516,0.002119062551583516
getting,-0.0021176296367663655,0.0021176296367663655
instrumental,0.002115869999511262,0.002115869999511262
07,-0.002114727154057456,0.002114727154057456
laughing,-0.0021146824142663765,0.0021146824142663765
bankrupt,-0.0021135632451451964,0.0021135632451451964
hash,0.0021121176871458443,0.0021121176871458443
adjacent,-0.0021061775961840235,0.0021061775961840235
absence,0.002105535909045276,0.002105535909045276
4gb,-0.002105398725441971,0.002105398725441971
stats,-0.0021053219019340225,0.0021053219019340225
scalable,0.002101885189556119,0.002101885189556119
acting,-0.0021012537544408284,0.0021012537544408284
subscribe,-0.0021010417560805364,0.0021010417560805364
bullet,0.0020980539529708063,0.0020980539529708063
20time,-0.0020938664759817776,0.0020938664759817776
estimated,0.0020920798450002496,0.0020920798450002496
agreement,0.002089345360144991,0.002089345360144991
benefits,-0.002089141782996617,0.002089141782996617
resistant,0.002086784529575712,0.002086784529575712
eh,0.002082993382859607,0.002082993382859607
instant,-0.002082203811870937,0.002082203811870937
planned,0.0020808496673215882,0.0020808496673215882
developments,-0.002079937095823869,0.002079937095823869
150,-0.0020778269336814677,0.0020778269336814677
frankly,0.002077294825793454,0.002077294825793454
employed,-0.0020767955211055894,0.0020767955211055894
con,-0.002076236622832229,0.002076236622832229
behavior,0.002074260464475533,0.002074260464475533
bottle,-0.0020716530665049384,0.0020716530665049384
protocol,0.00207049767326283,0.00207049767326283
searching,-0.002069548132389046,0.002069548132389046
captain,0.0020644314131659292,0.0020644314131659292
preserve,0.002063515533034592,0.002063515533034592
diminishing,-0.002061624677339856,0.002061624677339856
advantage,0.0020610380494116482,0.0020610380494116482
tax,-0.002059942598797589,0.002059942598797589
rebuild,0.0020590589155468505,0.0020590589155468505
possibly,-0.0020588234712756682,0.0020588234712756682
dependency,-0.0020573729266717407,0.0020573729266717407
tokens,-0.002057004302234139,0.002057004302234139
earned,-0.0020546058281122118,0.0020546058281122118
ref,-0.002053512938969056,0.002053512938969056
forgetting,-0.0020521430133151547,0.0020521430133151547
w,-0.00204837701662193,0.00204837701662193
loving,-0.0020479607857019195,0.0020479607857019195
halt,-0.002046892910549513,0.002046892910549513
innovation,-0.0020439172842415918,0.0020439172842415918
offer,0.0020437701330570926,0.0020437701330570926
afford,-0.0020418194691402313,0.0020418194691402313
quality,0.002040307940084926,0.002040307940084926
sde,-0.0020401592841437603,0.0020401592841437603
v2,-0.0020386748275427464,0.0020386748275427464
occurs,0.0020382945192650237,0.0020382945192650237
2f,-0.002036399498377435,0.002036399498377435
backwards,-0.002034327891374841,0.002034327891374841
florida,-0.00203421100556231,0.00203421100556231
volume,0.0020340207130936437,0.0020340207130936437
racial,0.0020286155112459437,0.0020286155112459437
computing,0.0020278181842927393,0.0020278181842927393
abstract,0.002024290687158427,0.002024290687158427
investigate,-0.0020179327070631845,0.0020179327070631845
partial,-0.0020151131605054243,0.0020151131605054243
must,0.0020129901882355757,0.0020129901882355757
restrictions,-0.0020122926072665874,0.0020122926072665874
screaming,0.0020102402417150234,0.0020102402417150234
deny,0.002009540000285767,0.002009540000285767
hallucinate,0.002009234169444723,0.002009234169444723
poetry,-0.002009229320646813,0.002009229320646813
scale,0.002008889562768814,0.002008889562768814
forge,-0.002008790847075174,0.002008790847075174
lessons,0.002004714743965099,0.002004714743965099
finetune,0.0020044574439949995,0.0020044574439949995
sector,-0.002003543110134066,0.002003543110134066
window,-0.0020000327275014555,0.0020000327275014555
jealous,0.00199991622694659,0.00199991622694659
hold,-0.0019947808163241366,0.0019947808163241366
etc,0.0019934541438113747,0.0019934541438113747
consumers,0.001993000603924434,0.001993000603924434
interest,-0.0019912150069755137,0.0019912150069755137
begin,-0.001991032072691022,0.001991032072691022
steel,-0.001990760452597086,0.001990760452597086
rant,-0.001990393289247917,0.001990393289247917
bite,0.0019899285631145448,0.0019899285631145448
pain,0.0019896345578088452,0.0019896345578088452
circles,0.0019874957533272475,0.0019874957533272475
penny,-0.0019873449030515435,0.0019873449030515435
cia,0.0019870818772564323,0.0019870818772564323
characteristics,0.0019858649149676593,0.0019858649149676593
textbook,-0.0019853677563711294,0.0019853677563711294
increase,-0.001982516160352449,0.001982516160352449
generations,0.0019823533847416475,0.0019823533847416475
explanation,0.0019812897692547448,0.0019812897692547448
engagement,-0.001980373425494271,0.001980373425494271
frame,-0.001979460507680392,0.001979460507680392
speculation,0.0019785019748628932,0.0019785019748628932
socialist,-0.00197757523746341,0.00197757523746341
results,-0.0019770646701751686,0.0019770646701751686
triggers,-0.001974670787956056,0.001974670787956056
utm,-0.0019729203195145485,0.0019729203195145485
heh,0.001971242480197287,0.001971242480197287
associated,0.0019703353753339893,0.0019703353753339893
focus,-0.0019636745531267934,0.0019636745531267934
loads,-0.001963289010623779,0.001963289010623779
professor,0.001959096463280383,0.001959096463280383
blocks,-0.0019584468030210958,0.0019584468030210958
solid,0.0019557300533299144,0.0019557300533299144
musk,-0.001954766333561057,0.001954766333561057
accused,-0.0019536138739479993,0.0019536138739479993
dr,0.0019526636118510354,0.0019526636118510354
reminds,-0.001952140385682931,0.001952140385682931
whatever,0.0019500048086727193,0.0019500048086727193
pollution,0.001947137262728778,0.001947137262728778
3,0.0019424684167053954,0.0019424684167053954
scheduler,0.0019402787511399204,0.0019402787511399204
charged,-0.0019393056589268815,0.0019393056589268815
download,-0.001936855224995449,0.001936855224995449
allow,0.0019360975244819975,0.0019360975244819975
recruiters,0.0019358275848161467,0.0019358275848161467
sued,-0.001933634645783946,0.001933634645783946
instincts,-0.001933460994623381,0.001933460994623381
waking,0.001930379303451382,0.001930379303451382
lunar,-0.0019297987969770203,0.0019297987969770203
selfish,-0.0019293497009063262,0.0019293497009063262
highlighted,0.0019276378481881036,0.0019276378481881036
tastes,-0.001927406137659002,0.001927406137659002
available,-0.0019268313384541173,0.0019268313384541173
ideology,-0.0019257878652395282,0.0019257878652395282
generative,0.0019241553646367141,0.0019241553646367141
lens,0.0019197126542288795,0.0019197126542288795
matters,-0.0019196367686871768,0.0019196367686871768
custom,-0.0019196064500215527,0.0019196064500215527
cease,-0.0019185029737581669,0.0019185029737581669
dopamine,-0.0019158212289507096,0.0019158212289507096
matrix,-0.0019156747616232053,0.0019156747616232053
nice,0.0019147337215017295,0.0019147337215017295
hardest,0.001912062570532406,0.001912062570532406
thousands,0.0019112991583552143,0.0019112991583552143
12,-0.0019107879687700838,0.0019107879687700838
despite,0.0019100889882193578,0.0019100889882193578
planning,0.001907180936996463,0.001907180936996463
sorta,0.0019006834371683471,0.0019006834371683471
streams,-0.0018994020590935785,0.0018994020590935785
2d,0.0018977679631624676,0.0018977679631624676
couple,0.0018967201560795182,0.0018967201560795182
times,0.0018948047457048786,0.0018948047457048786
lose,-0.0018944560881474278,0.0018944560881474278
pm,-0.0018942874041286415,0.0018942874041286415
weapon,-0.0018918578533862692,0.0018918578533862692
proving,0.0018854612810851618,0.0018854612810851618
learnt,0.001881379198959763,0.001881379198959763
manages,-0.0018813023011812645,0.0018813023011812645
agents,0.001881026143961201,0.001881026143961201
channel,-0.0018798092613887504,0.0018798092613887504
honesty,0.00187972157959965,0.00187972157959965
live,-0.0018791708483580473,0.0018791708483580473
hole,0.0018744170153825038,0.0018744170153825038
blacklist,-0.0018708167999601693,0.0018708167999601693
history,-0.0018698657174184054,0.0018698657174184054
utilizing,-0.0018668369769114306,0.0018668369769114306
unsloth,0.0018634210291662268,0.0018634210291662268
endpoint,0.0018624708914011137,0.0018624708914011137
display,0.0018618324661504473,0.0018618324661504473
selective,0.0018598932598918533,0.0018598932598918533
inference,-0.0018520054881300183,0.0018520054881300183
everything,0.0018506168425130413,0.0018506168425130413
lectures,-0.0018495373280148686,0.0018495373280148686
shifts,-0.0018474218391233955,0.0018474218391233955
condition,-0.0018448708721888706,0.0018448708721888706
quo,-0.0018420416665760949,0.0018420416665760949
loss,-0.001841985172222115,0.001841985172222115
table,0.0018417891424591221,0.0018417891424591221
nlp,0.0018417414947227433,0.0018417414947227433
enabled,-0.0018416930319386517,0.0018416930319386517
pretend,0.0018416107360183476,0.0018416107360183476
holding,-0.001841543749661803,0.001841543749661803
sitting,0.0018388628925618909,0.0018388628925618909
prs,-0.0018347208878661697,0.0018347208878661697
price,0.0018343381240169105,0.0018343381240169105
mile,0.0018299989806502815,0.0018299989806502815
npc,0.001829112898254317,0.001829112898254317
reading,0.001828362732188163,0.001828362732188163
bitch,-0.0018283269628014509,0.0018283269628014509
assisted,0.0018282587607737005,0.0018282587607737005
nonsense,0.0018276080494618347,0.0018276080494618347
filled,-0.001823306459300927,0.001823306459300927
mountain,0.0018216437333368814,0.0018216437333368814
workforce,0.001821299912955312,0.001821299912955312
system,-0.0018175086108362058,0.0018175086108362058
plain,0.0018145625283033106,0.0018145625283033106
69,-0.0018145554888985447,0.0018145554888985447
excessive,-0.0018108470944528977,0.0018108470944528977
completely,0.001810653909471432,0.001810653909471432
fix,0.0018096706637535241,0.0018096706637535241
langroid,0.0018081267974611782,0.0018081267974611782
curiosity,-0.0018074965339364912,0.0018074965339364912
raw,-0.0018071096138246809,0.0018071096138246809
browser,-0.0018060600549350328,0.0018060600549350328
bonus,0.0018043750735819576,0.0018043750735819576
consistently,-0.0018020410839604951,0.0018020410839604951
satisfaction,-0.0017987132725010733,0.0017987132725010733
described,-0.0017982320009663898,0.0017982320009663898
portion,-0.0017977516009839095,0.0017977516009839095
cool,-0.0017970171174328266,0.0017970171174328266
ties,0.0017955970000599994,0.0017955970000599994
grad,-0.0017948042763330637,0.0017948042763330637
resolved,-0.0017889169842140828,0.0017889169842140828
integrated,-0.0017880072937550534,0.0017880072937550534
sounds,0.0017867404600840698,0.0017867404600840698
started,0.001785597847769256,0.001785597847769256
optimize,0.0017842154917033842,0.0017842154917033842
laying,-0.0017837877725967429,0.0017837877725967429
four,0.0017787585370884907,0.0017787585370884907
floating,-0.0017785401697889048,0.0017785401697889048
bad,0.001778065944176009,0.001778065944176009
glasses,-0.0017756108395421085,0.0017756108395421085
wood,0.0017749212049674313,0.0017749212049674313
500,-0.0017735331534057424,0.0017735331534057424
extracted,0.0017685259425419134,0.0017685259425419134
permission,0.0017660203383450127,0.0017660203383450127
units,0.0017650668253156748,0.0017650668253156748
claim,0.0017627637783132902,0.0017627637783132902
patent,-0.001760053468959638,0.001760053468959638
parts,-0.0017600473424504888,0.0017600473424504888
competitors,0.0017579070404917965,0.0017579070404917965
comics,0.0017570346186050688,0.0017570346186050688
founder,0.0017567766188301913,0.0017567766188301913
believing,0.0017557629570825986,0.0017557629570825986
five,0.001755302534268796,0.001755302534268796
render,-0.0017550427512542054,0.0017550427512542054
becomes,0.0017539536216283106,0.0017539536216283106
morality,-0.0017535941171067842,0.0017535941171067842
keeping,-0.0017525998902731225,0.0017525998902731225
flying,0.0017510585962413143,0.0017510585962413143
come,0.0017499383754851939,0.0017499383754851939
iterations,0.0017444116321118275,0.0017444116321118275
openais,-0.0017421812695323723,0.0017421812695323723
assignments,0.0017415097885028696,0.0017415097885028696
akin,0.001740109498529967,0.001740109498529967
landscape,0.0017395636311551548,0.0017395636311551548
preferred,0.0017395094667276001,0.0017395094667276001
summary,0.0017391835021451135,0.0017391835021451135
ncbi,0.0017386924495820387,0.0017386924495820387
windows,0.0017383429994288196,0.0017383429994288196
ones,-0.0017361353663180729,0.0017361353663180729
threats,-0.0017359395909178623,0.0017359395909178623
driven,-0.0017353399954574639,0.0017353399954574639
level,-0.0017349117521434259,0.0017349117521434259
exclusive,0.0017344821328882684,0.0017344821328882684
lawyers,0.0017303364380864788,0.0017303364380864788
biological,-0.001730060210460065,0.001730060210460065
mere,-0.001724963576638762,0.001724963576638762
struggled,0.0017230224015706169,0.0017230224015706169
trust,0.0017226925400905125,0.0017226925400905125
cycle,-0.0017220769882726396,0.0017220769882726396
nonetheless,0.001720289340658386,0.001720289340658386
camps,0.001718930766319075,0.001718930766319075
mom,0.001718345329768183,0.001718345329768183
frozen,0.0017166267593114353,0.0017166267593114353
demand,-0.001716110356420641,0.001716110356420641
intelligence,-0.0017137840460910527,0.0017137840460910527
passive,-0.00171375212865952,0.00171375212865952
modified,0.00171340599499108,0.00171340599499108
girlfriend,-0.0017132589374790996,0.0017132589374790996
traveling,0.0017129573663030077,0.0017129573663030077
worked,0.0017127444934092425,0.0017127444934092425
key,0.0017126172393046439,0.0017126172393046439
messy,-0.0017110221078506676,0.0017110221078506676
mistakes,-0.001710941036533277,0.001710941036533277
resulting,0.0017096585076990913,0.0017096585076990913
shouldn,-0.0017076157861005872,0.0017076157861005872
elections,-0.0017049779073541882,0.0017049779073541882
wall,0.0017013804641320758,0.0017013804641320758
pcie,-0.0017010491588526943,0.0017010491588526943
controller,0.001700958261705807,0.001700958261705807
specialist,-0.001696996121429189,0.001696996121429189
spaghetti,-0.0016958956808457743,0.0016958956808457743
exactly,-0.0016941486215250644,0.0016941486215250644
beginning,0.001693856291858912,0.001693856291858912
infra,-0.0016907460795950386,0.0016907460795950386
dollar,-0.0016854472056705898,0.0016854472056705898
soul,-0.0016852936639300273,0.0016852936639300273
lucky,-0.0016846535878971987,0.0016846535878971987
visual,0.001684471428784932,0.001684471428784932
bugs,0.0016817697682306658,0.0016817697682306658
paths,0.0016782210231300547,0.0016782210231300547
born,-0.0016771199875628882,0.0016771199875628882
medicine,-0.0016752388243919173,0.0016752388243919173
south,0.001674087117949892,0.001674087117949892
dudes,-0.001672935642789387,0.001672935642789387
overwhelming,-0.0016712772285867878,0.0016712772285867878
35,0.0016695024359080427,0.0016695024359080427
dreams,-0.0016678225130863423,0.0016678225130863423
masses,0.0016661894741023986,0.0016661894741023986
goal,0.0016655833823810851,0.0016655833823810851
electricity,-0.0016643906288299388,0.0016643906288299388
existence,0.00166399721914317,0.00166399721914317
q3,-0.001663965888947327,0.001663965888947327
turbo,0.0016615430915479284,0.0016615430915479284
easier,0.001661369932561404,0.001661369932561404
hour,0.0016601269173191504,0.0016601269173191504
plug,-0.0016590154834561553,0.0016590154834561553
treating,0.0016556431575547575,0.0016556431575547575
barrier,0.0016545917659903083,0.0016545917659903083
vehicle,-0.0016544255244689834,0.0016544255244689834
sleep,-0.0016538716037702514,0.0016538716037702514
win,0.0016520280937516545,0.0016520280937516545
limiting,-0.0016501549488145398,0.0016501549488145398
commentary,-0.0016496046087383076,0.0016496046087383076
select,0.0016492610545520904,0.0016492610545520904
backend,-0.0016489846402196065,0.0016489846402196065
oversight,-0.0016464118721280334,0.0016464118721280334
considerations,-0.0016460008856745117,0.0016460008856745117
batman,-0.0016458155025814868,0.0016458155025814868
fake,0.001644423044086013,0.001644423044086013
route,0.001643074167279074,0.001643074167279074
02,0.0016399331268284279,0.0016399331268284279
views,0.001639029352296371,0.001639029352296371
mother,0.0016344007223217992,0.0016344007223217992
dig,-0.0016342114595582573,0.0016342114595582573
commands,0.0016320230866369893,0.0016320230866369893
earth,-0.001631200786815162,0.001631200786815162
guesses,-0.0016309347690183597,0.0016309347690183597
appeal,0.0016290004390960057,0.0016290004390960057
prediction,0.0016279759007822947,0.0016279759007822947
failure,-0.001627277935038349,0.001627277935038349
send,-0.0016259996795877345,0.0016259996795877345
fantasies,0.00162595365739832,0.00162595365739832
timelines,0.0016230557547307332,0.0016230557547307332
street,-0.0016216161927867965,0.0016216161927867965
algorithm,-0.0016208782134869888,0.0016208782134869888
blood,0.001620509999685746,0.001620509999685746
large,0.0016187557567438145,0.0016187557567438145
ccp,-0.0016159264505755681,0.0016159264505755681
propaganda,0.0016146089971888781,0.0016146089971888781
supported,-0.0016142601388588061,0.0016142601388588061
cutting,0.0016107118192476126,0.0016107118192476126
granted,-0.0016099409492968144,0.0016099409492968144
helped,-0.001609893131888678,0.001609893131888678
authority,0.0016078885570536832,0.0016078885570536832
compassion,0.0016047223801286723,0.0016047223801286723
misunderstanding,0.0016011242018744796,0.0016011242018744796
targeted,-0.0016009487473083337,0.0016009487473083337
executives,-0.0015979240531499548,0.0015979240531499548
delivery,-0.0015973172131437704,0.0015973172131437704
empty,0.0015967526282950522,0.0015967526282950522
rated,0.001596146918962852,0.001596146918962852
integer,0.0015953651059280832,0.0015953651059280832
recall,-0.0015940578178929368,0.0015940578178929368
funding,-0.0015927154472941717,0.0015927154472941717
half,0.001591375964762862,0.001591375964762862
moore,-0.0015895058315830313,0.0015895058315830313
bpw,-0.0015887564845186914,0.0015887564845186914
pay,-0.0015878186004086373,0.0015878186004086373
used,-0.0015875221582973725,0.0015875221582973725
refers,-0.001586049866535118,0.001586049866535118
double,0.0015851602005589615,0.0015851602005589615
harm,0.0015811142971905833,0.0015811142971905833
20utc,-0.0015798739182792804,0.0015798739182792804
0aremindme,-0.0015798739182792804,0.0015798739182792804
pour,0.0015798199279675384,0.0015798199279675384
affected,0.0015778092889822193,0.0015778092889822193
clear,0.0015768489968926306,0.0015768489968926306
sweden,0.0015725000083470885,0.0015725000083470885
venture,0.0015704873155245411,0.0015704873155245411
ego,0.0015703713191032587,0.0015703713191032587
changed,0.001567453862582342,0.001567453862582342
compiled,0.001567213265723251,0.001567213265723251
obsessed,0.001565717115219982,0.001565717115219982
speakers,0.0015643062447621247,0.0015643062447621247
states,0.0015625112447335474,0.0015625112447335474
tell,-0.001562422963476232,0.001562422963476232
cow,0.0015620727032042518,0.0015620727032042518
initiative,-0.0015618397970598504,0.0015618397970598504
discussing,-0.001552854021453531,0.001552854021453531
false,0.0015526552057862288,0.0015526552057862288
hf,-0.001550265363390394,0.001550265363390394
apps,0.0015482819045237544,0.0015482819045237544
diffusion,-0.0015480309104304315,0.0015480309104304315
concepts,-0.0015463831252964136,0.0015463831252964136
starts,0.0015463828942051889,0.0015463828942051889
glad,0.001544521764506156,0.001544521764506156
stable,-0.0015415255506691556,0.0015415255506691556
upside,-0.0015401115429853759,0.0015401115429853759
pursue,0.00153963963319638,0.00153963963319638
affecting,-0.0015388198741160695,0.0015388198741160695
burn,-0.0015358359067178667,0.0015358359067178667
baseline,-0.0015346543689402832,0.0015346543689402832
online,0.0015335807634532567,0.0015335807634532567
returns,0.001532598900941286,0.001532598900941286
reminders,-0.001528446504969976,0.001528446504969976
parameter,-0.0015275244168916988,0.0015275244168916988
social,-0.00152719758411656,0.00152719758411656
regions,-0.001524093869969826,0.001524093869969826
intern,0.0015235077612363878,0.0015235077612363878
ruin,-0.0015211943843399015,0.0015211943843399015
generating,0.0015203768124485803,0.0015203768124485803
providers,-0.0015190338860422467,0.0015190338860422467
mentally,-0.0015168953573763638,0.0015168953573763638
expansion,0.0015160432736455636,0.0015160432736455636
animals,-0.0015150263798401754,0.0015150263798401754
appropriate,-0.001513810525483112,0.001513810525483112
33,0.0015108629175470253,0.0015108629175470253
russian,-0.0015083272814231498,0.0015083272814231498
array,0.0015059149328157328,0.0015059149328157328
predict,-0.0015042966041731766,0.0015042966041731766
around,-0.0015029431154890516,0.0015029431154890516
summer,0.001502078674839945,0.001502078674839945
starve,0.0015012012105123087,0.0015012012105123087
modelling,-0.0015006269200024329,0.0015006269200024329
trouble,-0.0015004349872074498,0.0015004349872074498
drive,-0.0014993456257057455,0.0014993456257057455
spring,0.0014914413344350817,0.0014914413344350817
profit,0.0014893900342727924,0.0014893900342727924
active,0.0014885696829084487,0.0014885696829084487
firefox,-0.0014882100580512576,0.0014882100580512576
knowledge,-0.0014876967318825944,0.0014876967318825944
dying,-0.0014876903200762635,0.0014876903200762635
ngl,-0.0014876304859625504,0.0014876304859625504
ensure,0.0014871404614782268,0.0014871404614782268
fits,-0.0014853844357987495,0.0014853844357987495
maintenance,-0.0014842352930326923,0.0014842352930326923
leetcode,-0.0014836745326672783,0.0014836745326672783
ing,-0.0014762257281915334,0.0014762257281915334
stanford,-0.001475679610190205,0.001475679610190205
leveraging,0.0014743374702716845,0.0014743374702716845
jesus,0.0014724858124856043,0.0014724858124856043
organizations,-0.0014717637242405688,0.0014717637242405688
distinguish,0.0014714178463786853,0.0014714178463786853
pull,0.0014710271544621685,0.0014710271544621685
indicates,0.0014698760166734367,0.0014698760166734367
distinct,-0.0014688498753239526,0.0014688498753239526
mid,0.0014683799926474004,0.0014683799926474004
keyboard,0.00146812804506088,0.00146812804506088
printers,0.001466672327681056,0.001466672327681056
1170,-0.0014666146171830228,0.0014666146171830228
multiple,0.001462529864988889,0.001462529864988889
metric,0.0014622674816210225,0.0014622674816210225
infer,0.001461802517438818,0.001461802517438818
meters,-0.0014613610721351106,0.0014613610721351106
powershell,-0.0014608196984685418,0.0014608196984685418
comfortable,-0.0014605748903804754,0.0014605748903804754
taken,-0.0014604166034169566,0.0014604166034169566
gguf,0.0014582538233682079,0.0014582538233682079
strip,-0.001457248401860601,0.001457248401860601
formal,-0.0014559116556524044,0.0014559116556524044
ic,-0.0014548746583530373,0.0014548746583530373
prefer,-0.0014546028188262819,0.0014546028188262819
zip,-0.0014536956627107776,0.0014536956627107776
tiny,-0.0014534954193866512,0.0014534954193866512
chickens,0.0014483286078640432,0.0014483286078640432
evident,-0.00144828017382208,0.00144828017382208
endeavor,0.0014481303999885175,0.0014481303999885175
criteria,0.0014468747075447159,0.0014468747075447159
def,-0.0014467528194412119,0.0014467528194412119
bits,0.0014467031991716173,0.0014467031991716173
computation,-0.00144659264989969,0.00144659264989969
justify,0.0014455788716708584,0.0014455788716708584
compatible,0.001440408302957531,0.001440408302957531
2021,-0.0014387925491294324,0.0014387925491294324
dating,0.0014386975656053454,0.0014386975656053454
force,0.0014366243471898577,0.0014366243471898577
cares,-0.0014365258108504466,0.0014365258108504466
bone,0.0014364349021903657,0.0014364349021903657
desperate,-0.001436354841386991,0.001436354841386991
accelerated,0.0014357727495453675,0.0014357727495453675
chamber,0.0014351718555392595,0.0014351718555392595
stopped,0.001434055692723615,0.001434055692723615
lifestyle,-0.0014339053420834734,0.0014339053420834734
industries,-0.0014323729451055202,0.0014323729451055202
emotion,0.001430161991750668,0.001430161991750668
centers,-0.0014278025933593824,0.0014278025933593824
edits,0.0014272321024329665,0.0014272321024329665
electric,-0.001425824949999826,0.001425824949999826
1,0.0014231101634044588,0.0014231101634044588
codes,0.0014223697158424673,0.0014223697158424673
chemical,-0.0014214070968014453,0.0014214070968014453
optimal,0.0014213410929260113,0.0014213410929260113
second,-0.0014199195361831213,0.0014199195361831213
saturated,-0.0014193072346700226,0.0014193072346700226
extensions,-0.0014178091668303938,0.0014178091668303938
clearly,-0.0014175919258038623,0.0014175919258038623
plans,-0.0014173375035012468,0.0014173375035012468
ascii,-0.0014166670413999726,0.0014166670413999726
factory,-0.001414268403406802,0.001414268403406802
kinds,0.001411641904688968,0.001411641904688968
ingredients,-0.0014098681340245583,0.0014098681340245583
depressed,0.001409553218481936,0.001409553218481936
covers,0.0014080467470840446,0.0014080467470840446
minimal,-0.0014049022082234328,0.0014049022082234328
8k,0.0014033866249627595,0.0014033866249627595
capitalism,0.0014025125156304388,0.0014025125156304388
messed,-0.0014011730218051266,0.0014011730218051266
1990s,-0.001400345953280029,0.001400345953280029
denoising,-0.0013956406900233421,0.0013956406900233421
businesses,0.0013951774701722573,0.0013951774701722573
scientifically,0.0013925075887262237,0.0013925075887262237
representations,0.0013919646946943644,0.0013919646946943644
datasets,0.001391568298426562,0.001391568298426562
molecular,-0.001390536212131551,0.001390536212131551
detailed,-0.0013859590307600382,0.0013859590307600382
moon,0.0013845979019865172,0.0013845979019865172
28,0.0013810523914191827,0.0013810523914191827
properly,0.0013803530548495647,0.0013803530548495647
professors,0.001380029444089533,0.001380029444089533
terms,-0.001378220665549278,0.001378220665549278
understood,0.0013781114679411494,0.0013781114679411494
22,0.0013751345632818505,0.0013751345632818505
captioning,0.0013741783981801622,0.0013741783981801622
tech,0.0013729914390891741,0.0013729914390891741
earnings,-0.0013729294284462387,0.0013729294284462387
lower,-0.0013728529029450546,0.0013728529029450546
renewable,0.0013719562418605718,0.0013719562418605718
reaction,0.0013679455646822979,0.0013679455646822979
finetuned,0.0013618884599550852,0.0013618884599550852
doctor,-0.0013618008723405891,0.0013618008723405891
walking,0.00136066917863923,0.00136066917863923
hierarchy,-0.0013596880667014791,0.0013596880667014791
independent,0.0013593556762921922,0.0013593556762921922
chance,-0.0013579680009943125,0.0013579680009943125
transparent,0.0013572236771282379,0.0013572236771282379
space,-0.0013567072161233666,0.0013567072161233666
depending,0.0013504547677810157,0.0013504547677810157
tendency,-0.0013496194919247737,0.0013496194919247737
inst,-0.0013486789909465276,0.0013486789909465276
usage,-0.001348060168768889,0.001348060168768889
portable,0.0013460721022028348,0.0013460721022028348
pre,0.0013437613168431391,0.0013437613168431391
amounts,0.0013414676227206184,0.0013414676227206184
o,-0.0013412081471179393,0.0013412081471179393
surveillance,0.0013391437929316022,0.0013391437929316022
frequency,0.0013350090179690586,0.0013350090179690586
neurons,-0.0013349881275869506,0.0013349881275869506
derive,-0.001331692692447787,0.001331692692447787
bring,0.0013288488538952467,0.0013288488538952467
trillion,0.0013276564058369142,0.0013276564058369142
summaries,-0.0013262127270805032,0.0013262127270805032
cdn,-0.0013257276768972666,0.0013257276768972666
thick,-0.0013212022214120912,0.0013212022214120912
bet,0.0013201650968164287,0.0013201650968164287
utilities,0.001318995828297214,0.001318995828297214
politics,0.0013178574452210386,0.0013178574452210386
chips,0.001315372686528053,0.001315372686528053
silence,0.0013151742413420502,0.0013151742413420502
chair,0.0013145480457821756,0.0013145480457821756
nurses,0.001313316827359013,0.001313316827359013
beyond,0.0013118468074152716,0.0013118468074152716
complex,0.0013111986521184894,0.0013111986521184894
credible,-0.0013093837052577304,0.0013093837052577304
two,-0.0013087379882862587,0.0013087379882862587
mark,0.0013079767236806204,0.0013079767236806204
gpts,-0.0013066198729219055,0.0013066198729219055
fixes,-0.001305854874566221,0.001305854874566221
wish,-0.0013055825175500577,0.0013055825175500577
sleeping,-0.0013055586223539967,0.0013055586223539967
lyrics,-0.0013016298612780399,0.0013016298612780399
label,0.0012994829392296305,0.0012994829392296305
mentions,-0.0012960616597017325,0.0012960616597017325
modes,0.001292853840164811,0.001292853840164811
spend,0.0012919439739460384,0.0012919439739460384
bachelor,-0.0012916657613088547,0.0012916657613088547
funded,0.0012895077137025104,0.0012895077137025104
peoples,0.0012874636621156605,0.0012874636621156605
advanced,0.00128718904582705,0.00128718904582705
technically,-0.0012851508606159438,0.0012851508606159438
figuring,-0.0012828788993194619,0.0012828788993194619
predictions,0.0012818169925411039,0.0012818169925411039
cup,-0.0012817154050273202,0.0012817154050273202
institutions,0.0012813613817267994,0.0012813613817267994
labeled,0.001280530574331812,0.001280530574331812
including,-0.0012793220111405493,0.0012793220111405493
exist,-0.0012786411223565492,0.0012786411223565492
surgery,0.0012784452028942084,0.0012784452028942084
methane,-0.0012777362581966535,0.0012777362581966535
target,0.0012768000040903128,0.0012768000040903128
converted,-0.0012727962899313962,0.0012727962899313962
statistical,0.0012727031305935577,0.0012727031305935577
confidently,0.0012725565206896678,0.0012725565206896678
jobs,0.0012718689711059647,0.0012718689711059647
stocks,-0.0012708553157025223,0.0012708553157025223
llm,0.001269132924577249,0.001269132924577249
acceptable,0.001269050673949719,0.001269050673949719
sets,0.001266390803950184,0.001266390803950184
700,0.001262588662148869,0.001262588662148869
regard,0.0012611050564470237,0.0012611050564470237
balance,-0.0012589114359241257,0.0012589114359241257
oops,-0.0012583204333428803,0.0012583204333428803
memories,-0.0012574978481971228,0.0012574978481971228
beam,-0.0012560839627841665,0.0012560839627841665
existent,0.0012558617326385543,0.0012558617326385543
attractive,0.0012556805183487178,0.0012556805183487178
lasts,-0.0012538451224078956,0.0012538451224078956
minute,-0.0012526360067955308,0.0012526360067955308
linear,0.00125263043345729,0.00125263043345729
knowledgeable,-0.0012508284869454742,0.0012508284869454742
number,0.0012500097982418258,0.0012500097982418258
electronics,-0.0012491530540160835,0.0012491530540160835
shine,-0.001248596438873481,0.001248596438873481
crowd,-0.0012453871981310178,0.0012453871981310178
avoid,-0.0012440527421716376,0.0012440527421716376
result,-0.0012429294569793951,0.0012429294569793951
growth,-0.0012407315227551362,0.0012407315227551362
risks,-0.0012399593077684753,0.0012399593077684753
cost,-0.001236203842342629,0.001236203842342629
runtime,-0.0012359117852720066,0.0012359117852720066
34b,-0.0012350572219682662,0.0012350572219682662
compiler,0.0012332328491410029,0.0012332328491410029
transform,0.0012305471310309949,0.0012305471310309949
jones,0.0012291799226507266,0.0012291799226507266
cruel,-0.0012280630780514975,0.0012280630780514975
internal,0.0012279100817662995,0.0012279100817662995
tracks,-0.0012273063888479578,0.0012273063888479578
car,0.001227212418587771,0.001227212418587771
shortly,0.0012245174854906653,0.0012245174854906653
reset,0.0012218885004375932,0.0012218885004375932
notebook,-0.001221844616661901,0.001221844616661901
replicated,-0.0012166987602877442,0.0012166987602877442
ubi,-0.0012163094287174657,0.0012163094287174657
vectors,-0.001216037306978388,0.001216037306978388
star,0.0012159861949476959,0.0012159861949476959
local,-0.0012159719454114502,0.0012159719454114502
easy,-0.0012103230675389604,0.0012103230675389604
functionally,0.0012099256201735314,0.0012099256201735314
brother,0.0012096463905700368,0.0012096463905700368
timeframe,-0.0012071819738419987,0.0012071819738419987
acknowledge,-0.0012065330677286574,0.0012065330677286574
fun,0.00120177113353159,0.00120177113353159
oai,0.001201439110961183,0.001201439110961183
developed,0.0011977476402793331,0.0011977476402793331
30,0.0011970928853309534,0.0011970928853309534
40,-0.001195849056951116,0.001195849056951116
75,-0.001194122553026367,0.001194122553026367
integrity,-0.0011935467966877494,0.0011935467966877494
universally,-0.001192084831650365,0.001192084831650365
creative,-0.0011917619864758864,0.0011917619864758864
workflow,0.001190924816124776,0.001190924816124776
november,0.001190888382270531,0.001190888382270531
shot,-0.0011903142035416094,0.0011903142035416094
dpm,-0.001189246792331435,0.001189246792331435
availability,-0.001188294396862994,0.001188294396862994
blocking,0.0011882843441651102,0.0011882843441651102
freaking,0.0011879358444203045,0.0011879358444203045
data,-0.0011870291048567475,0.0011870291048567475
subjects,0.0011853856289467822,0.0011853856289467822
frontend,-0.0011840480203761633,0.0011840480203761633
modify,-0.0011838707332955435,0.0011838707332955435
butt,0.001183272200949923,0.001183272200949923
corporate,0.0011812681733010745,0.0011812681733010745
mindset,0.001179996530125384,0.001179996530125384
context,0.0011797893588471305,0.0011797893588471305
deleting,0.0011746097850084418,0.0011746097850084418
estimate,0.0011744594214013698,0.0011744594214013698
purely,-0.0011711067549238375,0.0011711067549238375
wsl,-0.0011694708962163606,0.0011694708962163606
rope,-0.001168650484669778,0.001168650484669778
downvote,-0.001167697406906835,0.001167697406906835
qualified,-0.0011664078244617046,0.0011664078244617046
semantics,-0.0011651830080697788,0.0011651830080697788
damage,-0.0011650224699755493,0.0011650224699755493
50,-0.0011650100954363127,0.0011650100954363127
bing,0.0011636519658359675,0.0011636519658359675
calls,0.0011628370583974753,0.0011628370583974753
curated,-0.0011605563173749513,0.0011605563173749513
framework,0.0011583311866319127,0.0011583311866319127
banning,-0.0011576167859605833,0.0011576167859605833
bs,-0.001152201329005287,0.001152201329005287
shelter,-0.001150802216874417,0.001150802216874417
utility,-0.00114875680170682,0.00114875680170682
10,0.001148169925616287,0.001148169925616287
typical,-0.0011455197975257752,0.0011455197975257752
levels,0.0011443925984416878,0.0011443925984416878
tools,-0.0011424030422504184,0.0011424030422504184
reactors,-0.001140606911614989,0.001140606911614989
replicate,-0.001140287785761634,0.001140287785761634
improves,0.001138339849041816,0.001138339849041816
mad,-0.0011353772125252501,0.0011353772125252501
grab,-0.0011306245843204442,0.0011306245843204442
privacy,-0.0011295205486409495,0.0011295205486409495
diff,0.001128150414379195,0.001128150414379195
training,0.0011279222346615174,0.0011279222346615174
civilian,0.001127860675586495,0.001127860675586495
pandemic,0.0011214669591027534,0.0011214669591027534
indefinitely,0.0011206635568574196,0.0011206635568574196
potato,-0.0011205224884385965,0.0011205224884385965
copyrighted,0.0011197537847589874,0.0011197537847589874
upscaler,-0.001116601462821836,0.001116601462821836
crypto,-0.0011160188289854758,0.0011160188289854758
whereas,0.001114315643667827,0.001114315643667827
integration,-0.0011132504276212068,0.0011132504276212068
execution,0.0011098955531670253,0.0011098955531670253
onnx,-0.001108369287195213,0.001108369287195213
copied,0.0011068020325511415,0.0011068020325511415
season,0.001106234697902503,0.001106234697902503
services,0.0011055738336551997,0.0011055738336551997
drug,-0.001102961076973387,0.001102961076973387
light,-0.0011022196388597604,0.0011022196388597604
60,0.0010988857004156551,0.0010988857004156551
biased,0.0010985449208181695,0.0010985449208181695
suggests,0.0010947607240108183,0.0010947607240108183
nonsensical,0.0010937158000197645,0.0010937158000197645
minutes,0.0010916851065334832,0.0010916851065334832
specifics,0.0010902342975725333,0.0010902342975725333
care,-0.0010896967817762952,0.0010896967817762952
systemic,0.0010860736117922387,0.0010860736117922387
ss,0.001083882610403102,0.001083882610403102
keen,-0.0010834182152655147,0.0010834182152655147
gotten,0.0010801107488616984,0.0010801107488616984
builder,0.0010774016953088146,0.0010774016953088146
students,-0.0010771488191148525,0.0010771488191148525
api,-0.0010767376572438394,0.0010767376572438394
things,0.001074345079586397,0.001074345079586397
bro,0.001070335000143282,0.001070335000143282
superhuman,0.00106924067837057,0.00106924067837057
snippet,-0.0010631139464424386,0.0010631139464424386
magically,0.0010613515135755565,0.0010613515135755565
pack,-0.0010604557248059835,0.0010604557248059835
re,-0.0010587259040104283,0.0010587259040104283
might,-0.0010571360836973199,0.0010571360836973199
white,-0.0010561408885933217,0.0010561408885933217
suffer,0.0010542561994813285,0.0010542561994813285
30k,-0.001051099280150699,0.001051099280150699
sql,0.001049638024756319,0.001049638024756319
insurance,0.0010482842876324313,0.0010482842876324313
posts,0.0010477569654922451,0.0010477569654922451
looks,0.0010457224329237702,0.0010457224329237702
sutskever,0.0010448009805199953,0.0010448009805199953
read,-0.0010436382918547387,0.0010436382918547387
fingers,-0.00103947797346746,0.00103947797346746
st,0.001036656195485624,0.001036656195485624
dumping,0.0010339563213624596,0.0010339563213624596
horror,0.0010335988532994675,0.0010335988532994675
agricultural,-0.0010300557276115817,0.0010300557276115817
personal,0.0010287188985488099,0.0010287188985488099
time,-0.0010273165288339214,0.0010273165288339214
verification,-0.001025318050346081,0.001025318050346081
colony,0.001023315806645748,0.001023315806645748
lists,-0.0010224769274269074,0.0010224769274269074
mathematics,0.0010222964098330362,0.0010222964098330362
chunks,0.0010181867358442533,0.0010181867358442533
cut,0.001014701209317453,0.001014701209317453
fund,-0.0010099960175349442,0.0010099960175349442
crafted,-0.0010085621715600413,0.0010085621715600413
oil,-0.0010081803063839653,0.0010081803063839653
family,0.0010044361070907853,0.0010044361070907853
story,-0.0010010561719821583,0.0010010561719821583
flow,0.0009999344256289516,0.0009999344256289516
shift,0.0009994790405633716,0.0009994790405633716
ds,-0.000994595358726483,0.000994595358726483
likelihood,-0.00099411618387293,0.00099411618387293
pulled,0.0009934108347214102,0.0009934108347214102
music,-0.000989706082070518,0.000989706082070518
iphone,0.0009895226681409114,0.0009895226681409114
confused,-0.0009894519658886225,0.0009894519658886225
cured,0.0009884801477584855,0.0009884801477584855
simple,-0.0009883021010590894,0.0009883021010590894
steve,-0.0009870901044264431,0.0009870901044264431
continued,-0.0009866204196665375,0.0009866204196665375
normal,0.0009852729944998186,0.0009852729944998186
reached,0.0009821503636827525,0.0009821503636827525
missing,-0.000979995968665377,0.000979995968665377
cities,0.0009798561828410917,0.0009798561828410917
pricing,0.0009787498968561903,0.0009787498968561903
activated,0.000978588544161394,0.000978588544161394
unpredictable,-0.0009778073527285816,0.0009778073527285816
sciences,0.0009762603372881463,0.0009762603372881463
2015,0.0009758327048483025,0.0009758327048483025
capitalist,0.0009748068521509593,0.0009748068521509593
ancient,0.00097340632304655,0.00097340632304655
corp,0.0009733945063486954,0.0009733945063486954
health,-0.000972987161440184,0.000972987161440184
timeline,-0.0009727704214742298,0.0009727704214742298
response,-0.0009723761388779289,0.0009723761388779289
experiments,0.0009720855503180708,0.0009720855503180708
doctors,-0.0009712098462308562,0.0009712098462308562
hat,-0.0009708175259869959,0.0009708175259869959
emissions,0.0009704094559490081,0.0009704094559490081
technological,0.0009697278411781412,0.0009697278411781412
tags,0.0009689933808519635,0.0009689933808519635
coherence,0.0009687407239757883,0.0009687407239757883
cards,-0.0009627227201496839,0.0009627227201496839
isn,0.000962513532427082,0.000962513532427082
costs,-0.0009624256164954521,0.0009624256164954521
integrating,0.0009610982960928563,0.0009610982960928563
informed,0.0009610492775222133,0.0009610492775222133
patient,-0.0009598139508330487,0.0009598139508330487
huggingface,0.0009565751213463108,0.0009565751213463108
regards,-0.0009561584684466717,0.0009561584684466717
greek,0.0009555838273387612,0.0009555838273387612
together,0.0009541255835278625,0.0009541255835278625
management,-0.0009531653633633447,0.0009531653633633447
complaining,-0.0009516963816702693,0.0009516963816702693
import,-0.0009516551502213284,0.0009516551502213284
questionable,0.0009476130847008498,0.0009476130847008498
moment,0.000947403770612344,0.000947403770612344
president,0.0009460211764314734,0.0009460211764314734
abstraction,-0.0009457289643164789,0.0009457289643164789
experienced,-0.0009437693110324447,0.0009437693110324447
masked,0.0009410042492726607,0.0009410042492726607
war,0.0009400841273654567,0.0009400841273654567
sell,0.000939579714338076,0.000939579714338076
composition,-0.0009394016860140809,0.0009394016860140809
pays,-0.0009387902871368486,0.0009387902871368486
strange,-0.0009359618908566769,0.0009359618908566769
pair,-0.0009347136222566392,0.0009347136222566392
abortion,0.0009340693561732439,0.0009340693561732439
quantify,-0.0009339540058249289,0.0009339540058249289
calm,-0.0009338467740963379,0.0009338467740963379
far,-0.0009330943531394871,0.0009330943531394871
various,0.0009298173893694953,0.0009298173893694953
shapes,0.0009295524197649248,0.0009295524197649248
derived,-0.0009292771458628703,0.0009292771458628703
pushed,-0.0009289774338485788,0.0009289774338485788
rp,0.000926296168539923,0.000926296168539923
else,0.0009262596663703595,0.0009262596663703595
scraped,0.0009225547237356788,0.0009225547237356788
adobe,0.0009215678952361597,0.0009215678952361597
occasionally,0.0009202419015888293,0.0009202419015888293
edit,-0.0009200559198106055,0.0009200559198106055
initially,0.0009193663980743143,0.0009193663980743143
sticking,-0.000917660572353711,0.000917660572353711
let,-0.0009169093035350184,0.0009169093035350184
producers,-0.0009167004329153176,0.0009167004329153176
till,0.0009151487803684529,0.0009151487803684529
mental,-0.0009145812900345913,0.0009145812900345913
risk,0.000913284118875969,0.000913284118875969
ais,0.0009110479533571457,0.0009110479533571457
deployment,0.000907876541963714,0.000907876541963714
items,0.0009078442638587619,0.0009078442638587619
especially,-0.0009077719974048844,0.0009077719974048844
j,0.0009074627002751656,0.0009074627002751656
intellectual,0.0009053559930096085,0.0009053559930096085
position,0.000905187249669521,0.000905187249669521
64,0.0009041345198664766,0.0009041345198664766
simplistic,0.0009029629770227695,0.0009029629770227695
fundamentally,0.0009022703826960058,0.0009022703826960058
21,-0.0009019007952639661,0.0009019007952639661
discoveries,0.0009018546576801231,0.0009018546576801231
promises,0.0009012219153208529,0.0009012219153208529
openai,-0.0009012201247184476,0.0009012201247184476
n,0.0009010881397912878,0.0009010881397912878
fit,0.0009000961344973988,0.0009000961344973988
jack,0.0009000068718376973,0.0009000068718376973
incomplete,0.0008999053089221548,0.0008999053089221548
sighted,-0.0008984190979105729,0.0008984190979105729
penis,0.0008953976655467853,0.0008953976655467853
frontier,-0.0008953276909480595,0.0008953276909480595
spits,-0.0008946728351961581,0.0008946728351961581
surreal,0.0008944248611323559,0.0008944248611323559
racist,0.0008903034837655553,0.0008903034837655553
final,0.0008897583887930497,0.0008897583887930497
residential,-0.000889066206846669,0.000889066206846669
channels,-0.0008887087002493196,0.0008887087002493196
keywords,0.0008869316359382297,0.0008869316359382297
liking,0.0008857937022132124,0.0008857937022132124
renders,0.0008832437808715073,0.0008832437808715073
accountability,-0.0008832185274108278,0.0008832185274108278
vast,0.0008829351889304993,0.0008829351889304993
decades,0.0008820344809235204,0.0008820344809235204
emphasize,-0.0008795039473664161,0.0008795039473664161
bytes,0.0008790258346828567,0.0008790258346828567
quantum,0.0008789083419514495,0.0008789083419514495
europe,0.0008760884059744409,0.0008760884059744409
unrealistic,-0.0008757389223719715,0.0008757389223719715
carry,0.000875047051537209,0.000875047051537209
dot,0.000874609862020827,0.000874609862020827
symbols,0.0008721613756535243,0.0008721613756535243
purpose,0.0008719385258181792,0.0008719385258181792
dan,-0.0008717048107999236,0.0008717048107999236
subsidies,0.0008708590052786335,0.0008708590052786335
fan,-0.0008682552483296064,0.0008682552483296064
vastly,0.0008681160586004955,0.0008681160586004955
words,0.0008660948563025558,0.0008660948563025558
null,0.0008657469792221562,0.0008657469792221562
weight,-0.0008643443219292902,0.0008643443219292902
blue,-0.0008635313648764218,0.0008635313648764218
john,0.0008629621650181827,0.0008629621650181827
blatant,0.0008612783870123157,0.0008612783870123157
starting,0.0008595831237914632,0.0008595831237914632
replacement,-0.0008573840862550473,0.0008573840862550473
teeth,0.0008571149094621514,0.0008571149094621514
confirm,-0.0008569787458299999,0.0008569787458299999
json,0.0008550595521147753,0.0008550595521147753
age,0.0008546614250974424,0.0008546614250974424
fish,-0.0008505852077312165,0.0008505852077312165
plate,-0.00084963169718076,0.00084963169718076
represented,-0.0008480385639233317,0.0008480385639233317
fraud,0.0008476588225496501,0.0008476588225496501
pick,0.0008464546962759011,0.0008464546962759011
green,0.0008461019777525739,0.0008461019777525739
assure,-0.0008441203856687196,0.0008441203856687196
contains,0.0008420853828068334,0.0008420853828068334
claude,0.0008420027846913596,0.0008420027846913596
companion,-0.0008409059962898723,0.0008409059962898723
verify,-0.0008401763142341194,0.0008401763142341194
ratio,-0.0008395029333769747,0.0008395029333769747
upgrade,0.0008377183183045636,0.0008377183183045636
put,0.000835489799183858,0.000835489799183858
calculator,-0.0008349335260131991,0.0008349335260131991
details,0.0008311807579717842,0.0008311807579717842
interacting,-0.0008306395296095643,0.0008306395296095643
toilet,-0.0008304274433459333,0.0008304274433459333
dogs,0.00082975215790224,0.00082975215790224
merit,0.0008275164495860367,0.0008275164495860367
revolution,0.0008259625963490325,0.0008259625963490325
repair,-0.0008239574699681337,0.0008239574699681337
god,0.0008220748801997123,0.0008220748801997123
controlled,-0.0008210741255329965,0.0008210741255329965
lost,-0.0008210653678767823,0.0008210653678767823
smoothly,-0.0008208304764486403,0.0008208304764486403
printer,-0.0008207839893776005,0.0008207839893776005
basement,0.0008191195285336447,0.0008191195285336447
modifying,0.0008159292031244812,0.0008159292031244812
succeed,-0.0008151802282878885,0.0008151802282878885
moments,-0.0008151277757784316,0.0008151277757784316
amd,-0.0008148618236605267,0.0008148618236605267
build,-0.0008123510281710901,0.0008123510281710901
prone,-0.0008105400181471564,0.0008105400181471564
conference,-0.000807929402451702,0.000807929402451702
chatbot,0.0008057463759694576,0.0008057463759694576
c,0.0008054364174692303,0.0008054364174692303
safely,-0.0008053781857337711,0.0008053781857337711
bump,0.0008035553884407967,0.0008035553884407967
positions,-0.0008024727301948779,0.0008024727301948779
13b,-0.0008016990855465239,0.0008016990855465239
state,0.0008016313545102631,0.0008016313545102631
commenter,0.0008012790692361231,0.0008012790692361231
seven,-0.0007986594506913769,0.0007986594506913769
encouraging,-0.000798530912717297,0.000798530912717297
material,0.0007961651207590614,0.0007961651207590614
shall,-0.0007951833162374495,0.0007951833162374495
assistant,0.0007937206653769649,0.0007937206653769649
dad,0.0007927311345916057,0.0007927311345916057
regularly,-0.0007920820671373552,0.0007920820671373552
superintelligence,0.0007901844097456103,0.0007901844097456103
ex,0.0007892310266045455,0.0007892310266045455
wealthy,0.0007886492615616253,0.0007886492615616253
feasible,0.0007867473034372021,0.0007867473034372021
psa,0.0007843457001698873,0.0007843457001698873
versus,-0.0007840990940215495,0.0007840990940215495
job,0.0007799389283711952,0.0007799389283711952
necessary,0.0007772502282252419,0.0007772502282252419
implies,0.0007765196259521757,0.0007765196259521757
artists,0.0007761964302469265,0.0007761964302469265
warning,0.0007749549185124519,0.0007749549185124519
templates,-0.0007736150210208533,0.0007736150210208533
pressure,0.0007713620813633202,0.0007713620813633202
dna,0.0007685718359462066,0.0007685718359462066
reviewer,0.0007677962616524103,0.0007677962616524103
pointer,-0.0007667031369984591,0.0007667031369984591
produced,0.0007661068682848915,0.0007661068682848915
left,-0.0007659834900999194,0.0007659834900999194
snake,-0.0007659759357783116,0.0007659759357783116
framing,0.000763492095094985,0.000763492095094985
university,-0.0007630732418277883,0.0007630732418277883
signed,0.000762376635587717,0.000762376635587717
1500,-0.0007607986237846708,0.0007607986237846708
making,0.0007606764257044547,0.0007606764257044547
trains,0.000759404023015826,0.000759404023015826
mr,0.0007586547974125918,0.0007586547974125918
adetailer,-0.0007581288730818732,0.0007581288730818732
randomly,0.0007554332902927755,0.0007554332902927755
infinity,0.0007543576888135114,0.0007543576888135114
htm,0.0007542108497422649,0.0007542108497422649
effects,0.0007485643069337522,0.0007485643069337522
row,-0.0007484718098344025,0.0007484718098344025
soil,-0.0007478282223038437,0.0007478282223038437
passed,0.0007444845156119427,0.0007444845156119427
iron,-0.0007434533866225595,0.0007434533866225595
mod,0.0007422007418727223,0.0007422007418727223
write,-0.0007401985483723447,0.0007401985483723447
pop,0.0007400259093271586,0.0007400259093271586
presented,-0.0007393260673321382,0.0007393260673321382
development,0.0007340409363981428,0.0007340409363981428
digit,0.0007339466881370924,0.0007339466881370924
missions,0.0007338592579187138,0.0007338592579187138
agreed,-0.0007291162669775172,0.0007291162669775172
professionals,-0.0007281053364236059,0.0007281053364236059
14,0.0007279719059482367,0.0007279719059482367
crew,0.0007256626854796988,0.0007256626854796988
renewables,-0.0007234220358496258,0.0007234220358496258
driver,-0.0007229333544483577,0.0007229333544483577
batteries,-0.0007229290995542126,0.0007229290995542126
fees,-0.000721961059262819,0.000721961059262819
gay,-0.0007206239345974213,0.0007206239345974213
wide,0.0007205496148736702,0.0007205496148736702
convenient,0.0007194279320800794,0.0007194279320800794
explosion,-0.0007186648617146692,0.0007186648617146692
refactor,0.0007169996057288999,0.0007169996057288999
2m,-0.0007167020257674896,0.0007167020257674896
swift,-0.0007165161462443655,0.0007165161462443655
problem,-0.0007156504009745757,0.0007156504009745757
gaps,0.0007143982749297934,0.0007143982749297934
outside,-0.0007106665877972283,0.0007106665877972283
burned,-0.0007095512266929103,0.0007095512266929103
hurdle,0.0007094274162643249,0.0007094274162643249
textures,-0.0007089192146791164,0.0007089192146791164
challenge,0.0007076747750688731,0.0007076747750688731
nets,-0.0007069430065396169,0.0007069430065396169
mobility,-0.0007056462704656023,0.0007056462704656023
threat,0.0007029512708665772,0.0007029512708665772
suck,0.0007011581040001672,0.0007011581040001672
features,0.0006966761514560115,0.0006966761514560115
ion,-0.0006962611880259819,0.0006962611880259819
generally,-0.000695722665614889,0.000695722665614889
progression,0.0006940783071297591,0.0006940783071297591
meaning,-0.0006934858481466483,0.0006934858481466483
classification,0.0006905475410630858,0.0006905475410630858
frustrating,0.0006904798363738131,0.0006904798363738131
chaos,0.0006901281236482585,0.0006901281236482585
equity,0.0006880411026403194,0.0006880411026403194
typing,0.0006868486275200346,0.0006868486275200346
pedantic,-0.0006839085173202001,0.0006839085173202001
attacks,-0.0006824628927996014,0.0006824628927996014
depression,-0.0006794693798847184,0.0006794693798847184
content,-0.0006785160336824774,0.0006785160336824774
invest,-0.0006776978890502939,0.0006776978890502939
term,-0.000676834991285224,0.000676834991285224
sometimes,-0.0006753769911529405,0.0006753769911529405
outputs,-0.0006751231308122622,0.0006751231308122622
eastern,-0.0006750569729804772,0.0006750569729804772
meantime,0.0006748755175876853,0.0006748755175876853
postgres,0.0006746067722881914,0.0006746067722881914
golden,-0.0006700712322160366,0.0006700712322160366
detected,0.0006690202718998923,0.0006690202718998923
hydro,0.0006679269481800616,0.0006679269481800616
restart,-0.000666292834896224,0.000666292834896224
better,-0.0006638680730692177,0.0006638680730692177
acts,-0.0006625446646204946,0.0006625446646204946
anymore,-0.000660625026833057,0.000660625026833057
strength,0.0006595741912985791,0.0006595741912985791
fact,-0.0006582954570839181,0.0006582954570839181
afterwards,-0.0006565442646815612,0.0006565442646815612
0,-0.0006560203021453803,0.0006560203021453803
ability,0.0006550612096416671,0.0006550612096416671
british,-0.0006512834859686056,0.0006512834859686056
proofs,0.0006493759346090508,0.0006493759346090508
4o,0.0006482288607746223,0.0006482288607746223
exploration,0.0006472235277664413,0.0006472235277664413
robotic,-0.000646561784178767,0.000646561784178767
business,-0.0006438847150715768,0.0006438847150715768
lifespan,0.0006421765709360268,0.0006421765709360268
girl,-0.000641515485198005,0.000641515485198005
quit,-0.0006402855981840089,0.0006402855981840089
tea,0.0006373580933511618,0.0006373580933511618
monitoring,-0.0006363226097115649,0.0006363226097115649
usa,-0.0006355387522792825,0.0006355387522792825
explaining,0.0006345973992089492,0.0006345973992089492
directors,0.0006344815184141324,0.0006344815184141324
mexico,-0.000630792128728716,0.000630792128728716
managed,0.0006306398561356595,0.0006306398561356595
patterns,-0.0006300436148084451,0.0006300436148084451
workload,0.0006298580938671398,0.0006298580938671398
4060,-0.00062890992231783,0.00062890992231783
packaging,-0.0006286727489874548,0.0006286727489874548
alpha,0.0006272642862444127,0.0006272642862444127
unreal,-0.0006262979180394351,0.0006262979180394351
ev,-0.0006197646912632713,0.0006197646912632713
oblivion,-0.000615423694049117,0.000615423694049117
exposure,0.0006144168141966798,0.0006144168141966798
expertise,0.0006138036239090255,0.0006138036239090255
steps,0.0006128317330768764,0.0006128317330768764
creates,0.0006104075251853168,0.0006104075251853168
capability,0.0006084347656495983,0.0006084347656495983
patience,0.0006070551581812205,0.0006070551581812205
gap,0.0006070341374948071,0.0006070341374948071
clone,0.0006056203297279909,0.0006056203297279909
cross,0.0006022256910059127,0.0006022256910059127
1000,-0.0006021816901320793,0.0006021816901320793
80s,0.000600482759548934,0.000600482759548934
env,0.000598158775563917,0.000598158775563917
method,-0.0005977300487136733,0.0005977300487136733
transcription,-0.0005973321544336126,0.0005973321544336126
remembers,-0.0005951193848229096,0.0005951193848229096
techno,-0.0005943594908140436,0.0005943594908140436
ted,-0.0005913518207711818,0.0005913518207711818
passion,-0.0005911241315100794,0.0005911241315100794
rank,-0.0005903989875831764,0.0005903989875831764
expert,0.000590051754634577,0.000590051754634577
historical,0.0005854715775474252,0.0005854715775474252
10k,-0.0005837222719532203,0.0005837222719532203
dumbest,-0.0005819101598221437,0.0005819101598221437
medical,-0.0005809754574867331,0.0005809754574867331
happily,0.0005795218659908284,0.0005795218659908284
brown,0.0005785140353984557,0.0005785140353984557
touching,0.0005753778407540469,0.0005753778407540469
tough,0.0005744582419489261,0.0005744582419489261
enhancing,0.00057308003858224,0.00057308003858224
cheap,0.000569928452073058,0.000569928452073058
azure,0.0005698590276705762,0.0005698590276705762
essential,0.000569754049998185,0.000569754049998185
scan,0.0005677428516327085,0.0005677428516327085
request,0.0005664432858802832,0.0005664432858802832
intervention,0.0005656293310255676,0.0005656293310255676
gave,0.000563426071573297,0.000563426071573297
2x,-0.0005629236884450205,0.0005629236884450205
authentic,-0.000555744662233609,0.000555744662233609
destroyed,-0.0005555295363315437,0.0005555295363315437
errors,-0.0005554599390440691,0.0005554599390440691
sdxl,0.0005550936521604155,0.0005550936521604155
reasoning,0.0005536277333164221,0.0005536277333164221
remindmebot,-0.0005526021502129217,0.0005526021502129217
long,0.0005496485717102536,0.0005496485717102536
guitar,-0.0005479845082743649,0.0005479845082743649
cave,-0.0005466231175299979,0.0005466231175299979
picking,-0.000546033507754853,0.000546033507754853
collect,-0.0005454296833575466,0.0005454296833575466
adding,0.0005440390060050639,0.0005440390060050639
maintaining,0.0005429507370106214,0.0005429507370106214
devices,-0.0005405273618741912,0.0005405273618741912
improve,0.0005402323798095179,0.0005402323798095179
differences,-0.000540176635030687,0.000540176635030687
implemented,0.0005400167177217171,0.0005400167177217171
designers,0.0005370463482280726,0.0005370463482280726
greenhouse,0.0005358822139494349,0.0005358822139494349
cooking,0.0005347247388207367,0.0005347247388207367
canadian,0.0005320509033802239,0.0005320509033802239
true,0.0005305750941604114,0.0005305750941604114
putting,0.0005293555822460797,0.0005293555822460797
fertility,0.0005282009276227919,0.0005282009276227919
conspiracy,-0.0005276202127954532,0.0005276202127954532
motion,0.0005256508941634809,0.0005256508941634809
committing,-0.0005230311257098503,0.0005230311257098503
temperatures,-0.0005202635946361393,0.0005202635946361393
draft,0.0005200418434816595,0.0005200418434816595
fallen,-0.0005191344956741023,0.0005191344956741023
severe,0.0005152891264548897,0.0005152891264548897
boot,-0.000513278535111737,0.000513278535111737
efficiency,0.0005127779660444976,0.0005127779660444976
developing,0.0005125229953754422,0.0005125229953754422
failed,-0.0005121479539360875,0.0005121479539360875
bye,0.0005114073442235132,0.0005114073442235132
fully,-0.0005109687149359639,0.0005109687149359639
subs,0.0005102371543426333,0.0005102371543426333
maps,-0.0005099190115313149,0.0005099190115313149
sooo,-0.0005095658153717027,0.0005095658153717027
font,0.0005090727468152993,0.0005090727468152993
cultural,0.000500342193343116,0.000500342193343116
repositories,-0.0004994736050689606,0.0004994736050689606
francisco,-0.0004991372524148072,0.0004991372524148072
fwiw,-0.0004981465518184449,0.0004981465518184449
widespread,-0.0004954985650706836,0.0004954985650706836
initial,0.0004929168276996646,0.0004929168276996646
migration,0.0004872936969189962,0.0004872936969189962
descriptions,0.00048544949333612634,0.00048544949333612634
signals,0.00048521112400032063,0.00048521112400032063
styles,-0.0004830612490620102,0.0004830612490620102
sci,0.0004815636040758935,0.0004815636040758935
slap,0.000480962158851859,0.000480962158851859
rigorous,0.00047698396159607127,0.00047698396159607127
makers,0.0004758825914838833,0.0004758825914838833
website,0.00046691957341777647,0.00046691957341777647
restrict,-0.000463818711051102,0.000463818711051102
suit,0.00046359679319471237,0.00046359679319471237
killing,-0.00046355854650774106,0.00046355854650774106
guidance,-0.00046334173312664433,0.00046334173312664433
reward,-0.00046234007281300605,0.00046234007281300605
protected,0.0004611849688065115,0.0004611849688065115
q8,-0.000458898050481691,0.000458898050481691
hunting,0.0004582626844820735,0.0004582626844820735
ethical,-0.00045698750520439834,0.00045698750520439834
scientific,-0.0004569321460770974,0.0004569321460770974
running,-0.00045570515114132335,0.00045570515114132335
swe,-0.00045562269734629376,0.00045562269734629376
omg,0.0004540962324558802,0.0004540962324558802
doors,0.00045239184220200433,0.00045239184220200433
simplest,0.0004514653855349276,0.0004514653855349276
priorities,0.0004510574601323975,0.0004510574601323975
token,0.00045045451385800284,0.00045045451385800284
memes,-0.0004499864516786895,0.0004499864516786895
smallest,0.00044980085561729987,0.00044980085561729987
react,-0.0004485811089426514,0.0004485811089426514
differentiate,-0.0004482183478943129,0.0004482183478943129
corporation,-0.00044267695711831405,0.00044267695711831405
permanently,0.00044230649389965425,0.00044230649389965425
deck,0.0004412389880717707,0.0004412389880717707
duty,-0.00043968670909313735,0.00043968670909313735
measuring,0.0004394650233165442,0.0004394650233165442
like,-0.00043860002992979544,0.00043860002992979544
extrapolate,-0.000437242062133909,0.000437242062133909
log,0.0004370064796601733,0.0004370064796601733
autonomous,0.00043626503847270405,0.00043626503847270405
santa,0.0004351749128465637,0.0004351749128465637
manner,0.0004308469426618278,0.0004308469426618278
character,0.0004284243107061339,0.0004284243107061339
happening,-0.0004264534246244811,0.0004264534246244811
documentation,-0.0004264194571535502,0.0004264194571535502
v0,-0.00041981771391874396,0.00041981771391874396
cheating,0.0004167026067692436,0.0004167026067692436
drag,0.00041606854887940977,0.00041606854887940977
ip,-0.00041568606874636707,0.00041568606874636707
negative,0.0004138362980097926,0.0004138362980097926
tank,-0.0004131248501491541,0.0004131248501491541
mimicking,0.0004128197994313269,0.0004128197994313269
egg,0.00041252547770447484,0.00041252547770447484
legal,0.0004121955642362675,0.0004121955642362675
immune,0.00040739821199966376,0.00040739821199966376
break,0.00040624202740674513,0.00040624202740674513
wing,-0.0004059031842485219,0.0004059031842485219
nih,0.0004050575734366594,0.0004050575734366594
shows,0.0004036598321309772,0.0004036598321309772
hair,0.000402171185325377,0.000402171185325377
expression,-0.00040168232966721615,0.00040168232966721615
even,0.00040062826131295694,0.00040062826131295694
pension,-0.0003992092970383633,0.0003992092970383633
novels,-0.0003982734235108558,0.0003982734235108558
y,-0.0003960098187306637,0.0003960098187306637
labs,0.0003959822273643213,0.0003959822273643213
syntax,0.0003953158974620205,0.0003953158974620205
scarlet,0.0003951646472009441,0.0003951646472009441
healthcare,0.00039349151377176,0.00039349151377176
journals,-0.00039152651702311324,0.00039152651702311324
text,-0.0003909741416829902,0.0003909741416829902
estimation,0.00039089644670263376,0.00039089644670263376
tree,-0.0003904604366082141,0.0003904604366082141
insist,-0.00038955207768929953,0.00038955207768929953
nailed,0.00038935223141877936,0.00038935223141877936
attribute,-0.0003884790748009188,0.0003884790748009188
kotlin,0.00038846557116525897,0.00038846557116525897
fitting,0.0003862921374574861,0.0003862921374574861
holds,-0.00038239813741395597,0.00038239813741395597
gens,0.0003814899948129258,0.0003814899948129258
nyt,0.0003807800774722587,0.0003807800774722587
7,0.000379215227270196,0.000379215227270196
valid,0.0003751417865880825,0.0003751417865880825
faster,-0.00037392777114016895,0.00037392777114016895
document,0.00037389333708069016,0.00037389333708069016
wages,0.00037360048359716836,0.00037360048359716836
coin,-0.00037211081017746037,0.00037211081017746037
players,-0.00037061476306530665,0.00037061476306530665
information,-0.00036895667457843774,0.00036895667457843774
tested,0.00036839962792470306,0.00036839962792470306
died,-0.000366093994623217,0.000366093994623217
ride,0.0003658480806881794,0.0003658480806881794
09,-0.0003655840811406413,0.0003655840811406413
roughly,0.0003650528332086624,0.0003650528332086624
bound,-0.0003647432864146389,0.0003647432864146389
widely,0.00036180106368336324,0.00036180106368336324
picture,-0.00036052323758345705,0.00036052323758345705
reactor,0.00035600274917334815,0.00035600274917334815
barely,0.00035559256665088236,0.00035559256665088236
reader,0.00035301313240531046,0.00035301313240531046
logical,0.00035101232606148136,0.00035101232606148136
costing,0.000350626079292102,0.000350626079292102
automated,0.0003496803830934727,0.0003496803830934727
caused,-0.0003491534734113096,0.0003491534734113096
combine,0.0003486738806461618,0.0003486738806461618
sequences,-0.0003455552595465955,0.0003455552595465955
headset,-0.0003434865940422943,0.0003434865940422943
waves,0.0003396939356721624,0.0003396939356721624
concrete,0.00033867254443699715,0.00033867254443699715
fourth,0.00033685394791488214,0.00033685394791488214
rental,-0.00033093770033533677,0.00033093770033533677
societies,0.00033045421293110004,0.00033045421293110004
illusion,-0.0003302813799944392,0.0003302813799944392
chemistry,0.00033023008311360903,0.00033023008311360903
trait,-0.0003270198233944026,0.0003270198233944026
fresh,-0.0003256242144468732,0.0003256242144468732
scam,0.00032151361559836086,0.00032151361559836086
made,0.00032146537964043286,0.00032146537964043286
visualize,-0.00031920064352735196,0.00031920064352735196
align,0.0003173829964904167,0.0003173829964904167
nuance,0.00031433225270897317,0.00031433225270897317
basic,0.0003132187986285674,0.0003132187986285674
foods,-0.0003103213219524989,0.0003103213219524989
reduces,-0.00030918899835031866,0.00030918899835031866
artist,-0.0003085386690946194,0.0003085386690946194
8x7b,-0.00030794728038180966,0.00030794728038180966
never,0.0003078728045911508,0.0003078728045911508
daughter,-0.00030724393308969775,0.00030724393308969775
scarcity,-0.00030618559473125453,0.00030618559473125453
search,-0.00030522430385395853,0.00030522430385395853
recognize,-0.0003044731773567079,0.0003044731773567079
contrary,-0.00030316130668103114,0.00030316130668103114
thermal,-0.00029904387319392854,0.00029904387319392854
materials,0.0002980072241890948,0.0002980072241890948
grows,0.000296222123692008,0.000296222123692008
solving,-0.00029226656380360386,0.00029226656380360386
scans,-0.00028960380596962273,0.00028960380596962273
combining,0.00028755346182500095,0.00028755346182500095
fi,-0.0002872717866243407,0.0002872717866243407
h,-0.0002868428966381507,0.0002868428966381507
4096,-0.000286589093376172,0.000286589093376172
01,0.00028632005259163966,0.00028632005259163966
work,-0.00028528422787985427,0.00028528422787985427
done,-0.00028517138167339533,0.00028517138167339533
mutual,-0.00028368257914427843,0.00028368257914427843
responses,-0.00028245332828401976,0.00028245332828401976
power,0.00027985417615273634,0.00027985417615273634
norms,0.00027742342553818005,0.00027742342553818005
carbon,0.0002770014406012726,0.0002770014406012726
end,-0.0002745516610904478,0.0002745516610904478
badly,0.00026991615377200184,0.00026991615377200184
aggregate,-0.0002687055224155384,0.0002687055224155384
3090s,-0.00026855494077021174,0.00026855494077021174
adoption,0.0002684483493950342,0.0002684483493950342
part,-0.000268139400523184,0.000268139400523184
handful,0.0002680310169522756,0.0002680310169522756
20of,-0.0002671415173618833,0.0002671415173618833
systems,-0.0002660949019750017,0.0002660949019750017
load,-0.0002660690722489272,0.0002660690722489272
symptoms,0.00026510879234509536,0.00026510879234509536
governance,-0.0002644223017181466,0.0002644223017181466
achieve,-0.0002618246293071244,0.0002618246293071244
llama,0.00026059620504759987,0.00026059620504759987
restricted,-0.00025882270653857973,0.00025882270653857973
taste,-0.00025732852889469147,0.00025732852889469147
old,0.00025358678104120706,0.00025358678104120706
faith,0.00025228528640056726,0.00025228528640056726
towards,0.00024872592531668974,0.00024872592531668974
letter,0.00024849416192785517,0.00024849416192785517
threatened,-0.0002478297644039425,0.0002478297644039425
sorry,-0.0002462180233391407,0.0002462180233391407
specifically,-0.0002458654425921977,0.0002458654425921977
constraints,-0.0002449195923770307,0.0002449195923770307
forcing,-0.00024380277756399254,0.00024380277756399254
rather,-0.00024294400778808006,0.00024294400778808006
whether,0.0002395808366481505,0.0002395808366481505
whoever,0.000239449417503311,0.000239449417503311
neural,-0.00023924650139580273,0.00023924650139580273
ruled,-0.00023845466745606132,0.00023845466745606132
hasn,-0.00023360485598123784,0.00023360485598123784
peers,0.00023189084285559375,0.00023189084285559375
kill,-0.00023125231557866014,0.00023125231557866014
americans,0.00023055175018932424,0.00023055175018932424
mess,-0.00023007721344698483,0.00023007721344698483
aircraft,0.00022919082794229585,0.00022919082794229585
meeting,0.0002277188750587114,0.0002277188750587114
algorithms,-0.00022637562799114188,0.00022637562799114188
moved,-0.00022399691782169366,0.00022399691782169366
hearing,-0.00022359973066588554,0.00022359973066588554
super,-0.00022349964109926476,0.00022349964109926476
represents,0.00022266787838117938,0.00022266787838117938
advocate,0.00022244929456204215,0.00022244929456204215
eggs,-0.00022095545269047682,0.00022095545269047682
responsible,-0.00022033625124251167,0.00022033625124251167
impacts,-0.00021941528218268427,0.00021941528218268427
trusted,0.00021936101511399887,0.00021936101511399887
interaction,-0.00021916734468642687,0.00021916734468642687
decline,-0.0002187493651825879,0.0002187493651825879
economist,0.00021797094685307829,0.00021797094685307829
applied,0.0002178182917092686,0.0002178182917092686
messages,0.00021699076531049626,0.00021699076531049626
staff,0.00021520187113757688,0.00021520187113757688
skilled,0.0002097140443328008,0.0002097140443328008
realities,0.0002094773772755292,0.0002094773772755292
immortal,-0.00020809336279537855,0.00020809336279537855
mongering,-0.00020692458616058495,0.00020692458616058495
painting,-0.00020261093602913535,0.00020261093602913535
spotify,0.00020258886765044028,0.00020258886765044028
small,0.00020220276297518256,0.00020220276297518256
expected,0.00020121364766425588,0.00020121364766425588
alone,-0.00020072298423229925,0.00020072298423229925
resistance,0.0001996785114454069,0.0001996785114454069
hand,-0.00019673048762575978,0.00019673048762575978
approve,0.00019640010432238111,0.00019640010432238111
bit,0.00019611466110940312,0.00019611466110940312
shoulder,-0.0001953120299153789,0.0001953120299153789
pressing,-0.00019498339811674983,0.00019498339811674983
predicting,0.00019277353805182752,0.00019277353805182752
minority,0.00019151327298128724,0.00019151327298128724
word,0.00019043017149731768,0.00019043017149731768
theory,-0.00018861691953481592,0.00018861691953481592
mask,0.00018574968666644536,0.00018574968666644536
low,-0.00018261086407148465,0.00018261086407148465
snow,0.0001794514203293177,0.0001794514203293177
section,-0.00017803267242535878,0.00017803267242535878
yellow,0.00017738608891615227,0.00017738608891615227
called,0.00017715344049648674,0.00017715344049648674
rich,-0.00017535955137965915,0.00017535955137965915
mouth,-0.00017413748629300057,0.00017413748629300057
intended,-0.00017332427312463598,0.00017332427312463598
comfy,-0.00017110327629504943,0.00017110327629504943
fossil,0.0001706967668816778,0.0001706967668816778
invisible,-0.00016992791771699973,0.00016992791771699973
billions,-0.00016900919877513892,0.00016900919877513892
vibrant,0.00016676727488139988,0.00016676727488139988
hear,0.00016643425059022774,0.00016643425059022774
limbs,-0.0001642971338511989,0.0001642971338511989
surely,0.00016374989218441565,0.00016374989218441565
came,-0.00016357636297256427,0.00016357636297256427
interface,-0.00016188017914116562,0.00016188017914116562
billion,-0.00016108739276459962,0.00016108739276459962
programmer,-0.00016056857178124256,0.00016056857178124256
substantially,-0.00015926849300715637,0.00015926849300715637
kills,0.00015811598147683753,0.00015811598147683753
labor,-0.0001571498338926797,0.0001571498338926797
foundational,0.00015597072744845487,0.00015597072744845487
dalle,-0.00015585644675735608,0.00015585644675735608
hallucinations,-0.00015468818041239097,0.00015468818041239097
cognitive,0.0001505225439720628,0.0001505225439720628
ww2,0.00015044635507974213,0.00015044635507974213
much,0.00014974300344008094,0.00014974300344008094
llamacpp,-0.0001470501759215902,0.0001470501759215902
numbers,-0.00014578230266176767,0.00014578230266176767
proxy,0.00014525742851871488,0.00014525742851871488
fidelity,0.000143317530914421,0.000143317530914421
dishonest,-0.0001429816976657437,0.0001429816976657437
someone,-0.00014019264039118835,0.00014019264039118835
eliminate,0.0001392421345589146,0.0001392421345589146
workers,0.0001374583911120537,0.0001374583911120537
general,-0.00013721690817056036,0.00013721690817056036
survive,-0.00013709150231827518,0.00013709150231827518
rate,-0.00013656039920377286,0.00013656039920377286
dude,-0.0001365438740899548,0.0001365438740899548
walmart,-0.00013520399002518412,0.00013520399002518412
highlight,0.00013454611856395884,0.00013454611856395884
poverty,0.00013410041301127953,0.00013410041301127953
trusting,0.00013109515676925002,0.00013109515676925002
contents,0.00012716142535086104,0.00012716142535086104
weigh,0.00012672605622276746,0.00012672605622276746
secrets,0.00012392390944124522,0.00012392390944124522
taylor,-0.00012304534325628197,0.00012304534325628197
pit,0.00012304095946698648,0.00012304095946698648
infringement,-0.00012279852635334958,0.00012279852635334958
ate,-0.00012148584848824411,0.00012148584848824411
accomplish,-0.00011534915603846586,0.00011534915603846586
pulling,0.00011471172049649327,0.00011471172049649327
zoom,-0.0001144599671867747,0.0001144599671867747
curing,-0.0001126592992371714,0.0001126592992371714
battery,-0.00011096399167759466,0.00011096399167759466
investment,0.00011080871494242938,0.00011080871494242938
effective,-0.00011046680114811356,0.00011046680114811356
toward,-0.00010948380415587058,0.00010948380415587058
electrical,0.000108571650716644,0.000108571650716644
design,0.00010830047624085772,0.00010830047624085772
doesn,0.00010723708433271878,0.00010723708433271878
european,0.00010701197786351748,0.00010701197786351748
refiner,-0.00010693732843983055,0.00010693732843983055
magnetic,0.00010669418948151214,0.00010669418948151214
buildings,-0.00010384874484359869,0.00010384874484359869
media,9.554060548029262e-05,9.554060548029262e-05
_,9.323493022095125e-05,9.323493022095125e-05
cpp,8.810803120341692e-05,8.810803120341692e-05
globally,-8.798712071004151e-05,8.798712071004151e-05
70,8.759204569884649e-05,8.759204569884649e-05
bob,-8.716165412684259e-05,8.716165412684259e-05
tend,8.692039545579216e-05,8.692039545579216e-05
forecast,8.678955401337803e-05,8.678955401337803e-05
common,8.48420453812022e-05,8.48420453812022e-05
slowed,8.243828790222371e-05,8.243828790222371e-05
bird,-8.116509116159695e-05,8.116509116159695e-05
boston,-8.035772398549997e-05,8.035772398549997e-05
daily,7.471270474304346e-05,7.471270474304346e-05
bags,7.371413219934065e-05,7.371413219934065e-05
gaussian,7.368346228017907e-05,7.368346228017907e-05
specialized,-7.255732368797332e-05,7.255732368797332e-05
requires,7.236183162142386e-05,7.236183162142386e-05
value,-7.098330547183987e-05,7.098330547183987e-05
practice,-6.671233247580036e-05,6.671233247580036e-05
songs,-6.247360439440911e-05,6.247360439440911e-05
modifications,6.015342748212856e-05,6.015342748212856e-05
violence,-5.876308943475348e-05,5.876308943475348e-05
reliability,5.545921255820866e-05,5.545921255820866e-05
estimates,-5.523541279944986e-05,5.523541279944986e-05
spin,5.4774282664070686e-05,5.4774282664070686e-05
return,-5.326990762895525e-05,5.326990762895525e-05
ft,-5.299902036853713e-05,5.299902036853713e-05
kwh,5.284228276096863e-05,5.284228276096863e-05
da,-5.240601240205763e-05,5.240601240205763e-05
avoiding,-5.2211113951779563e-05,5.2211113951779563e-05
considering,-5.111218598761923e-05,5.111218598761923e-05
wrote,5.0974438536794135e-05,5.0974438536794135e-05
olds,5.020670188593053e-05,5.020670188593053e-05
categories,-4.8113301408231366e-05,4.8113301408231366e-05
frustration,4.508615828959554e-05,4.508615828959554e-05
surplus,4.230264928174727e-05,4.230264928174727e-05
soldiers,-3.7396433728159066e-05,3.7396433728159066e-05
party,3.667785130979026e-05,3.667785130979026e-05
00,3.639877026250853e-05,3.639877026250853e-05
iteration,3.583796875936826e-05,3.583796875936826e-05
gone,3.455314734665202e-05,3.455314734665202e-05
th,3.302030695979638e-05,3.302030695979638e-05
psychology,-3.298735794556309e-05,3.298735794556309e-05
equation,-2.9898441487752573e-05,2.9898441487752573e-05
et,-2.9449502965572144e-05,2.9449502965572144e-05
zero,-2.8700307353320915e-05,2.8700307353320915e-05
focusing,-2.7146554725172475e-05,2.7146554725172475e-05
intel,2.690392579266656e-05,2.690392579266656e-05
hoping,2.66641019591699e-05,2.66641019591699e-05
bread,-2.6117335608848147e-05,2.6117335608848147e-05
voice,2.1864152057483717e-05,2.1864152057483717e-05
assistants,2.0961863576675757e-05,2.0961863576675757e-05
threads,-2.043713082244809e-05,2.043713082244809e-05
points,-1.8857345603742807e-05,1.8857345603742807e-05
aside,-1.7385347479607547e-05,1.7385347479607547e-05
danger,1.7266904628965037e-05,1.7266904628965037e-05
console,-1.7159016069269023e-05,1.7159016069269023e-05
4,-1.5443521706182904e-05,1.5443521706182904e-05
sentences,-1.461950277363942e-05,1.461950277363942e-05
rows,7.318522422072934e-06,7.318522422072934e-06
wasted,4.131470116855876e-06,4.131470116855876e-06
discovered,1.455243077922671e-06,1.455243077922671e-06
inch,-1.0326690102951278e-06,1.0326690102951278e-06
2nd,-9.274622773778948e-07,9.274622773778948e-07
